{"type": "FeatureCollection", "features": [{"type": "Feature", "properties": {"N03_001": "青森県", "N03_002": null, "N03_003": null, "N03_004": "青森市", "N03_007": "02201", "id": "gci:02201A1968", "code": "02201", "name": "青森市"}, "geometry": {"type": "MultiPolygon", "coordinates": [[[[140.850529, 40.89692], [140.852139, 40.895354], [140.8488, 40.894187], [140.847087, 40.895728], [140.848326, 40.897571], [140.850529, 40.89692]]], [[[140.660792, 40.948453], [140.662469, 40.94074], [140.665889, 40.931682], [140.668096, 40.927384], [140.672795, 40.91033], [140.674462, 40.905883], [140.675806, 40.895917], [140.67733, 40.892976], [140.67693, 40.889464], [140.682966, 40.875172], [140.68697, 40.867735], [140.691915, 40.860406], [140.695032, 40.858329], [140.703616, 40.850264], [140.706499, 40.848701], [140.708059, 40.850403], [140.714227, 40.847203], [140.718643, 40.842982], [140.720438, 40.843348], [140.727591, 40.836873], [140.734429, 40.83322], [140.73206, 40.83268], [140.732941, 40.830214], [140.733917, 40.832456], [140.738527, 40.834058], [140.735473, 40.830036], [140.740788, 40.830992], [140.745408, 40.829971], [140.745719, 40.834509], [140.747917, 40.834403], [140.748542, 40.832245], [140.746766, 40.830155], [140.751589, 40.829966], [140.75528, 40.831866], [140.756648, 40.83041], [140.759568, 40.834674], [140.761432, 40.835303], [140.764415, 40.833612], [140.775461, 40.83302], [140.775364, 40.831732], [140.780393, 40.831878], [140.789072, 40.833811], [140.788833, 40.834834], [140.793143, 40.836354], [140.795014, 40.835929], [140.80173, 40.839346], [140.809724, 40.844703], [140.813378, 40.849018], [140.819231, 40.852739], [140.821899, 40.85636], [140.82233, 40.860886], [140.825536, 40.860854], [140.830278, 40.865323], [140.834885, 40.866535], [140.833882, 40.868909], [140.83489, 40.872119], [140.842018, 40.873785], [140.841811, 40.872107], [140.845353, 40.873096], [140.849663, 40.877936], [140.84996, 40.8833], [140.853239, 40.885248], [140.857629, 40.886448], [140.860398, 40.889085], [140.858914, 40.890353], [140.86042, 40.893525], [140.858057, 40.900728], [140.854913, 40.903314], [140.858916, 40.903953], [140.861338, 40.902705], [140.867673, 40.903028], [140.872473, 40.900841], [140.876144, 40.900748], [140.881431, 40.90234], [140.883002, 40.897066], [140.88515, 40.896064], [140.889847, 40.895756], [140.88826, 40.893526], [140.888282, 40.889429], [140.893816, 40.887084], [140.8921, 40.884687], [140.89651, 40.879399], [140.903124, 40.876026], [140.905423, 40.872863], [140.910263, 40.871468], [140.912672, 40.867415], [140.912989, 40.864808], [140.919073, 40.863199], [140.922703, 40.860756], [140.924045, 40.858501], [140.93129, 40.856198], [140.933414, 40.851386], [140.930051, 40.845477], [140.93228, 40.842805], [140.93829, 40.842509], [140.941961, 40.838743], [140.950113, 40.837004], [140.95614, 40.830408], [140.95628, 40.825468], [140.954573, 40.820948], [140.954866, 40.817952], [140.957707, 40.817706], [140.960229, 40.815198], [140.968267, 40.814505], [140.977313, 40.807253], [140.980609, 40.806185], [140.980943, 40.802437], [140.976751, 40.800785], [140.976675, 40.793998], [140.975624, 40.791666], [140.972385, 40.789489], [140.970228, 40.78665], [140.965717, 40.785033], [140.958112, 40.78003], [140.960356, 40.776602], [140.96111, 40.772737], [140.955631, 40.768242], [140.95342, 40.765573], [140.944925, 40.763379], [140.940226, 40.760801], [140.939544, 40.759498], [140.933543, 40.759819], [140.93012, 40.761174], [140.920258, 40.761697], [140.918068, 40.760846], [140.91642, 40.756749], [140.910528, 40.75706], [140.905709, 40.751047], [140.906258, 40.746616], [140.901915, 40.743471], [140.901233, 40.738358], [140.906607, 40.731861], [140.909844, 40.729171], [140.915637, 40.729686], [140.919947, 40.726293], [140.923343, 40.727195], [140.926316, 40.726664], [140.929174, 40.721611], [140.932916, 40.7205], [140.939177, 40.721531], [140.946166, 40.719732], [140.95317, 40.718696], [140.95953, 40.713435], [140.963025, 40.713166], [140.963623, 40.709655], [140.966434, 40.706761], [140.970018, 40.705831], [140.975324, 40.699329], [140.978967, 40.697617], [140.974214, 40.693577], [140.971047, 40.693324], [140.96983, 40.69142], [140.970103, 40.68815], [140.967568, 40.681997], [140.969024, 40.678874], [140.967216, 40.675436], [140.968246, 40.674165], [140.965966, 40.670435], [140.963468, 40.670059], [140.959744, 40.665251], [140.959305, 40.662649], [140.96076, 40.658214], [140.956215, 40.655982], [140.956519, 40.652279], [140.954809, 40.649494], [140.954995, 40.646991], [140.945694, 40.645368], [140.938943, 40.642903], [140.932885, 40.643543], [140.930509, 40.645051], [140.921009, 40.645427], [140.915152, 40.648865], [140.911424, 40.652753], [140.904833, 40.654245], [140.896775, 40.654366], [140.886927, 40.653172], [140.88012, 40.657067], [140.877598, 40.657396], [140.877318, 40.654884], [140.879309, 40.653441], [140.876286, 40.646537], [140.883793, 40.640666], [140.883693, 40.635559], [140.882657, 40.633182], [140.879499, 40.629913], [140.876225, 40.623817], [140.876686, 40.613885], [140.871365, 40.612952], [140.869098, 40.610749], [140.862916, 40.60964], [140.859006, 40.610214], [140.852801, 40.609411], [140.844267, 40.605921], [140.84385, 40.612129], [140.838161, 40.613694], [140.836074, 40.616455], [140.831288, 40.62011], [140.827815, 40.620441], [140.827855, 40.623776], [140.826058, 40.624277], [140.818665, 40.633226], [140.813168, 40.638595], [140.81158, 40.640998], [140.805873, 40.645245], [140.797566, 40.648095], [140.79348, 40.647506], [140.7862, 40.649263], [140.780201, 40.655165], [140.775651, 40.655774], [140.769232, 40.663903], [140.766402, 40.665939], [140.764074, 40.666046], [140.760945, 40.660925], [140.751733, 40.663025], [140.740513, 40.661049], [140.731863, 40.662799], [140.729684, 40.666282], [140.723246, 40.665843], [140.721716, 40.664206], [140.716917, 40.663655], [140.716244, 40.662185], [140.705542, 40.661763], [140.702906, 40.657435], [140.701394, 40.656878], [140.695462, 40.660519], [140.691231, 40.658318], [140.68431, 40.659258], [140.676991, 40.658374], [140.670839, 40.656646], [140.66527, 40.657795], [140.6586, 40.662168], [140.656896, 40.665864], [140.652217, 40.670142], [140.648587, 40.671887], [140.645018, 40.674931], [140.640837, 40.677071], [140.636053, 40.683669], [140.636272, 40.68799], [140.633747, 40.690016], [140.622879, 40.687522], [140.618178, 40.687248], [140.612957, 40.688384], [140.613034, 40.689437], [140.606683, 40.689713], [140.602825, 40.690741], [140.602902, 40.691887], [140.596601, 40.691401], [140.58233, 40.689479], [140.578246, 40.687317], [140.571899, 40.689427], [140.567832, 40.687862], [140.562897, 40.688555], [140.559182, 40.688064], [140.555764, 40.684856], [140.555373, 40.680654], [140.556221, 40.678606], [140.554241, 40.676999], [140.551564, 40.670723], [140.550329, 40.669712], [140.548897, 40.674074], [140.544271, 40.677119], [140.544651, 40.679483], [140.541449, 40.683149], [140.543261, 40.684596], [140.540164, 40.687118], [140.545348, 40.686727], [140.546329, 40.69476], [140.548753, 40.69548], [140.547064, 40.700284], [140.536917, 40.705991], [140.532928, 40.711476], [140.527775, 40.715821], [140.525137, 40.719897], [140.521127, 40.721957], [140.522381, 40.726462], [140.520239, 40.729689], [140.523507, 40.729325], [140.527567, 40.730607], [140.523935, 40.736927], [140.527685, 40.738165], [140.529908, 40.736662], [140.535391, 40.73758], [140.538676, 40.739235], [140.541917, 40.744001], [140.544605, 40.746441], [140.544308, 40.743415], [140.545921, 40.742952], [140.548808, 40.746809], [140.555683, 40.748398], [140.55753, 40.753967], [140.556487, 40.755315], [140.558223, 40.757497], [140.563594, 40.760623], [140.570334, 40.759426], [140.573444, 40.760562], [140.577577, 40.765074], [140.578012, 40.767086], [140.57511, 40.774746], [140.57278, 40.775899], [140.572096, 40.780039], [140.57611, 40.785713], [140.576379, 40.788162], [140.573036, 40.791462], [140.572867, 40.793619], [140.57493, 40.796801], [140.57742, 40.797423], [140.574482, 40.801386], [140.574406, 40.805989], [140.575634, 40.807452], [140.57356, 40.809859], [140.577509, 40.814981], [140.577074, 40.819438], [140.577719, 40.826271], [140.577199, 40.828973], [140.581987, 40.832894], [140.579909, 40.840957], [140.585099, 40.843551], [140.58723, 40.848837], [140.588769, 40.849066], [140.590032, 40.853191], [140.588425, 40.857993], [140.591529, 40.861817], [140.592101, 40.868605], [140.589912, 40.869846], [140.591638, 40.870879], [140.590749, 40.875874], [140.588961, 40.876706], [140.587757, 40.879997], [140.58989, 40.883304], [140.585984, 40.886269], [140.586419, 40.888097], [140.583563, 40.892463], [140.584229, 40.894333], [140.58013, 40.893974], [140.577562, 40.896745], [140.57526, 40.897053], [140.573761, 40.901015], [140.575005, 40.90431], [140.579465, 40.907085], [140.580331, 40.910301], [140.578709, 40.911767], [140.583517, 40.91401], [140.582509, 40.91821], [140.58605, 40.922605], [140.58527, 40.924636], [140.582759, 40.925969], [140.582912, 40.927767], [140.586837, 40.930654], [140.586859, 40.935314], [140.582291, 40.936252], [140.582778, 40.937564], [140.579933, 40.940317], [140.576119, 40.939465], [140.574174, 40.940988], [140.566722, 40.944546], [140.565273, 40.947327], [140.566516, 40.948126], [140.563258, 40.95101], [140.562194, 40.953238], [140.555685, 40.955375], [140.556638, 40.959875], [140.552772, 40.961362], [140.553596, 40.969264], [140.563087, 40.970224], [140.569449, 40.968503], [140.576218, 40.964539], [140.581506, 40.962751], [140.582665, 40.964229], [140.587473, 40.965482], [140.593371, 40.96436], [140.605253, 40.959867], [140.604722, 40.957886], [140.60674, 40.953001], [140.608873, 40.950431], [140.611884, 40.950943], [140.614856, 40.948122], [140.616043, 40.951787], [140.627405, 40.950692], [140.630694, 40.949739], [140.632325, 40.950621], [140.640601, 40.94914], [140.643053, 40.950338], [140.649983, 40.94931], [140.651913, 40.950263], [140.660792, 40.948453]]]]}}, {"type": "Feature", "properties": {"OBJECTID": 14, "N03_001": "青森県", "N03_002": null, "N03_003": null, "N03_004": "弘前市", "N03_007": "02202", "Shape_Leng": 1.844958863372238, "Shape_Area": 0.055774986306591, "id": "gci:02202A1968", "code": "02202", "name": "弘前市"}, "geometry": {"type": "MultiPolygon", "coordinates": [[[[140.339623, 40.759222], [140.346621, 40.758481], [140.356379, 40.75558], [140.35436, 40.752788], [140.354464, 40.750719], [140.356838, 40.748737], [140.360402, 40.748213], [140.363624, 40.749805], [140.365311, 40.748363], [140.373375, 40.747702], [140.373438, 40.745797], [140.377993, 40.744826], [140.379949, 40.747128], [140.383172, 40.747738], [140.387541, 40.743171], [140.386949, 40.741343], [140.393066, 40.744535], [140.395931, 40.748102], [140.402024, 40.744453], [140.403045, 40.740683], [140.401696, 40.738499], [140.403834, 40.737954], [140.402487, 40.736337], [140.405652, 40.734196], [140.408943, 40.738499], [140.414344, 40.737278], [140.420439, 40.736654], [140.419576, 40.729294], [140.418411, 40.727281], [140.41979, 40.724128], [140.426545, 40.722009], [140.427926, 40.71704], [140.435772, 40.708073], [140.44169, 40.705515], [140.44562, 40.698306], [140.450775, 40.696589], [140.453634, 40.694641], [140.454777, 40.689661], [140.456081, 40.68757], [140.461219, 40.685379], [140.462351, 40.682726], [140.467505, 40.683022], [140.468464, 40.681325], [140.463416, 40.67909], [140.463396, 40.674156], [140.46547, 40.67051], [140.461691, 40.667479], [140.460797, 40.661386], [140.465658, 40.660691], [140.46724, 40.655347], [140.471812, 40.650805], [140.473661, 40.651914], [140.476441, 40.648515], [140.476522, 40.646473], [140.480445, 40.645771], [140.482886, 40.651503], [140.485832, 40.6523], [140.493802, 40.650655], [140.495054, 40.645516], [140.497056, 40.642615], [140.499299, 40.637801], [140.498468, 40.6355], [140.501694, 40.630287], [140.506156, 40.629259], [140.504412, 40.625887], [140.506215, 40.623043], [140.511443, 40.621019], [140.511994, 40.616355], [140.513836, 40.61524], [140.508912, 40.613227], [140.509988, 40.61127], [140.515016, 40.614497], [140.523603, 40.613884], [140.524724, 40.613157], [140.526357, 40.60853], [140.525819, 40.598071], [140.528195, 40.588086], [140.526295, 40.577866], [140.529244, 40.573038], [140.535885, 40.576877], [140.538733, 40.574327], [140.5341, 40.571286], [140.531602, 40.571958], [140.530205, 40.57036], [140.533328, 40.566957], [140.535076, 40.563196], [140.538156, 40.559068], [140.542953, 40.556837], [140.54398, 40.557449], [140.548213, 40.554935], [140.550928, 40.555452], [140.552687, 40.560759], [140.557608, 40.559821], [140.559628, 40.563963], [140.562587, 40.565524], [140.561912, 40.563224], [140.56427, 40.563745], [140.569534, 40.56269], [140.571097, 40.564239], [140.576524, 40.562555], [140.579489, 40.563511], [140.58358, 40.558583], [140.590427, 40.556568], [140.592082, 40.555263], [140.593172, 40.550778], [140.597808, 40.5495], [140.598149, 40.542837], [140.592995, 40.541488], [140.590945, 40.542223], [140.588036, 40.540781], [140.585206, 40.541508], [140.583027, 40.538302], [140.576447, 40.537435], [140.573029, 40.541626], [140.569246, 40.544197], [140.564069, 40.54292], [140.560135, 40.54598], [140.559302, 40.548746], [140.553653, 40.549994], [140.555423, 40.545169], [140.553884, 40.545404], [140.554451, 40.53874], [140.55105, 40.536118], [140.548915, 40.540242], [140.546032, 40.543299], [140.546388, 40.547103], [140.544297, 40.547266], [140.54141, 40.545376], [140.541657, 40.539689], [140.539255, 40.538674], [140.534921, 40.529431], [140.531125, 40.526947], [140.52852, 40.527766], [140.527135, 40.525225], [140.520078, 40.52287], [140.516247, 40.52346], [140.51193, 40.522103], [140.510425, 40.524242], [140.499296, 40.521877], [140.497644, 40.52074], [140.493863, 40.521913], [140.484293, 40.518504], [140.481872, 40.51461], [140.485034, 40.51189], [140.483915, 40.508354], [140.477145, 40.504289], [140.462928, 40.503222], [140.461822, 40.502336], [140.462633, 40.498322], [140.458732, 40.492823], [140.460959, 40.491352], [140.464646, 40.486884], [140.46434, 40.483828], [140.461527, 40.480888], [140.459263, 40.480228], [140.454355, 40.481234], [140.448373, 40.477947], [140.444383, 40.480252], [140.437206, 40.478256], [140.435737, 40.479972], [140.427076, 40.482591], [140.417497, 40.479953], [140.412165, 40.476516], [140.406115, 40.474638], [140.402236, 40.474907], [140.401303, 40.47758], [140.396724, 40.478228], [140.394133, 40.485023], [140.392198, 40.484754], [140.386962, 40.487057], [140.383752, 40.485125], [140.381308, 40.479327], [140.377947, 40.47654], [140.37258, 40.476187], [140.367192, 40.477018], [140.36481, 40.478544], [140.361301, 40.478391], [140.359902, 40.475916], [140.353903, 40.472292], [140.352522, 40.468848], [140.347808, 40.467547], [140.345336, 40.471787], [140.336998, 40.475863], [140.336456, 40.479441], [140.33226, 40.482059], [140.327336, 40.481432], [140.328287, 40.48289], [140.327046, 40.487886], [140.330324, 40.490947], [140.327376, 40.494043], [140.3278, 40.495496], [140.324655, 40.496013], [140.320127, 40.49974], [140.320588, 40.50269], [140.319156, 40.504143], [140.32014, 40.506444], [140.323282, 40.509466], [140.319825, 40.515108], [140.314246, 40.515483], [140.311459, 40.518239], [140.311177, 40.520455], [140.305945, 40.521365], [140.302033, 40.527573], [140.301531, 40.530107], [140.301559, 40.541907], [140.302643, 40.546844], [140.308251, 40.549413], [140.310135, 40.552486], [140.310299, 40.559999], [140.308673, 40.560786], [140.310825, 40.564392], [140.310259, 40.567576], [140.308091, 40.568584], [140.306986, 40.571156], [140.303919, 40.573695], [140.303983, 40.575303], [140.308817, 40.578835], [140.303557, 40.582631], [140.298937, 40.584483], [140.299715, 40.586685], [140.302838, 40.586781], [140.304188, 40.585044], [140.307136, 40.585668], [140.311238, 40.589651], [140.307873, 40.59393], [140.299459, 40.594851], [140.299083, 40.597082], [140.294987, 40.603167], [140.297199, 40.602626], [140.298395, 40.605252], [140.29492, 40.60768], [140.289515, 40.606442], [140.287262, 40.607503], [140.285944, 40.610941], [140.281783, 40.611586], [140.275668, 40.614623], [140.268904, 40.616011], [140.259258, 40.613907], [140.255282, 40.61203], [140.248656, 40.607477], [140.249025, 40.604824], [140.247659, 40.602796], [140.24484, 40.602749], [140.237202, 40.604304], [140.235692, 40.601309], [140.236599, 40.597572], [140.233784, 40.594982], [140.231393, 40.590971], [140.221978, 40.589307], [140.219902, 40.585763], [140.210933, 40.581687], [140.209536, 40.579868], [140.211619, 40.575857], [140.211193, 40.571962], [140.207401, 40.567103], [140.202486, 40.566364], [140.198659, 40.561595], [140.198052, 40.556594], [140.190141, 40.555774], [140.183486, 40.559908], [140.1805, 40.560311], [140.181512, 40.562464], [140.178114, 40.566783], [140.175472, 40.567293], [140.17335, 40.565921], [140.172587, 40.563516], [140.169315, 40.561146], [140.166157, 40.560646], [140.163214, 40.556951], [140.160753, 40.55839], [140.162071, 40.565248], [140.161078, 40.567157], [140.15709, 40.569025], [140.155053, 40.571437], [140.155086, 40.577372], [140.157252, 40.581775], [140.154767, 40.585802], [140.15711, 40.58752], [140.162127, 40.587971], [140.16489, 40.587376], [140.173289, 40.592546], [140.17892, 40.594894], [140.183584, 40.595819], [140.184651, 40.594085], [140.190809, 40.593541], [140.191821, 40.598862], [140.193049, 40.601352], [140.189391, 40.605706], [140.197763, 40.606936], [140.204838, 40.609223], [140.204785, 40.612037], [140.206551, 40.616948], [140.208372, 40.619595], [140.212465, 40.622102], [140.216574, 40.621799], [140.21938, 40.625752], [140.215743, 40.629153], [140.216595, 40.631236], [140.214589, 40.631473], [140.214351, 40.63399], [140.21766, 40.634762], [140.216943, 40.637477], [140.219367, 40.637948], [140.220096, 40.640866], [140.221854, 40.640273], [140.223034, 40.642717], [140.228764, 40.643523], [140.231043, 40.644829], [140.240087, 40.645045], [140.24637, 40.648911], [140.250474, 40.648427], [140.256169, 40.648873], [140.262752, 40.651446], [140.269031, 40.651222], [140.268834, 40.653343], [140.273404, 40.654403], [140.279552, 40.654578], [140.278175, 40.662356], [140.290339, 40.666932], [140.288739, 40.669281], [140.303192, 40.677738], [140.314715, 40.680656], [140.31748, 40.68222], [140.322139, 40.687534], [140.329928, 40.692532], [140.331987, 40.692789], [140.337132, 40.699436], [140.327739, 40.701039], [140.31503, 40.701591], [140.308935, 40.703858], [140.294758, 40.694099], [140.292312, 40.692975], [140.292896, 40.69727], [140.291467, 40.698769], [140.290638, 40.702964], [140.289338, 40.703586], [140.28832, 40.708596], [140.288623, 40.713716], [140.286818, 40.72038], [140.287955, 40.722535], [140.288199, 40.726936], [140.292422, 40.730555], [140.296071, 40.732584], [140.301448, 40.733248], [140.305027, 40.738645], [140.307377, 40.740158], [140.307073, 40.742348], [140.309894, 40.744649], [140.311853, 40.743703], [140.313968, 40.744899], [140.316838, 40.744097], [140.316304, 40.748442], [140.32245, 40.75363], [140.326725, 40.756328], [140.329463, 40.757101], [140.330422, 40.759842], [140.333115, 40.761421], [140.33608, 40.759626], [140.339623, 40.759222]]]]}}, {"type": "Feature", "properties": {"N03_001": "青森県", "N03_002": null, "N03_003": null, "N03_004": "八戸市", "N03_007": "02203", "id": "gci:02203A1968", "code": "02203", "name": "八戸市"}, "geometry": {"type": "MultiPolygon", "coordinates": [[[[141.530914, 40.544086], [141.529043, 40.542723], [141.528767, 40.539998], [141.531947, 40.537343], [141.526822, 40.534202], [141.52352, 40.536703], [141.520898, 40.54028], [141.521708, 40.541244], [141.525129, 40.538502], [141.527913, 40.540523], [141.52474, 40.543066], [141.524375, 40.545363], [141.528308, 40.546255], [141.530914, 40.544086]]], [[[141.646524, 40.474702], [141.643541, 40.473491], [141.637961, 40.474213], [141.630675, 40.474168], [141.62341, 40.467417], [141.605638, 40.463107], [141.600682, 40.463862], [141.598435, 40.465688], [141.593328, 40.467868], [141.595262, 40.471813], [141.594724, 40.477322], [141.584855, 40.476026], [141.574716, 40.479217], [141.570387, 40.479574], [141.565312, 40.476962], [141.556879, 40.474245], [141.558514, 40.465869], [141.556857, 40.463955], [141.552908, 40.464485], [141.551795, 40.45639], [141.549606, 40.455866], [141.547739, 40.451317], [141.545313, 40.454427], [141.538241, 40.452572], [141.536305, 40.454986], [141.536795, 40.456668], [141.533471, 40.459917], [141.525979, 40.459747], [141.518771, 40.456841], [141.519798, 40.453161], [141.519774, 40.447061], [141.520432, 40.445132], [141.521494, 40.435917], [141.521134, 40.429349], [141.522146, 40.425606], [141.520878, 40.418577], [141.519221, 40.416469], [141.520004, 40.411661], [141.520045, 40.404436], [141.523634, 40.397108], [141.5292, 40.393396], [141.533755, 40.389036], [141.5345, 40.386816], [141.537675, 40.384289], [141.538486, 40.380583], [141.542101, 40.378598], [141.545709, 40.373686], [141.545165, 40.370913], [141.549925, 40.365824], [141.549903, 40.364372], [141.553699, 40.358658], [141.547713, 40.354811], [141.545681, 40.351418], [141.53903, 40.347973], [141.535785, 40.347369], [141.536032, 40.348733], [141.531678, 40.351449], [141.526346, 40.349965], [141.523992, 40.351397], [141.518172, 40.351836], [141.515154, 40.353502], [141.511262, 40.358215], [141.508926, 40.3596], [141.50721, 40.362929], [141.503641, 40.363753], [141.499356, 40.361965], [141.496904, 40.363705], [141.496434, 40.36741], [141.488028, 40.372258], [141.485319, 40.372033], [141.483085, 40.374917], [141.480467, 40.37613], [141.476769, 40.376007], [141.473003, 40.377092], [141.471192, 40.376364], [141.466082, 40.377375], [141.463036, 40.375061], [141.456427, 40.37463], [141.454309, 40.373001], [141.446127, 40.374018], [141.441603, 40.37604], [141.437726, 40.373521], [141.433954, 40.373717], [141.431792, 40.368087], [141.429631, 40.367741], [141.427417, 40.365005], [141.427288, 40.36181], [141.423606, 40.360873], [141.422937, 40.363128], [141.419241, 40.363524], [141.406981, 40.357164], [141.404171, 40.361317], [141.403076, 40.364665], [141.401211, 40.366667], [141.397254, 40.367248], [141.393921, 40.363893], [141.393099, 40.360686], [141.386617, 40.365307], [141.384331, 40.365424], [141.380424, 40.36344], [141.376061, 40.363115], [141.373133, 40.363814], [141.372788, 40.365532], [141.378037, 40.365571], [141.383223, 40.369287], [141.383765, 40.375225], [141.374656, 40.377754], [141.370537, 40.380166], [141.368065, 40.378685], [141.364054, 40.379028], [141.363679, 40.380567], [141.368801, 40.381622], [141.376632, 40.380662], [141.380321, 40.378507], [141.384768, 40.377617], [141.385258, 40.383856], [141.38668, 40.384814], [141.386211, 40.389527], [141.383944, 40.390687], [141.384318, 40.39315], [141.389172, 40.393091], [141.383603, 40.396469], [141.384867, 40.398921], [141.382865, 40.39935], [141.388534, 40.400344], [141.390118, 40.40242], [141.387295, 40.405681], [141.389386, 40.407927], [141.393971, 40.408437], [141.401229, 40.414939], [141.395947, 40.423397], [141.40148, 40.422743], [141.408144, 40.425296], [141.416038, 40.425324], [141.419781, 40.4273], [141.424294, 40.427341], [141.432522, 40.428372], [141.434671, 40.429239], [141.440123, 40.429405], [141.44409, 40.434806], [141.443963, 40.438841], [141.446313, 40.441384], [141.452126, 40.445292], [141.453496, 40.448347], [141.441391, 40.452754], [141.437387, 40.45499], [141.435239, 40.457499], [141.427937, 40.459013], [141.425387, 40.462597], [141.423173, 40.463565], [141.425317, 40.464616], [141.425444, 40.467436], [141.422262, 40.470804], [141.422631, 40.472498], [141.418601, 40.476566], [141.414971, 40.47128], [141.41097, 40.470161], [141.408043, 40.472343], [141.408771, 40.475037], [141.401244, 40.473325], [141.398161, 40.477413], [141.393136, 40.480162], [141.393906, 40.483633], [141.391596, 40.487637], [141.385028, 40.489375], [141.384641, 40.490962], [141.381291, 40.493469], [141.382336, 40.497435], [141.381239, 40.504246], [141.369109, 40.497282], [141.368447, 40.495831], [141.363622, 40.494763], [141.366413, 40.4967], [141.366537, 40.499405], [141.363259, 40.499915], [141.360953, 40.502718], [141.356744, 40.505893], [141.354725, 40.506201], [141.358368, 40.510864], [141.356611, 40.512679], [141.354762, 40.517066], [141.360588, 40.518235], [141.362999, 40.519615], [141.368876, 40.52043], [141.37704, 40.524193], [141.384635, 40.523882], [141.38559, 40.526565], [141.392765, 40.532515], [141.40266, 40.537189], [141.406942, 40.537846], [141.411636, 40.5375], [141.418518, 40.539448], [141.413911, 40.542397], [141.414366, 40.543143], [141.410441, 40.546692], [141.413131, 40.549323], [141.415793, 40.547618], [141.415478, 40.550297], [141.41849, 40.553284], [141.421383, 40.54913], [141.424412, 40.55137], [141.419847, 40.554092], [141.419696, 40.557239], [141.423317, 40.554536], [141.421466, 40.558004], [141.42351, 40.56231], [141.420295, 40.57299], [141.414825, 40.574439], [141.41196, 40.572758], [141.409601, 40.57443], [141.408517, 40.572058], [141.40666, 40.57814], [141.411295, 40.581047], [141.411783, 40.583688], [141.420304, 40.585028], [141.424447, 40.587384], [141.425011, 40.591867], [141.428785, 40.591329], [141.435739, 40.594665], [141.443032, 40.59662], [141.447143, 40.596718], [141.451628, 40.599866], [141.45479, 40.600629], [141.459178, 40.59968], [141.461331, 40.600219], [141.462994, 40.603467], [141.465861, 40.600862], [141.470114, 40.589361], [141.472824, 40.586477], [141.475783, 40.585488], [141.479402, 40.579394], [141.477169, 40.578611], [141.482357, 40.568866], [141.488944, 40.571208], [141.491934, 40.566296], [141.491988, 40.56474], [141.483518, 40.5613], [141.48512, 40.560921], [141.487491, 40.556788], [141.492843, 40.558985], [141.493407, 40.558186], [141.500125, 40.556773], [141.501294, 40.555198], [141.496871, 40.553298], [141.498328, 40.551335], [141.501598, 40.552751], [141.504904, 40.552725], [141.506126, 40.551085], [141.500368, 40.548596], [141.501821, 40.546637], [141.507551, 40.549108], [141.509979, 40.54585], [141.502852, 40.542939], [141.505276, 40.540123], [141.514346, 40.543075], [141.517442, 40.540596], [141.515082, 40.538894], [141.5235, 40.532161], [141.52432, 40.529586], [141.527963, 40.531444], [141.534474, 40.531546], [141.5345, 40.530831], [141.528127, 40.531167], [141.527218, 40.528813], [141.534563, 40.527182], [141.536021, 40.531005], [141.536954, 40.527257], [141.543661, 40.527619], [141.542988, 40.53099], [141.545414, 40.529554], [141.54923, 40.529823], [141.550399, 40.533476], [141.551946, 40.533593], [141.550784, 40.529956], [141.553435, 40.53063], [141.557034, 40.539369], [141.56045, 40.538261], [141.56267, 40.540999], [141.563708, 40.540357], [141.566093, 40.543], [141.56976, 40.542963], [141.572887, 40.541782], [141.575857, 40.542791], [141.579024, 40.539827], [141.581636, 40.53942], [141.579691, 40.535723], [141.582274, 40.533328], [141.581804, 40.530816], [141.585954, 40.524331], [141.591743, 40.518977], [141.597622, 40.520475], [141.599043, 40.517446], [141.604417, 40.516003], [141.608615, 40.513958], [141.611471, 40.510666], [141.61042, 40.508958], [141.611141, 40.5063], [141.615049, 40.504228], [141.621092, 40.505815], [141.619234, 40.504378], [141.621485, 40.501448], [141.621756, 40.498661], [141.624081, 40.498217], [141.626479, 40.495857], [141.632526, 40.494332], [141.630209, 40.491163], [141.630642, 40.489787], [141.634183, 40.488086], [141.633564, 40.484228], [141.637233, 40.482045], [141.637297, 40.480625], [141.642157, 40.479152], [141.646524, 40.474702]]]]}}, {"type": "Feature", "properties": {"OBJECTID": 278, "N03_001": "青森県", "N03_002": null, "N03_003": null, "N03_004": "黒石市", "N03_007": "02204", "Shape_Leng": 0.876584001624446, "Shape_Area": 0.023098721140995, "id": "gci:02204A1968", "code": "02204", "name": "黒石市"}, "geometry": {"type": "MultiPolygon", "coordinates": [[[[140.844267, 40.605921], [140.842646, 40.603382], [140.835641, 40.601516], [140.833421, 40.599569], [140.825337, 40.598038], [140.820916, 40.588446], [140.815852, 40.579536], [140.814512, 40.575946], [140.811523, 40.572504], [140.806328, 40.571847], [140.802696, 40.568779], [140.797422, 40.567482], [140.794629, 40.568084], [140.789078, 40.566268], [140.784723, 40.567711], [140.779265, 40.566457], [140.775729, 40.566524], [140.774549, 40.568249], [140.767551, 40.570143], [140.759642, 40.565875], [140.75526, 40.561305], [140.752542, 40.559702], [140.753276, 40.557022], [140.75646, 40.554039], [140.753947, 40.54683], [140.749718, 40.545815], [140.747821, 40.542003], [140.746558, 40.537268], [140.741864, 40.535814], [140.738907, 40.536739], [140.732871, 40.534747], [140.730224, 40.535518], [140.723467, 40.535601], [140.718807, 40.536866], [140.709917, 40.537494], [140.703054, 40.541377], [140.701074, 40.544171], [140.695268, 40.54521], [140.692951, 40.548535], [140.68978, 40.550615], [140.693071, 40.551783], [140.692558, 40.556603], [140.6857, 40.560133], [140.684719, 40.563505], [140.685894, 40.566617], [140.682758, 40.568225], [140.681661, 40.570421], [140.677089, 40.567206], [140.673168, 40.566166], [140.671031, 40.564195], [140.669582, 40.560573], [140.666702, 40.558348], [140.662954, 40.560431], [140.660115, 40.558719], [140.656159, 40.558047], [140.651935, 40.561869], [140.6512, 40.56573], [140.654135, 40.569846], [140.65655, 40.571394], [140.657411, 40.577235], [140.659468, 40.578483], [140.659538, 40.582036], [140.657446, 40.582577], [140.655777, 40.586702], [140.656371, 40.588438], [140.653663, 40.589709], [140.650239, 40.593743], [140.645807, 40.594883], [140.644541, 40.597041], [140.638026, 40.601793], [140.63418, 40.601773], [140.63194, 40.602867], [140.626389, 40.603224], [140.622849, 40.608795], [140.618344, 40.611119], [140.606814, 40.612308], [140.60776, 40.614445], [140.611377, 40.617135], [140.603492, 40.616278], [140.602021, 40.619392], [140.598686, 40.619321], [140.598524, 40.62218], [140.591868, 40.622471], [140.591603, 40.627456], [140.589245, 40.62737], [140.589142, 40.629829], [140.582894, 40.630047], [140.582077, 40.630955], [140.58094, 40.631063], [140.581714, 40.634971], [140.577365, 40.637042], [140.573556, 40.637616], [140.572452, 40.639561], [140.576585, 40.644849], [140.573228, 40.647155], [140.574756, 40.649338], [140.573958, 40.651499], [140.571093, 40.651804], [140.566774, 40.654252], [140.564838, 40.66028], [140.567447, 40.661888], [140.573171, 40.658453], [140.576001, 40.660183], [140.574391, 40.663001], [140.568241, 40.668743], [140.569856, 40.669346], [140.571327, 40.672585], [140.57203, 40.672326], [140.576618, 40.679891], [140.578375, 40.679916], [140.578246, 40.687317], [140.58233, 40.689479], [140.596601, 40.691401], [140.602902, 40.691887], [140.602825, 40.690741], [140.606683, 40.689713], [140.613034, 40.689437], [140.612957, 40.688384], [140.618178, 40.687248], [140.622879, 40.687522], [140.633747, 40.690016], [140.636272, 40.68799], [140.636053, 40.683669], [140.640837, 40.677071], [140.645018, 40.674931], [140.648587, 40.671887], [140.652217, 40.670142], [140.656896, 40.665864], [140.6586, 40.662168], [140.66527, 40.657795], [140.670839, 40.656646], [140.676991, 40.658374], [140.68431, 40.659258], [140.691231, 40.658318], [140.695462, 40.660519], [140.701394, 40.656878], [140.702906, 40.657435], [140.705542, 40.661763], [140.716244, 40.662185], [140.716917, 40.663655], [140.721716, 40.664206], [140.723246, 40.665843], [140.729684, 40.666282], [140.731863, 40.662799], [140.740513, 40.661049], [140.751733, 40.663025], [140.760945, 40.660925], [140.764074, 40.666046], [140.766402, 40.665939], [140.769232, 40.663903], [140.775651, 40.655774], [140.780201, 40.655165], [140.7862, 40.649263], [140.79348, 40.647506], [140.797566, 40.648095], [140.805873, 40.645245], [140.81158, 40.640998], [140.813168, 40.638595], [140.818665, 40.633226], [140.826058, 40.624277], [140.827855, 40.623776], [140.827815, 40.620441], [140.831288, 40.62011], [140.836074, 40.616455], [140.838161, 40.613694], [140.84385, 40.612129], [140.844267, 40.605921]]]]}}, {"type": "Feature", "properties": {"N03_001": "青森県", "N03_002": null, "N03_003": null, "N03_004": "五所川原市", "N03_007": "02205", "id": "gci:02205A1968", "code": "02205", "name": "五所川原市"}, "geometry": {"type": "MultiPolygon", "coordinates": [[[[140.553596, 40.969264], [140.552772, 40.961362], [140.556638, 40.959875], [140.555685, 40.955375], [140.562194, 40.953238], [140.563258, 40.95101], [140.566516, 40.948126], [140.565273, 40.947327], [140.566722, 40.944546], [140.574174, 40.940988], [140.576119, 40.939465], [140.579933, 40.940317], [140.582778, 40.937564], [140.582291, 40.936252], [140.586859, 40.935314], [140.586837, 40.930654], [140.582912, 40.927767], [140.582759, 40.925969], [140.58527, 40.924636], [140.58605, 40.922605], [140.582509, 40.91821], [140.583517, 40.91401], [140.578709, 40.911767], [140.580331, 40.910301], [140.579465, 40.907085], [140.575005, 40.90431], [140.573761, 40.901015], [140.57526, 40.897053], [140.577562, 40.896745], [140.58013, 40.893974], [140.584229, 40.894333], [140.583563, 40.892463], [140.586419, 40.888097], [140.585984, 40.886269], [140.58989, 40.883304], [140.587757, 40.879997], [140.588961, 40.876706], [140.590749, 40.875874], [140.591638, 40.870879], [140.589912, 40.869846], [140.592101, 40.868605], [140.591529, 40.861817], [140.588425, 40.857993], [140.590032, 40.853191], [140.588769, 40.849066], [140.58723, 40.848837], [140.585099, 40.843551], [140.579909, 40.840957], [140.581987, 40.832894], [140.577199, 40.828973], [140.577719, 40.826271], [140.577074, 40.819438], [140.577509, 40.814981], [140.57356, 40.809859], [140.575634, 40.807452], [140.574406, 40.805989], [140.574482, 40.801386], [140.57742, 40.797423], [140.57493, 40.796801], [140.572867, 40.793619], [140.573036, 40.791462], [140.576379, 40.788162], [140.57611, 40.785713], [140.572096, 40.780039], [140.57278, 40.775899], [140.57511, 40.774746], [140.578012, 40.767086], [140.577577, 40.765074], [140.573444, 40.760562], [140.570334, 40.759426], [140.563594, 40.760623], [140.558223, 40.757497], [140.556487, 40.755315], [140.55753, 40.753967], [140.555683, 40.748398], [140.548808, 40.746809], [140.545921, 40.742952], [140.544308, 40.743415], [140.544605, 40.746441], [140.541917, 40.744001], [140.538676, 40.739235], [140.535391, 40.73758], [140.529908, 40.736662], [140.527685, 40.738165], [140.523935, 40.736927], [140.527567, 40.730607], [140.523507, 40.729325], [140.520239, 40.729689], [140.518452, 40.732146], [140.513305, 40.735545], [140.515429, 40.740639], [140.513607, 40.741672], [140.5116, 40.747366], [140.514179, 40.750139], [140.512822, 40.752097], [140.513305, 40.75776], [140.510796, 40.75841], [140.509179, 40.756979], [140.508639, 40.759396], [140.503846, 40.759938], [140.502105, 40.757513], [140.501036, 40.760047], [140.497745, 40.759466], [140.49899, 40.756948], [140.494274, 40.756016], [140.490607, 40.760755], [140.489693, 40.769246], [140.485574, 40.768859], [140.485869, 40.764904], [140.483683, 40.763606], [140.478393, 40.763229], [140.478646, 40.759294], [140.475652, 40.75614], [140.47351, 40.757355], [140.469609, 40.757213], [140.467614, 40.761306], [140.465848, 40.762105], [140.462249, 40.761275], [140.458959, 40.769489], [140.456341, 40.770809], [140.455168, 40.773577], [140.454344, 40.770343], [140.452567, 40.771409], [140.444721, 40.771324], [140.44341, 40.780779], [140.438947, 40.781336], [140.437754, 40.785532], [140.438585, 40.789237], [140.43749, 40.789643], [140.437876, 40.793603], [140.435975, 40.797722], [140.437883, 40.803402], [140.437236, 40.809583], [140.429084, 40.809105], [140.42743, 40.811145], [140.42493, 40.810395], [140.426197, 40.807976], [140.4229, 40.806501], [140.420369, 40.810776], [140.41871, 40.815234], [140.423872, 40.816324], [140.422736, 40.819077], [140.425085, 40.821024], [140.421145, 40.823697], [140.417259, 40.829728], [140.413126, 40.832879], [140.410755, 40.835991], [140.40897, 40.843217], [140.40744, 40.846377], [140.401364, 40.848234], [140.400416, 40.849572], [140.399249, 40.857124], [140.400451, 40.861625], [140.399957, 40.867377], [140.40304, 40.870163], [140.406675, 40.87146], [140.406423, 40.876297], [140.403814, 40.879557], [140.404356, 40.881448], [140.413681, 40.882781], [140.421341, 40.887257], [140.421247, 40.890184], [140.419337, 40.891078], [140.421164, 40.89361], [140.425347, 40.89366], [140.424779, 40.896255], [140.420662, 40.896611], [140.422795, 40.899394], [140.427902, 40.899441], [140.426457, 40.904888], [140.429065, 40.908914], [140.427587, 40.910634], [140.419956, 40.910328], [140.417554, 40.910839], [140.41659, 40.912857], [140.417034, 40.919421], [140.419009, 40.921871], [140.419145, 40.920108], [140.421741, 40.919344], [140.430809, 40.920048], [140.430494, 40.922261], [140.43504, 40.922591], [140.434456, 40.926507], [140.431993, 40.929938], [140.43766, 40.931552], [140.447156, 40.936103], [140.456107, 40.934409], [140.463411, 40.935088], [140.466547, 40.93764], [140.472918, 40.939516], [140.474004, 40.942346], [140.479053, 40.943345], [140.484461, 40.941938], [140.487421, 40.942416], [140.490294, 40.94641], [140.502151, 40.948343], [140.508427, 40.953188], [140.508722, 40.956388], [140.511555, 40.960163], [140.513733, 40.964679], [140.51339, 40.966213], [140.515069, 40.970564], [140.512169, 40.97571], [140.514498, 40.976699], [140.514282, 40.978571], [140.517779, 40.983294], [140.515816, 40.984946], [140.517149, 40.987362], [140.517079, 40.991681], [140.521658, 40.99569], [140.524814, 40.99382], [140.527497, 40.993644], [140.528618, 40.991717], [140.527567, 40.988687], [140.532972, 40.988303], [140.539495, 40.982698], [140.542704, 40.983534], [140.545783, 40.983042], [140.551161, 40.977875], [140.549638, 40.976753], [140.54777, 40.970556], [140.553596, 40.969264]]], [[[140.39125, 41.127054], [140.395933, 41.125702], [140.39924, 41.12215], [140.404478, 41.12209], [140.406858, 41.120968], [140.41091, 41.121561], [140.416216, 41.120873], [140.419252, 41.119434], [140.42314, 41.119626], [140.42679, 41.121402], [140.429513, 41.120074], [140.433466, 41.120126], [140.436198, 41.118424], [140.440267, 41.117681], [140.443347, 41.115895], [140.454082, 41.117672], [140.457146, 41.11698], [140.461462, 41.117316], [140.464524, 41.111765], [140.458973, 41.108252], [140.458136, 41.10426], [140.456728, 41.104145], [140.455096, 41.105124], [140.450825, 41.104078], [140.448076, 41.100836], [140.448596, 41.097046], [140.44676, 41.095077], [140.449413, 41.09347], [140.447866, 41.09153], [140.449254, 41.089508], [140.452152, 41.088169], [140.449669, 41.085965], [140.453177, 41.083465], [140.451946, 41.082078], [140.452453, 41.078803], [140.448777, 41.076862], [140.445222, 41.077357], [140.437621, 41.072536], [140.43285, 41.065267], [140.427083, 41.060111], [140.421007, 41.057373], [140.416238, 41.049278], [140.415382, 41.044728], [140.410213, 41.044841], [140.404865, 41.043209], [140.400236, 41.044997], [140.388828, 41.043996], [140.384589, 41.042698], [140.386481, 41.039936], [140.393778, 41.04025], [140.403115, 41.039654], [140.405313, 41.037393], [140.407553, 41.032236], [140.410797, 41.031068], [140.415421, 41.026862], [140.41338, 41.020282], [140.411124, 41.019611], [140.411835, 41.016553], [140.408211, 41.017746], [140.404808, 41.022749], [140.399653, 41.023392], [140.397518, 41.0183], [140.392039, 41.019114], [140.391954, 41.022914], [140.387135, 41.022206], [140.382353, 41.020052], [140.37756, 41.019315], [140.371013, 41.016338], [140.367007, 41.012064], [140.362444, 41.010267], [140.359744, 41.005132], [140.365059, 41.00219], [140.36603, 40.998759], [140.357981, 40.993173], [140.357198, 40.995078], [140.347436, 40.999425], [140.343288, 41.002637], [140.338299, 41.00809], [140.332765, 41.007448], [140.329769, 41.008393], [140.326025, 41.006131], [140.322172, 41.000487], [140.318949, 40.999812], [140.322535, 41.031599], [140.32132, 41.035957], [140.322821, 41.038653], [140.324111, 41.055718], [140.323691, 41.072523], [140.322952, 41.08046], [140.320251, 41.090851], [140.318888, 41.093483], [140.314969, 41.095019], [140.311568, 41.097385], [140.311385, 41.099082], [140.307322, 41.103529], [140.305869, 41.106627], [140.309774, 41.109246], [140.31354, 41.106177], [140.317707, 41.108595], [140.320789, 41.108298], [140.324646, 41.10937], [140.326716, 41.107027], [140.329657, 41.106146], [140.336192, 41.10675], [140.34319, 41.110404], [140.348712, 41.109142], [140.351477, 41.109744], [140.354095, 41.113935], [140.354316, 41.115973], [140.359181, 41.121206], [140.367024, 41.12512], [140.372014, 41.125959], [140.374035, 41.127614], [140.37796, 41.127881], [140.38048, 41.126894], [140.39125, 41.127054]]]]}}, {"type": "Feature", "properties": {"OBJECTID": 313, "N03_001": "青森県", "N03_002": null, "N03_003": null, "N03_004": "十和田市", "N03_007": "02206", "Shape_Leng": 1.65308913923349, "Shape_Area": 0.077166138588674, "id": "gci:02206A1968", "code": "02206", "name": "十和田市"}, "geometry": {"type": "MultiPolygon", "coordinates": [[[[141.269927, 40.66449], [141.26544, 40.659005], [141.262934, 40.652555], [141.263148, 40.651317], [141.269197, 40.646196], [141.278754, 40.6474], [141.283009, 40.645035], [141.277845, 40.640396], [141.274901, 40.639891], [141.27069, 40.637516], [141.261415, 40.637201], [141.265744, 40.631274], [141.263141, 40.630204], [141.259199, 40.630483], [141.257051, 40.619109], [141.258384, 40.616332], [141.265849, 40.615574], [141.266767, 40.616505], [141.274372, 40.615597], [141.274427, 40.609842], [141.276691, 40.609567], [141.275078, 40.606858], [141.277342, 40.604446], [141.276492, 40.601863], [141.27875, 40.600754], [141.285232, 40.600079], [141.287483, 40.599026], [141.290044, 40.600766], [141.29402, 40.599138], [141.293561, 40.597928], [141.286672, 40.593095], [141.285142, 40.591268], [141.285499, 40.588167], [141.288938, 40.586176], [141.2907, 40.583459], [141.293502, 40.583427], [141.293349, 40.580619], [141.296124, 40.577715], [141.301911, 40.575407], [141.303671, 40.568063], [141.301378, 40.563077], [141.298808, 40.562332], [141.298679, 40.558366], [141.291146, 40.558042], [141.288418, 40.556116], [141.287806, 40.553353], [141.284541, 40.552645], [141.284087, 40.548943], [141.281101, 40.545684], [141.281239, 40.543862], [141.277585, 40.541876], [141.27437, 40.535912], [141.27383, 40.537786], [141.270738, 40.541077], [141.268428, 40.539949], [141.263238, 40.540061], [141.249843, 40.537223], [141.244545, 40.536471], [141.240931, 40.534228], [141.235976, 40.533268], [141.230104, 40.531243], [141.226343, 40.531542], [141.223683, 40.528886], [141.219644, 40.527612], [141.218182, 40.522935], [141.219876, 40.521887], [141.219148, 40.518767], [141.212843, 40.515654], [141.207961, 40.510896], [141.203334, 40.508562], [141.201702, 40.508737], [141.198129, 40.50526], [141.195655, 40.50062], [141.191974, 40.499034], [141.190117, 40.497063], [141.18596, 40.496885], [141.184966, 40.495846], [141.172828, 40.493041], [141.165926, 40.494327], [141.16425, 40.493499], [141.157162, 40.495475], [141.152031, 40.495483], [141.1478, 40.497737], [141.145542, 40.495691], [141.142026, 40.496194], [141.137255, 40.494532], [141.13276, 40.494647], [141.127923, 40.496436], [141.124136, 40.495328], [141.119203, 40.495793], [141.111882, 40.498666], [141.108857, 40.497161], [141.107183, 40.494375], [141.104126, 40.492619], [141.093343, 40.493564], [141.090699, 40.492467], [141.087862, 40.493579], [141.086255, 40.490737], [141.081465, 40.488335], [141.079192, 40.488135], [141.074172, 40.485354], [141.067994, 40.483084], [141.06962, 40.481194], [141.06825, 40.480027], [141.058371, 40.479501], [141.055362, 40.477124], [141.050423, 40.477836], [141.047151, 40.476009], [141.043073, 40.476139], [141.038663, 40.474787], [141.033748, 40.475136], [141.031086, 40.47451], [141.021877, 40.469069], [141.018662, 40.468682], [141.018144, 40.466668], [141.013642, 40.463397], [141.012103, 40.461378], [141.005737, 40.458417], [141.001165, 40.454707], [141.001154, 40.445159], [140.998658, 40.443151], [140.99618, 40.438682], [140.994969, 40.433945], [140.986033, 40.428685], [140.985174, 40.42708], [140.984228, 40.428178], [140.979896, 40.428465], [140.972208, 40.43085], [140.964758, 40.428448], [140.964109, 40.42738], [140.951265, 40.426308], [140.94593, 40.428008], [140.941955, 40.430201], [140.937472, 40.427587], [140.937346, 40.42543], [140.932962, 40.421274], [140.926775, 40.421106], [140.920644, 40.426968], [140.919226, 40.427316], [140.910945, 40.423298], [140.906719, 40.425266], [140.896777, 40.425195], [140.892325, 40.423351], [140.861323, 40.440629], [140.878107, 40.498417], [140.880061, 40.510247], [140.877692, 40.512766], [140.87562, 40.517912], [140.871483, 40.522328], [140.8682, 40.529885], [140.864537, 40.532935], [140.861602, 40.536719], [140.860737, 40.539696], [140.857177, 40.540433], [140.851449, 40.544953], [140.853357, 40.547586], [140.857032, 40.548789], [140.858042, 40.551329], [140.86209, 40.554221], [140.864428, 40.55873], [140.863257, 40.561854], [140.865368, 40.567727], [140.866683, 40.574039], [140.866852, 40.580594], [140.86525, 40.58164], [140.866316, 40.585174], [140.861535, 40.586515], [140.858761, 40.588525], [140.863029, 40.597541], [140.858346, 40.603828], [140.858088, 40.605137], [140.862916, 40.60964], [140.869098, 40.610749], [140.871365, 40.612952], [140.876686, 40.613885], [140.876225, 40.623817], [140.879499, 40.629913], [140.882657, 40.633182], [140.883693, 40.635559], [140.883793, 40.640666], [140.876286, 40.646537], [140.879309, 40.653441], [140.877318, 40.654884], [140.877598, 40.657396], [140.88012, 40.657067], [140.886927, 40.653172], [140.896775, 40.654366], [140.904833, 40.654245], [140.911424, 40.652753], [140.915152, 40.648865], [140.921009, 40.645427], [140.930509, 40.645051], [140.932885, 40.643543], [140.938943, 40.642903], [140.945694, 40.645368], [140.954995, 40.646991], [140.954809, 40.649494], [140.956519, 40.652279], [140.956215, 40.655982], [140.96076, 40.658214], [140.959305, 40.662649], [140.959744, 40.665251], [140.963468, 40.670059], [140.965966, 40.670435], [140.968246, 40.674165], [140.967216, 40.675436], [140.969024, 40.678874], [140.967568, 40.681997], [140.970103, 40.68815], [140.96983, 40.69142], [140.971047, 40.693324], [140.974214, 40.693577], [140.978967, 40.697617], [140.990592, 40.693493], [140.991759, 40.689001], [140.998936, 40.681219], [140.999637, 40.67671], [141.002513, 40.671644], [141.008591, 40.668664], [141.014252, 40.668276], [141.021306, 40.665381], [141.027493, 40.664392], [141.036134, 40.665852], [141.045947, 40.664648], [141.047645, 40.662019], [141.050838, 40.661174], [141.05119, 40.658555], [141.053104, 40.655932], [141.055283, 40.650473], [141.059235, 40.648468], [141.062594, 40.643191], [141.068678, 40.640345], [141.073495, 40.640174], [141.073932, 40.638534], [141.079135, 40.634919], [141.083143, 40.633123], [141.085414, 40.634693], [141.090259, 40.635274], [141.101654, 40.634522], [141.108355, 40.635566], [141.112629, 40.633779], [141.114109, 40.636887], [141.11822, 40.637561], [141.119791, 40.639576], [141.12652, 40.642769], [141.129451, 40.642421], [141.136431, 40.640023], [141.144284, 40.639199], [141.148438, 40.643398], [141.148644, 40.645658], [141.154573, 40.650266], [141.148687, 40.651007], [141.146314, 40.650025], [141.145147, 40.653755], [141.14672, 40.655693], [141.145523, 40.656824], [141.157012, 40.663224], [141.156887, 40.66479], [141.159597, 40.66936], [141.159809, 40.673499], [141.16138, 40.672487], [141.167406, 40.671814], [141.171103, 40.672393], [141.171121, 40.67548], [141.169694, 40.679282], [141.172828, 40.683132], [141.179515, 40.684771], [141.188904, 40.685841], [141.194934, 40.689334], [141.203448, 40.688308], [141.206919, 40.68984], [141.209965, 40.692808], [141.211073, 40.690424], [141.2153, 40.689321], [141.223189, 40.691537], [141.230878, 40.691679], [141.231498, 40.694767], [141.235996, 40.694236], [141.236245, 40.696033], [141.239923, 40.698499], [141.241811, 40.695733], [141.244211, 40.696613], [141.247376, 40.700423], [141.24953, 40.699355], [141.251449, 40.701672], [141.256334, 40.699223], [141.260394, 40.701119], [141.263589, 40.699824], [141.265344, 40.701568], [141.267298, 40.700777], [141.265493, 40.697797], [141.262512, 40.695175], [141.265657, 40.69488], [141.26626, 40.691618], [141.264029, 40.688903], [141.263616, 40.685156], [141.266972, 40.678928], [141.266398, 40.673959], [141.267086, 40.671228], [141.271593, 40.668995], [141.269927, 40.66449]]]]}}, {"type": "Feature", "properties": {"N03_001": "青森県", "N03_002": null, "N03_003": null, "N03_004": "三沢市", "N03_007": "02207", "id": "gci:02207A1968", "code": "02207", "name": "三沢市"}, "geometry": {"type": "MultiPolygon", "coordinates": [[[[141.438777, 40.670507], [141.431159, 40.669584], [141.428965, 40.668006], [141.418265, 40.669245], [141.411129, 40.668915], [141.405342, 40.667168], [141.40167, 40.667475], [141.393665, 40.666726], [141.387286, 40.665329], [141.383625, 40.665519], [141.378474, 40.663952], [141.378347, 40.665682], [141.368207, 40.666931], [141.364828, 40.673925], [141.364013, 40.672369], [141.364463, 40.667705], [141.362708, 40.668074], [141.361244, 40.66434], [141.355842, 40.663822], [141.351823, 40.665004], [141.346641, 40.662959], [141.344674, 40.660986], [141.334254, 40.669779], [141.332553, 40.674844], [141.333277, 40.678971], [141.335982, 40.684755], [141.340668, 40.68836], [141.336419, 40.690982], [141.331633, 40.692433], [141.325571, 40.692623], [141.322476, 40.696261], [141.324701, 40.700656], [141.32686, 40.703001], [141.328252, 40.706444], [141.334177, 40.70807], [141.337108, 40.712309], [141.340078, 40.711948], [141.34232, 40.715331], [141.343223, 40.720077], [141.336044, 40.720736], [141.332912, 40.717591], [141.331657, 40.712937], [141.318704, 40.713374], [141.31323, 40.71019], [141.310723, 40.710477], [141.310096, 40.716547], [141.316624, 40.72176], [141.321847, 40.724506], [141.324367, 40.72382], [141.328552, 40.725202], [141.336745, 40.722333], [141.337698, 40.724249], [141.34628, 40.720582], [141.351416, 40.723444], [141.356266, 40.730428], [141.35842, 40.73615], [141.359646, 40.745744], [141.359397, 40.756822], [141.357948, 40.768391], [141.355439, 40.77451], [141.348815, 40.77793], [141.348061, 40.779588], [141.349054, 40.7838], [141.348313, 40.788841], [141.348713, 40.793816], [141.347887, 40.796075], [141.34774, 40.804059], [141.349753, 40.810159], [141.353191, 40.813726], [141.356064, 40.813973], [141.358986, 40.816097], [141.36608, 40.827456], [141.365215, 40.828858], [141.367969, 40.836363], [141.36773, 40.83865], [141.371426, 40.838956], [141.378787, 40.844956], [141.377849, 40.84893], [141.378207, 40.851935], [141.374652, 40.860229], [141.374097, 40.86355], [141.376907, 40.875852], [141.376877, 40.878784], [141.379757, 40.882801], [141.385406, 40.885533], [141.392929, 40.886624], [141.397584, 40.847847], [141.399256, 40.84454], [141.400807, 40.830352], [141.405178, 40.803543], [141.411359, 40.771399], [141.415292, 40.753742], [141.417777, 40.738943], [141.419123, 40.73587], [141.420876, 40.725426], [141.422404, 40.720388], [141.424565, 40.706804], [141.426276, 40.703102], [141.428123, 40.69525], [141.431998, 40.68615], [141.433711, 40.686015], [141.436104, 40.678248], [141.439142, 40.6749], [141.438777, 40.670507]]]]}}, {"type": "Feature", "properties": {"N03_001": "青森県", "N03_002": null, "N03_003": null, "N03_004": "むつ市", "N03_007": "02208", "id": "gci:02208A1968", "code": "02208", "name": "むつ市"}, "geometry": {"type": "MultiPolygon", "coordinates": [[[[141.246578, 41.361155], [141.247557, 41.360027], [141.25, 41.352107], [141.245411, 41.344031], [141.240826, 41.339107], [141.236968, 41.333768], [141.244873, 41.331689], [141.2426, 41.329182], [141.238957, 41.328774], [141.234036, 41.325902], [141.233118, 41.321838], [141.228812, 41.319559], [141.226242, 41.315079], [141.226048, 41.312376], [141.228441, 41.309456], [141.234923, 41.30878], [141.240968, 41.309978], [141.241481, 41.311802], [141.246418, 41.309914], [141.247682, 41.30701], [141.252962, 41.301665], [141.254354, 41.294531], [141.254196, 41.292087], [141.251198, 41.289803], [141.248936, 41.286219], [141.247544, 41.281859], [141.251141, 41.266994], [141.250955, 41.263783], [141.247518, 41.258598], [141.248339, 41.254959], [141.246514, 41.249198], [141.253394, 41.246673], [141.255062, 41.244823], [141.260364, 41.244653], [141.266037, 41.243391], [141.273588, 41.245704], [141.277159, 41.248955], [141.28274, 41.249889], [141.289898, 41.247267], [141.292538, 41.248315], [141.299922, 41.247648], [141.303469, 41.249308], [141.310489, 41.243254], [141.31526, 41.247374], [141.320765, 41.249588], [141.320678, 41.246165], [141.322784, 41.244708], [141.326685, 41.244254], [141.325361, 41.239391], [141.327809, 41.23636], [141.32834, 41.232992], [141.331598, 41.231175], [141.332127, 41.226189], [141.334942, 41.226198], [141.33445, 41.223668], [141.336055, 41.221408], [141.335624, 41.219187], [141.33897, 41.215254], [141.336218, 41.21327], [141.336332, 41.208783], [141.334728, 41.205512], [141.337141, 41.200011], [141.336736, 41.19812], [141.333758, 41.195555], [141.33011, 41.190839], [141.328596, 41.184599], [141.330211, 41.1821], [141.328683, 41.179144], [141.323318, 41.174362], [141.323938, 41.170359], [141.319329, 41.167491], [141.321154, 41.166066], [141.318499, 41.162398], [141.321705, 41.15975], [141.3207, 41.155622], [141.322955, 41.154107], [141.318639, 41.152508], [141.31057, 41.151691], [141.304977, 41.152452], [141.299901, 41.154348], [141.295184, 41.154886], [141.287972, 41.157831], [141.278662, 41.152905], [141.276326, 41.150699], [141.278346, 41.153952], [141.27906, 41.158343], [141.27385, 41.174927], [141.269014, 41.186796], [141.259688, 41.205659], [141.254677, 41.213845], [141.247662, 41.224181], [141.233703, 41.241514], [141.228957, 41.246408], [141.2194, 41.255347], [141.21125, 41.261997], [141.198273, 41.27204], [141.187892, 41.276994], [141.187737, 41.27941], [141.185241, 41.276796], [141.183807, 41.277982], [141.181027, 41.276429], [141.17241, 41.278604], [141.171112, 41.279617], [141.168068, 41.277871], [141.167574, 41.279264], [141.160036, 41.278188], [141.157359, 41.276129], [141.155018, 41.268237], [141.15054, 41.262541], [141.144399, 41.255631], [141.141119, 41.253508], [141.140013, 41.248931], [141.138682, 41.247049], [141.13323, 41.243863], [141.134497, 41.240006], [141.142859, 41.240434], [141.144574, 41.241095], [141.146517, 41.244863], [141.157597, 41.253057], [141.158242, 41.255003], [141.15819, 41.262082], [141.159372, 41.260435], [141.158382, 41.252253], [141.154319, 41.242796], [141.150123, 41.239398], [141.145612, 41.237149], [141.143602, 41.234029], [141.140118, 41.232833], [141.13627, 41.230362], [141.13029, 41.224679], [141.124046, 41.219972], [141.118054, 41.216715], [141.113351, 41.213353], [141.10919, 41.213947], [141.101501, 41.213523], [141.093891, 41.210655], [141.089188, 41.208146], [141.085906, 41.205459], [141.080243, 41.2037], [141.071394, 41.198228], [141.063133, 41.190562], [141.058159, 41.18344], [141.055591, 41.182555], [141.0485, 41.183284], [141.041963, 41.185388], [141.038796, 41.184632], [141.034699, 41.184995], [141.028429, 41.188154], [141.015427, 41.195494], [141.009566, 41.197516], [141.000254, 41.196846], [140.996888, 41.195151], [140.982532, 41.198976], [140.979339, 41.198903], [140.976889, 41.197282], [140.968521, 41.193934], [140.96394, 41.191021], [140.959777, 41.186723], [140.957373, 41.185857], [140.956145, 41.182425], [140.95182, 41.179364], [140.948153, 41.175191], [140.945191, 41.173858], [140.941179, 41.175382], [140.934697, 41.175509], [140.929734, 41.17333], [140.923155, 41.175619], [140.918157, 41.176078], [140.912193, 41.175112], [140.905895, 41.171646], [140.903736, 41.168113], [140.889738, 41.163487], [140.884661, 41.165555], [140.877003, 41.166892], [140.866179, 41.164583], [140.859559, 41.161399], [140.85455, 41.161429], [140.848608, 41.158625], [140.845327, 41.154545], [140.838845, 41.151436], [140.83275, 41.149724], [140.826889, 41.144699], [140.825341, 41.145375], [140.822703, 41.14178], [140.824056, 41.141127], [140.821733, 41.138723], [140.818558, 41.138079], [140.817596, 41.134641], [140.814932, 41.133694], [140.814438, 41.130515], [140.811492, 41.127654], [140.805578, 41.12981], [140.803085, 41.128739], [140.798664, 41.128896], [140.792271, 41.133328], [140.786641, 41.131292], [140.782865, 41.131408], [140.7772, 41.135881], [140.779143, 41.13859], [140.775115, 41.138975], [140.773671, 41.142123], [140.769556, 41.140605], [140.767099, 41.145522], [140.765915, 41.144165], [140.764197, 41.147679], [140.767149, 41.151354], [140.765893, 41.153517], [140.768286, 41.158606], [140.766826, 41.161367], [140.768681, 41.16432], [140.766763, 41.167429], [140.768712, 41.168593], [140.769046, 41.172168], [140.767381, 41.180566], [140.765401, 41.185285], [140.764162, 41.19105], [140.764225, 41.195277], [140.771219, 41.203215], [140.7789, 41.207461], [140.778284, 41.210135], [140.780931, 41.210505], [140.785811, 41.213412], [140.788538, 41.213582], [140.792575, 41.216977], [140.792715, 41.222841], [140.798279, 41.222841], [140.800477, 41.225097], [140.804114, 41.226221], [140.805194, 41.227816], [140.810404, 41.230839], [140.817998, 41.232751], [140.820383, 41.237638], [140.822819, 41.239446], [140.823604, 41.247572], [140.820468, 41.249869], [140.815922, 41.256186], [140.818783, 41.260214], [140.821989, 41.262643], [140.825765, 41.268874], [140.83169, 41.271185], [140.834645, 41.269017], [140.841817, 41.269756], [140.842829, 41.268159], [140.84779, 41.265514], [140.847808, 41.264193], [140.852421, 41.26158], [140.856418, 41.261534], [140.860796, 41.259686], [140.863482, 41.260282], [140.86827, 41.258292], [140.868838, 41.259638], [140.859974, 41.267155], [140.853385, 41.270861], [140.855721, 41.273673], [140.854948, 41.275508], [140.852627, 41.275711], [140.853053, 41.278168], [140.850004, 41.28249], [140.851978, 41.287174], [140.849449, 41.290262], [140.846068, 41.291752], [140.846446, 41.294089], [140.84079, 41.295043], [140.834706, 41.298629], [140.834942, 41.302316], [140.837962, 41.3047], [140.839225, 41.308151], [140.840489, 41.306744], [140.845799, 41.306887], [140.850207, 41.314541], [140.853193, 41.313301], [140.859434, 41.315353], [140.861093, 41.321452], [140.864126, 41.322203], [140.868709, 41.321024], [140.870163, 41.325381], [140.872569, 41.327692], [140.873554, 41.330697], [140.875965, 41.333048], [140.874101, 41.33541], [140.880181, 41.342002], [140.880181, 41.344501], [140.884117, 41.347536], [140.884093, 41.350158], [140.887091, 41.352297], [140.890409, 41.353281], [140.894458, 41.357177], [140.899987, 41.361135], [140.903545, 41.361903], [140.902481, 41.364544], [140.909051, 41.366156], [140.914746, 41.3656], [140.918455, 41.369452], [140.914138, 41.372784], [140.911468, 41.373757], [140.91496, 41.380532], [140.920214, 41.381857], [140.924681, 41.381674], [140.92663, 41.383438], [140.929338, 41.389594], [140.933224, 41.393055], [140.933604, 41.39452], [140.930756, 41.397161], [140.927933, 41.397952], [140.928794, 41.400284], [140.931666, 41.401237], [140.934793, 41.40726], [140.937223, 41.407699], [140.939044, 41.412052], [140.937728, 41.414722], [140.939336, 41.415512], [140.940368, 41.421059], [140.944612, 41.422542], [140.945152, 41.426879], [140.949645, 41.425349], [140.956713, 41.423968], [140.960503, 41.42536], [140.960966, 41.427275], [140.965586, 41.431513], [140.967594, 41.435155], [140.972022, 41.435856], [140.975233, 41.43905], [140.982471, 41.438235], [140.986577, 41.436975], [140.990867, 41.437324], [140.992264, 41.439106], [140.99524, 41.439908], [140.999369, 41.438571], [141.002605, 41.435381], [141.002872, 41.43169], [141.004537, 41.430473], [141.007505, 41.423652], [141.01251, 41.421525], [141.022333, 41.421136], [141.024069, 41.422853], [141.02783, 41.420754], [141.031023, 41.42498], [141.038997, 41.426362], [141.044197, 41.43049], [141.047372, 41.429781], [141.050709, 41.434075], [141.05119, 41.438682], [141.048694, 41.440352], [141.047715, 41.444932], [141.051129, 41.446366], [141.053126, 41.444837], [141.055345, 41.445496], [141.060362, 41.444057], [141.063304, 41.44685], [141.068803, 41.447728], [141.07193, 41.446858], [141.076419, 41.448977], [141.081957, 41.448717], [141.084109, 41.451424], [141.090006, 41.450706], [141.091286, 41.45214], [141.095364, 41.451226], [141.102319, 41.452026], [141.104974, 41.451357], [141.110859, 41.454755], [141.114231, 41.45424], [141.115689, 41.455659], [141.118255, 41.454629], [141.119752, 41.455785], [141.119942, 41.450983], [141.121636, 41.448404], [141.127477, 41.442081], [141.131531, 41.439491], [141.133492, 41.436362], [141.136527, 41.434217], [141.141143, 41.434348], [141.147411, 41.429387], [141.151163, 41.42275], [141.154129, 41.419538], [141.159951, 41.415415], [141.164656, 41.414248], [141.167725, 41.410905], [141.177002, 41.403283], [141.179756, 41.398061], [141.185564, 41.392751], [141.192586, 41.387131], [141.198931, 41.382953], [141.213938, 41.374494], [141.228246, 41.368814], [141.231352, 41.366569], [141.242799, 41.362069], [141.246578, 41.361155]]]]}}, {"type": "Feature", "properties": {"N03_001": "青森県", "N03_002": null, "N03_003": null, "N03_004": "つがる市", "N03_007": "02209", "id": "gci:02209A2005", "code": "02209", "name": "つがる市"}, "geometry": {"type": "MultiPolygon", "coordinates": [[[[140.411985, 40.936612], [140.411985, 40.936612]]], [[[140.419009, 40.921871], [140.417034, 40.919421], [140.41659, 40.912857], [140.417554, 40.910839], [140.419956, 40.910328], [140.427587, 40.910634], [140.429065, 40.908914], [140.426457, 40.904888], [140.427902, 40.899441], [140.422795, 40.899394], [140.420662, 40.896611], [140.424779, 40.896255], [140.425347, 40.89366], [140.421164, 40.89361], [140.419337, 40.891078], [140.421247, 40.890184], [140.421341, 40.887257], [140.413681, 40.882781], [140.404356, 40.881448], [140.403814, 40.879557], [140.406423, 40.876297], [140.406675, 40.87146], [140.40304, 40.870163], [140.399957, 40.867377], [140.400451, 40.861625], [140.399249, 40.857124], [140.400416, 40.849572], [140.401364, 40.848234], [140.40744, 40.846377], [140.40897, 40.843217], [140.410755, 40.835991], [140.413126, 40.832879], [140.417259, 40.829728], [140.421145, 40.823697], [140.425085, 40.821024], [140.422736, 40.819077], [140.423872, 40.816324], [140.41871, 40.815234], [140.420369, 40.810776], [140.4229, 40.806501], [140.426197, 40.807976], [140.42493, 40.810395], [140.42743, 40.811145], [140.429084, 40.809105], [140.437236, 40.809583], [140.437883, 40.803402], [140.435975, 40.797722], [140.437876, 40.793603], [140.43749, 40.789643], [140.435479, 40.787958], [140.426999, 40.788095], [140.423979, 40.787488], [140.421103, 40.783088], [140.417154, 40.779967], [140.414643, 40.776484], [140.415537, 40.774537], [140.420277, 40.772032], [140.421352, 40.765823], [140.422382, 40.76458], [140.419499, 40.762645], [140.416072, 40.763543], [140.414588, 40.76174], [140.407365, 40.772403], [140.406437, 40.770813], [140.400982, 40.769856], [140.400665, 40.774684], [140.397485, 40.77882], [140.394178, 40.778244], [140.387084, 40.785208], [140.384237, 40.783573], [140.377925, 40.789817], [140.370995, 40.785513], [140.373594, 40.783198], [140.372188, 40.78159], [140.365324, 40.784465], [140.362037, 40.787207], [140.360968, 40.783707], [140.362951, 40.781762], [140.36747, 40.781238], [140.367081, 40.77918], [140.372403, 40.778583], [140.375582, 40.77591], [140.370514, 40.771259], [140.367383, 40.771331], [140.361108, 40.769333], [140.353448, 40.765006], [140.349951, 40.764799], [140.342462, 40.76182], [140.339623, 40.759222], [140.33608, 40.759626], [140.333115, 40.761421], [140.330422, 40.759842], [140.329463, 40.757101], [140.325837, 40.759256], [140.317456, 40.765786], [140.310812, 40.769895], [140.306699, 40.769682], [140.297951, 40.770958], [140.293945, 40.773197], [140.291766, 40.772778], [140.289509, 40.776314], [140.287142, 40.782032], [140.284443, 40.78556], [140.278887, 40.789874], [140.275937, 40.791425], [140.273336, 40.794223], [140.276153, 40.796478], [140.275235, 40.797849], [140.27109, 40.798099], [140.270307, 40.8002], [140.258602, 40.799899], [140.249932, 40.800467], [140.257913, 40.810812], [140.269081, 40.829582], [140.277344, 40.847112], [140.277681, 40.849915], [140.279908, 40.852572], [140.284746, 40.863871], [140.292094, 40.884564], [140.298827, 40.905814], [140.302075, 40.917086], [140.304238, 40.926609], [140.305108, 40.92848], [140.308559, 40.942862], [140.311877, 40.958443], [140.31383, 40.969153], [140.313301, 40.973313], [140.315587, 40.978921], [140.318949, 40.999812], [140.322172, 41.000487], [140.326025, 41.006131], [140.329769, 41.008393], [140.332765, 41.007448], [140.338299, 41.00809], [140.343288, 41.002637], [140.347436, 40.999425], [140.357198, 40.995078], [140.357981, 40.993173], [140.36603, 40.998759], [140.365059, 41.00219], [140.359744, 41.005132], [140.362444, 41.010267], [140.367007, 41.012064], [140.37296, 41.010514], [140.379066, 41.005858], [140.38194, 41.00181], [140.381955, 40.996953], [140.382917, 40.995224], [140.390441, 40.987659], [140.392458, 40.980618], [140.390671, 40.976102], [140.387725, 40.973175], [140.380181, 40.963656], [140.376638, 40.957242], [140.37718, 40.954062], [140.375657, 40.951285], [140.37999, 40.948181], [140.379398, 40.943888], [140.380342, 40.941596], [140.385804, 40.938419], [140.38918, 40.940505], [140.391849, 40.940242], [140.394388, 40.941917], [140.400053, 40.941431], [140.405661, 40.93696], [140.412287, 40.938419], [140.414413, 40.937288], [140.414413, 40.935325], [140.411135, 40.937195], [140.417318, 40.928509], [140.416953, 40.926059], [140.419009, 40.921871]]]]}}, {"type": "Feature", "properties": {"OBJECTID": 425, "N03_001": "青森県", "N03_002": null, "N03_003": null, "N03_004": "平川市", "N03_007": "02210", "Shape_Leng": 1.667298763091841, "Shape_Area": 0.036768949660962, "id": "gci:02210A2006", "code": "02210", "name": "平川市"}, "geometry": {"type": "MultiPolygon", "coordinates": [[[[140.844267, 40.605921], [140.852801, 40.609411], [140.859006, 40.610214], [140.862916, 40.60964], [140.858088, 40.605137], [140.858346, 40.603828], [140.863029, 40.597541], [140.858761, 40.588525], [140.861535, 40.586515], [140.866316, 40.585174], [140.86525, 40.58164], [140.866852, 40.580594], [140.866683, 40.574039], [140.865368, 40.567727], [140.863257, 40.561854], [140.864428, 40.55873], [140.86209, 40.554221], [140.858042, 40.551329], [140.857032, 40.548789], [140.853357, 40.547586], [140.851449, 40.544953], [140.857177, 40.540433], [140.860737, 40.539696], [140.861602, 40.536719], [140.864537, 40.532935], [140.8682, 40.529885], [140.871483, 40.522328], [140.87562, 40.517912], [140.877692, 40.512766], [140.880061, 40.510247], [140.876787, 40.511063], [140.873176, 40.509452], [140.864432, 40.507749], [140.861205, 40.506388], [140.858661, 40.506851], [140.852297, 40.505256], [140.848658, 40.507642], [140.845021, 40.50736], [140.841785, 40.505067], [140.842316, 40.503949], [140.836542, 40.504125], [140.83447, 40.501339], [140.83115, 40.500626], [140.827247, 40.496234], [140.822076, 40.496304], [140.820026, 40.495331], [140.818649, 40.492543], [140.81632, 40.49116], [140.814681, 40.488439], [140.810629, 40.48713], [140.810697, 40.483141], [140.80968, 40.481783], [140.811488, 40.478556], [140.808706, 40.470409], [140.808874, 40.464068], [140.807659, 40.461383], [140.807716, 40.457808], [140.805659, 40.454037], [140.805117, 40.449992], [140.803404, 40.448589], [140.798618, 40.449481], [140.793215, 40.449404], [140.791025, 40.452358], [140.791006, 40.454478], [140.788989, 40.456841], [140.786847, 40.457232], [140.781007, 40.455297], [140.775417, 40.452033], [140.772412, 40.451227], [140.769383, 40.453915], [140.762713, 40.451247], [140.760792, 40.447423], [140.756847, 40.445575], [140.756419, 40.443417], [140.752704, 40.439173], [140.747662, 40.43926], [140.741289, 40.437942], [140.738068, 40.439575], [140.734094, 40.439683], [140.732739, 40.435937], [140.735469, 40.434083], [140.73145, 40.431707], [140.731616, 40.430498], [140.735858, 40.42786], [140.735924, 40.425315], [140.734215, 40.423074], [140.735576, 40.419379], [140.73357, 40.415802], [140.727062, 40.415714], [140.723016, 40.416611], [140.721983, 40.419132], [140.717468, 40.421109], [140.717559, 40.425806], [140.716075, 40.427565], [140.709596, 40.429631], [140.709089, 40.427947], [140.702655, 40.427126], [140.699228, 40.429416], [140.691699, 40.426846], [140.687522, 40.427022], [140.686362, 40.422442], [140.68839, 40.421669], [140.687258, 40.41842], [140.684721, 40.416429], [140.682341, 40.416586], [140.677701, 40.414996], [140.675446, 40.412104], [140.666453, 40.411593], [140.664289, 40.406872], [140.661481, 40.404448], [140.659796, 40.405251], [140.653692, 40.403605], [140.648641, 40.404026], [140.645232, 40.403091], [140.641038, 40.405184], [140.634053, 40.402336], [140.632482, 40.403859], [140.635153, 40.406409], [140.636291, 40.409485], [140.633935, 40.41098], [140.632934, 40.417713], [140.625475, 40.421525], [140.625569, 40.424099], [140.623613, 40.42452], [140.618091, 40.423289], [140.612044, 40.423684], [140.605894, 40.426004], [140.603879, 40.427569], [140.603595, 40.429923], [140.599198, 40.432981], [140.59446, 40.435097], [140.58973, 40.436113], [140.595065, 40.439984], [140.597458, 40.440526], [140.599152, 40.44265], [140.601044, 40.448619], [140.599158, 40.449906], [140.601263, 40.452868], [140.599209, 40.462422], [140.599995, 40.466376], [140.597473, 40.469482], [140.598636, 40.475607], [140.596088, 40.477988], [140.592873, 40.477885], [140.58914, 40.482462], [140.583412, 40.485177], [140.584859, 40.486802], [140.588946, 40.487715], [140.592156, 40.49052], [140.593063, 40.493481], [140.599486, 40.49306], [140.602635, 40.490324], [140.60601, 40.488937], [140.605135, 40.485988], [140.607199, 40.479738], [140.610999, 40.4788], [140.614078, 40.480724], [140.614391, 40.483746], [140.616093, 40.48651], [140.617324, 40.491329], [140.619448, 40.492429], [140.619516, 40.495032], [140.621192, 40.497926], [140.62395, 40.49895], [140.625416, 40.495645], [140.630421, 40.494327], [140.635896, 40.494983], [140.644517, 40.493381], [140.648414, 40.493853], [140.654275, 40.49643], [140.656826, 40.498371], [140.666184, 40.502584], [140.671881, 40.507255], [140.675791, 40.508326], [140.678921, 40.511035], [140.676497, 40.517023], [140.677205, 40.521791], [140.674349, 40.521996], [140.67118, 40.525991], [140.669558, 40.525885], [140.667445, 40.528562], [140.663356, 40.530437], [140.659092, 40.530553], [140.657518, 40.531602], [140.648471, 40.531674], [140.644937, 40.534157], [140.645431, 40.536565], [140.644434, 40.541122], [140.641272, 40.54006], [140.639965, 40.536999], [140.633087, 40.535121], [140.63062, 40.535743], [140.63168, 40.538052], [140.627528, 40.540517], [140.621166, 40.537419], [140.619201, 40.537561], [140.615608, 40.535514], [140.609281, 40.536238], [140.603691, 40.539528], [140.60231, 40.539052], [140.598149, 40.542837], [140.597808, 40.5495], [140.593172, 40.550778], [140.592082, 40.555263], [140.590427, 40.556568], [140.58358, 40.558583], [140.579489, 40.563511], [140.576524, 40.562555], [140.571097, 40.564239], [140.569534, 40.56269], [140.56427, 40.563745], [140.561912, 40.563224], [140.562587, 40.565524], [140.559628, 40.563963], [140.557608, 40.559821], [140.552687, 40.560759], [140.550928, 40.555452], [140.548213, 40.554935], [140.54398, 40.557449], [140.542953, 40.556837], [140.538156, 40.559068], [140.535076, 40.563196], [140.533328, 40.566957], [140.530205, 40.57036], [140.531602, 40.571958], [140.5341, 40.571286], [140.538733, 40.574327], [140.535885, 40.576877], [140.529244, 40.573038], [140.526295, 40.577866], [140.528195, 40.588086], [140.525819, 40.598071], [140.526357, 40.60853], [140.524724, 40.613157], [140.523603, 40.613884], [140.515016, 40.614497], [140.509988, 40.61127], [140.508912, 40.613227], [140.513836, 40.61524], [140.515611, 40.616088], [140.51614, 40.6194], [140.518375, 40.623877], [140.521315, 40.625415], [140.525869, 40.62593], [140.527235, 40.628503], [140.529777, 40.627722], [140.536368, 40.629921], [140.53905, 40.628086], [140.544293, 40.626685], [140.542164, 40.623953], [140.557038, 40.623431], [140.557237, 40.624919], [140.563599, 40.6244], [140.568247, 40.62796], [140.572098, 40.626724], [140.572765, 40.627804], [140.568179, 40.628482], [140.570614, 40.630098], [140.576993, 40.630926], [140.582077, 40.630955], [140.582894, 40.630047], [140.589142, 40.629829], [140.589245, 40.62737], [140.591603, 40.627456], [140.591868, 40.622471], [140.598524, 40.62218], [140.598686, 40.619321], [140.602021, 40.619392], [140.603492, 40.616278], [140.611377, 40.617135], [140.60776, 40.614445], [140.606814, 40.612308], [140.618344, 40.611119], [140.622849, 40.608795], [140.626389, 40.603224], [140.63194, 40.602867], [140.63418, 40.601773], [140.638026, 40.601793], [140.644541, 40.597041], [140.645807, 40.594883], [140.650239, 40.593743], [140.653663, 40.589709], [140.656371, 40.588438], [140.655777, 40.586702], [140.657446, 40.582577], [140.659538, 40.582036], [140.659468, 40.578483], [140.657411, 40.577235], [140.65655, 40.571394], [140.654135, 40.569846], [140.6512, 40.56573], [140.651935, 40.561869], [140.656159, 40.558047], [140.660115, 40.558719], [140.662954, 40.560431], [140.666702, 40.558348], [140.669582, 40.560573], [140.671031, 40.564195], [140.673168, 40.566166], [140.677089, 40.567206], [140.681661, 40.570421], [140.682758, 40.568225], [140.685894, 40.566617], [140.684719, 40.563505], [140.6857, 40.560133], [140.692558, 40.556603], [140.693071, 40.551783], [140.68978, 40.550615], [140.692951, 40.548535], [140.695268, 40.54521], [140.701074, 40.544171], [140.703054, 40.541377], [140.709917, 40.537494], [140.718807, 40.536866], [140.723467, 40.535601], [140.730224, 40.535518], [140.732871, 40.534747], [140.738907, 40.536739], [140.741864, 40.535814], [140.746558, 40.537268], [140.747821, 40.542003], [140.749718, 40.545815], [140.753947, 40.54683], [140.75646, 40.554039], [140.753276, 40.557022], [140.752542, 40.559702], [140.75526, 40.561305], [140.759642, 40.565875], [140.767551, 40.570143], [140.774549, 40.568249], [140.775729, 40.566524], [140.779265, 40.566457], [140.784723, 40.567711], [140.789078, 40.566268], [140.794629, 40.568084], [140.797422, 40.567482], [140.802696, 40.568779], [140.806328, 40.571847], [140.811523, 40.572504], [140.814512, 40.575946], [140.815852, 40.579536], [140.820916, 40.588446], [140.825337, 40.598038], [140.833421, 40.599569], [140.835641, 40.601516], [140.842646, 40.603382], [140.844267, 40.605921]]]]}}, {"type": "Feature", "properties": {"N03_001": "青森県", "N03_002": null, "N03_003": "東津軽郡", "N03_004": "平内町", "N03_007": "02301", "id": "gci:02301A1968", "code": "02301", "name": "平内町"}, "geometry": {"type": "MultiPolygon", "coordinates": [[[[140.855278, 40.93514], [140.857942, 40.933273], [140.853225, 40.931435], [140.855278, 40.93514]]], [[[141.084125, 40.886198], [141.076751, 40.885981], [141.072588, 40.884026], [141.06738, 40.883425], [141.063745, 40.881683], [141.058325, 40.880961], [141.047022, 40.877075], [141.043711, 40.874207], [141.042885, 40.871843], [141.044011, 40.869572], [141.041635, 40.864898], [141.043165, 40.858299], [141.045567, 40.857594], [141.046778, 40.854246], [141.046198, 40.851959], [141.042339, 40.847213], [141.039454, 40.846771], [141.039402, 40.840386], [141.035291, 40.839152], [141.02937, 40.838584], [141.022451, 40.836782], [141.018069, 40.837155], [141.019486, 40.83254], [141.018931, 40.831197], [141.020143, 40.825955], [141.016507, 40.821463], [141.016734, 40.81985], [141.008196, 40.818276], [141.006705, 40.816606], [141.003674, 40.815071], [140.996114, 40.815002], [140.993061, 40.813097], [140.989927, 40.81315], [140.988024, 40.810825], [140.988142, 40.808487], [140.986149, 40.807088], [140.980609, 40.806185], [140.977313, 40.807253], [140.968267, 40.814505], [140.960229, 40.815198], [140.957707, 40.817706], [140.954866, 40.817952], [140.954573, 40.820948], [140.95628, 40.825468], [140.95614, 40.830408], [140.950113, 40.837004], [140.941961, 40.838743], [140.93829, 40.842509], [140.93228, 40.842805], [140.930051, 40.845477], [140.933414, 40.851386], [140.93129, 40.856198], [140.924045, 40.858501], [140.922703, 40.860756], [140.919073, 40.863199], [140.912989, 40.864808], [140.912672, 40.867415], [140.910263, 40.871468], [140.905423, 40.872863], [140.903124, 40.876026], [140.89651, 40.879399], [140.8921, 40.884687], [140.893816, 40.887084], [140.888282, 40.889429], [140.88826, 40.893526], [140.889847, 40.895756], [140.88515, 40.896064], [140.883002, 40.897066], [140.881431, 40.90234], [140.876144, 40.900748], [140.872473, 40.900841], [140.867673, 40.903028], [140.861338, 40.902705], [140.858916, 40.903953], [140.860951, 40.9051], [140.861703, 40.903524], [140.865119, 40.903907], [140.8678, 40.909886], [140.868854, 40.909815], [140.869855, 40.915297], [140.868812, 40.91853], [140.865154, 40.920167], [140.866371, 40.924046], [140.868786, 40.925612], [140.866279, 40.93169], [140.867182, 40.934968], [140.866819, 40.940553], [140.868784, 40.942266], [140.871376, 40.942267], [140.87015, 40.945978], [140.865724, 40.945341], [140.86176, 40.947362], [140.857303, 40.944136], [140.851626, 40.946411], [140.847784, 40.948798], [140.844733, 40.949023], [140.838544, 40.951285], [140.838496, 40.953165], [140.844584, 40.953256], [140.846916, 40.954538], [140.848514, 40.953654], [140.852721, 40.95443], [140.855103, 40.956932], [140.858978, 40.956034], [140.86226, 40.957092], [140.863855, 40.959771], [140.863143, 40.962895], [140.859524, 40.962326], [140.858746, 40.965798], [140.860291, 40.968741], [140.859965, 40.971653], [140.863886, 40.974059], [140.866928, 40.974182], [140.867826, 40.977189], [140.872143, 40.977014], [140.872794, 40.981396], [140.869688, 40.983866], [140.866732, 40.982958], [140.863512, 40.984742], [140.869796, 40.987192], [140.871229, 40.986925], [140.876544, 40.9933], [140.879938, 41.001331], [140.880769, 41.006506], [140.8788, 41.009802], [140.882235, 41.008634], [140.889443, 41.010799], [140.896102, 41.008987], [140.900001, 41.008972], [140.903159, 41.007912], [140.907346, 41.004978], [140.915246, 40.997831], [140.915583, 40.995829], [140.920428, 40.993049], [140.933882, 40.99307], [140.939157, 40.995137], [140.943305, 40.992879], [140.949217, 40.991882], [140.950336, 40.985545], [140.952978, 40.982005], [140.958682, 40.977473], [140.961184, 40.973416], [140.968425, 40.96893], [140.970696, 40.96823], [140.976469, 40.963347], [140.98211, 40.961379], [140.984481, 40.95961], [140.981669, 40.957719], [140.982324, 40.955261], [140.97798, 40.948208], [140.979433, 40.946783], [140.979818, 40.943526], [140.976819, 40.941276], [140.972638, 40.940621], [140.970748, 40.936048], [140.972378, 40.934381], [140.978548, 40.933122], [140.981892, 40.933911], [140.993936, 40.934913], [140.997535, 40.936956], [141.001679, 40.935771], [141.006801, 40.932133], [141.020598, 40.929851], [141.023264, 40.924664], [141.031003, 40.920791], [141.034543, 40.917521], [141.039406, 40.91649], [141.042431, 40.914919], [141.048817, 40.915355], [141.054772, 40.917062], [141.056518, 40.915732], [141.064246, 40.913337], [141.066847, 40.910156], [141.067395, 40.907475], [141.070481, 40.903652], [141.078873, 40.896376], [141.084125, 40.886198]]], [[[140.872003, 41.01729], [140.877908, 41.00996], [140.871393, 41.012555], [140.872022, 41.014459], [140.870545, 41.016543], [140.872003, 41.01729]]]]}}, {"type": "Feature", "properties": {"N03_001": "青森県", "N03_002": null, "N03_003": "東津軽郡", "N03_004": "今別町", "N03_007": "02303", "id": "gci:02303A1968", "code": "02303", "name": "今別町"}, "geometry": {"type": "MultiPolygon", "coordinates": [[[[140.594016, 41.216389], [140.595093, 41.214468], [140.594044, 41.206856], [140.596138, 41.203178], [140.599569, 41.199494], [140.60041, 41.196142], [140.603378, 41.191129], [140.598608, 41.189401], [140.59892, 41.186871], [140.597766, 41.181941], [140.593981, 41.182131], [140.591568, 41.183314], [140.586926, 41.180384], [140.58525, 41.177394], [140.582035, 41.175496], [140.581699, 41.172242], [140.57874, 41.169607], [140.580374, 41.16505], [140.58032, 41.159275], [140.579115, 41.156499], [140.580623, 41.152492], [140.578211, 41.151445], [140.573422, 41.151322], [140.572109, 41.145651], [140.570199, 41.145322], [140.56917, 41.139037], [140.565319, 41.137997], [140.565841, 41.132636], [140.557984, 41.123046], [140.552387, 41.121225], [140.550549, 41.118718], [140.551601, 41.115507], [140.553985, 41.115072], [140.554105, 41.111509], [140.551085, 41.110516], [140.549225, 41.107106], [140.544113, 41.104179], [140.540881, 41.103934], [140.539609, 41.102389], [140.536578, 41.103413], [140.532242, 41.108016], [140.525469, 41.108745], [140.523771, 41.106513], [140.519492, 41.107473], [140.513102, 41.1048], [140.502328, 41.103444], [140.497216, 41.103389], [140.49184, 41.106938], [140.491481, 41.108226], [140.484427, 41.109378], [140.47968, 41.106015], [140.473056, 41.107325], [140.464524, 41.111765], [140.461462, 41.117316], [140.457146, 41.11698], [140.454082, 41.117672], [140.443347, 41.115895], [140.440267, 41.117681], [140.436198, 41.118424], [140.433466, 41.120126], [140.429513, 41.120074], [140.42679, 41.121402], [140.42314, 41.119626], [140.419252, 41.119434], [140.416216, 41.120873], [140.41091, 41.121561], [140.406858, 41.120968], [140.410045, 41.126194], [140.416549, 41.128094], [140.419582, 41.131383], [140.428542, 41.131364], [140.435789, 41.137817], [140.433665, 41.142001], [140.438213, 41.145192], [140.437511, 41.147245], [140.439481, 41.150463], [140.442313, 41.151876], [140.441902, 41.156359], [140.4427, 41.158009], [140.440466, 41.159772], [140.440787, 41.16317], [140.439153, 41.164973], [140.438445, 41.169289], [140.44094, 41.17435], [140.443908, 41.175536], [140.444789, 41.178664], [140.446411, 41.178264], [140.449204, 41.182406], [140.448137, 41.186202], [140.448826, 41.188717], [140.45512, 41.188662], [140.45927, 41.187744], [140.461656, 41.186165], [140.462045, 41.182899], [140.468042, 41.181783], [140.477422, 41.183271], [140.482176, 41.183274], [140.490985, 41.186094], [140.500199, 41.190847], [140.507555, 41.19577], [140.519446, 41.205353], [140.521852, 41.209141], [140.520609, 41.212582], [140.523424, 41.217633], [140.527821, 41.221461], [140.53453, 41.22158], [140.536943, 41.218146], [140.538632, 41.21786], [140.542686, 41.220215], [140.546074, 41.223369], [140.547553, 41.227926], [140.553113, 41.226624], [140.555003, 41.224364], [140.559964, 41.22501], [140.562266, 41.224352], [140.56338, 41.226617], [140.568027, 41.223734], [140.574557, 41.223343], [140.579032, 41.222404], [140.586024, 41.218155], [140.590987, 41.216461], [140.594016, 41.216389]]]]}}, {"type": "Feature", "properties": {"OBJECTID": 474, "N03_001": "青森県", "N03_002": null, "N03_003": "東津軽郡", "N03_004": "蓬田村", "N03_007": "02304", "Shape_Leng": 0.512115292847148, "Shape_Area": 0.008651139523104, "id": "gci:02304A1968", "code": "02304", "name": "蓬田村"}, "geometry": {"type": "MultiPolygon", "coordinates": [[[[140.646751, 41.029314], [140.647559, 41.023741], [140.649985, 41.01279], [140.652512, 41.008106], [140.651742, 41.0054], [140.653148, 40.997687], [140.65268, 40.997282], [140.654275, 40.989867], [140.656271, 40.983251], [140.655947, 40.979613], [140.657553, 40.972173], [140.657276, 40.968662], [140.658771, 40.956436], [140.660792, 40.948453], [140.651913, 40.950263], [140.649983, 40.94931], [140.643053, 40.950338], [140.640601, 40.94914], [140.632325, 40.950621], [140.630694, 40.949739], [140.627405, 40.950692], [140.616043, 40.951787], [140.614856, 40.948122], [140.611884, 40.950943], [140.608873, 40.950431], [140.60674, 40.953001], [140.604722, 40.957886], [140.605253, 40.959867], [140.593371, 40.96436], [140.587473, 40.965482], [140.582665, 40.964229], [140.581506, 40.962751], [140.576218, 40.964539], [140.569449, 40.968503], [140.563087, 40.970224], [140.553596, 40.969264], [140.54777, 40.970556], [140.549638, 40.976753], [140.551161, 40.977875], [140.545783, 40.983042], [140.542704, 40.983534], [140.539495, 40.982698], [140.532972, 40.988303], [140.527567, 40.988687], [140.528618, 40.991717], [140.527497, 40.993644], [140.524814, 40.99382], [140.521658, 40.99569], [140.522099, 40.997428], [140.520454, 41.000357], [140.522543, 41.00478], [140.522027, 41.007131], [140.517276, 41.007538], [140.516135, 41.009141], [140.516811, 41.012965], [140.515775, 41.014714], [140.518889, 41.02293], [140.524868, 41.022504], [140.532622, 41.024088], [140.538433, 41.022979], [140.540376, 41.023625], [140.545545, 41.022202], [140.550126, 41.023564], [140.549116, 41.026227], [140.564584, 41.0302], [140.569143, 41.030093], [140.570413, 41.03095], [140.577699, 41.028215], [140.582809, 41.028664], [140.587617, 41.032062], [140.58989, 41.032342], [140.591212, 41.030476], [140.594866, 41.030815], [140.598354, 41.032942], [140.602445, 41.032817], [140.60448, 41.031091], [140.608663, 41.030538], [140.611781, 41.031501], [140.612791, 41.034251], [140.614695, 41.034049], [140.617761, 41.036606], [140.62082, 41.034248], [140.622755, 41.035754], [140.625794, 41.03501], [140.629322, 41.03612], [140.634335, 41.031418], [140.639196, 41.029668], [140.646751, 41.029314]]]]}}, {"type": "Feature", "properties": {"N03_001": "青森県", "N03_002": null, "N03_003": "東津軽郡", "N03_004": "外ヶ浜町", "N03_007": "02307", "id": "gci:02307A2005", "code": "02307", "name": "外ヶ浜町"}, "geometry": {"type": "MultiPolygon", "coordinates": [[[[140.646751, 41.029314], [140.639196, 41.029668], [140.634335, 41.031418], [140.629322, 41.03612], [140.625794, 41.03501], [140.622755, 41.035754], [140.62082, 41.034248], [140.617761, 41.036606], [140.614695, 41.034049], [140.612791, 41.034251], [140.611781, 41.031501], [140.608663, 41.030538], [140.60448, 41.031091], [140.602445, 41.032817], [140.598354, 41.032942], [140.594866, 41.030815], [140.591212, 41.030476], [140.58989, 41.032342], [140.587617, 41.032062], [140.582809, 41.028664], [140.577699, 41.028215], [140.570413, 41.03095], [140.569143, 41.030093], [140.564584, 41.0302], [140.549116, 41.026227], [140.550126, 41.023564], [140.545545, 41.022202], [140.540376, 41.023625], [140.538433, 41.022979], [140.532622, 41.024088], [140.524868, 41.022504], [140.518889, 41.02293], [140.518415, 41.026787], [140.519308, 41.028976], [140.514323, 41.029927], [140.511524, 41.031551], [140.515073, 41.033041], [140.51511, 41.037274], [140.510667, 41.037423], [140.50952, 41.039203], [140.505658, 41.039975], [140.501705, 41.043277], [140.497323, 41.05089], [140.494309, 41.052717], [140.494978, 41.055749], [140.497576, 41.056705], [140.496781, 41.059095], [140.497675, 41.062018], [140.494338, 41.063738], [140.495356, 41.068541], [140.493608, 41.071438], [140.489752, 41.071105], [140.485211, 41.07677], [140.476535, 41.080677], [140.47348, 41.083669], [140.467022, 41.085344], [140.462638, 41.087964], [140.464174, 41.089434], [140.461604, 41.090766], [140.458092, 41.096792], [140.455192, 41.099356], [140.456728, 41.104145], [140.458136, 41.10426], [140.458973, 41.108252], [140.464524, 41.111765], [140.473056, 41.107325], [140.47968, 41.106015], [140.484427, 41.109378], [140.491481, 41.108226], [140.49184, 41.106938], [140.497216, 41.103389], [140.502328, 41.103444], [140.513102, 41.1048], [140.519492, 41.107473], [140.523771, 41.106513], [140.525469, 41.108745], [140.532242, 41.108016], [140.536578, 41.103413], [140.539609, 41.102389], [140.540881, 41.103934], [140.544113, 41.104179], [140.549225, 41.107106], [140.551085, 41.110516], [140.554105, 41.111509], [140.553985, 41.115072], [140.551601, 41.115507], [140.550549, 41.118718], [140.552387, 41.121225], [140.557984, 41.123046], [140.565841, 41.132636], [140.565319, 41.137997], [140.56917, 41.139037], [140.570199, 41.145322], [140.572109, 41.145651], [140.573422, 41.151322], [140.578211, 41.151445], [140.580623, 41.152492], [140.579115, 41.156499], [140.58032, 41.159275], [140.580374, 41.16505], [140.57874, 41.169607], [140.581699, 41.172242], [140.582035, 41.175496], [140.58525, 41.177394], [140.586926, 41.180384], [140.591568, 41.183314], [140.593981, 41.182131], [140.597766, 41.181941], [140.59892, 41.186871], [140.598608, 41.189401], [140.603378, 41.191129], [140.60041, 41.196142], [140.599569, 41.199494], [140.596138, 41.203178], [140.594044, 41.206856], [140.595093, 41.214468], [140.594016, 41.216389], [140.604154, 41.214374], [140.606788, 41.212255], [140.612568, 41.202529], [140.617689, 41.196962], [140.621454, 41.196087], [140.626319, 41.192936], [140.632139, 41.191678], [140.634318, 41.188538], [140.63717, 41.186291], [140.641755, 41.179051], [140.643739, 41.172397], [140.640063, 41.161285], [140.638346, 41.15384], [140.639497, 41.151962], [140.639478, 41.148004], [140.637307, 41.143631], [140.633621, 41.132417], [140.633133, 41.128513], [140.634211, 41.124889], [140.632093, 41.116802], [140.633302, 41.110789], [140.632777, 41.109712], [140.631523, 41.097939], [140.634069, 41.087962], [140.634582, 41.07842], [140.637377, 41.072818], [140.638839, 41.061775], [140.641694, 41.057816], [140.645536, 41.048908], [140.645201, 41.041075], [140.646578, 41.033733], [140.646751, 41.029314]]], [[[140.448826, 41.188717], [140.448137, 41.186202], [140.449204, 41.182406], [140.446411, 41.178264], [140.444789, 41.178664], [140.443908, 41.175536], [140.44094, 41.17435], [140.438445, 41.169289], [140.439153, 41.164973], [140.440787, 41.16317], [140.440466, 41.159772], [140.4427, 41.158009], [140.441902, 41.156359], [140.442313, 41.151876], [140.439481, 41.150463], [140.437511, 41.147245], [140.438213, 41.145192], [140.433665, 41.142001], [140.435789, 41.137817], [140.428542, 41.131364], [140.419582, 41.131383], [140.416549, 41.128094], [140.410045, 41.126194], [140.406858, 41.120968], [140.404478, 41.12209], [140.39924, 41.12215], [140.395933, 41.125702], [140.39125, 41.127054], [140.385813, 41.13487], [140.378474, 41.139518], [140.376631, 41.14369], [140.372641, 41.145314], [140.372564, 41.147905], [140.370307, 41.150042], [140.366323, 41.150975], [140.363193, 41.1528], [140.363455, 41.154958], [140.365722, 41.157631], [140.368027, 41.162131], [140.370582, 41.173368], [140.368512, 41.179735], [140.369559, 41.187213], [140.373379, 41.188946], [140.371496, 41.193237], [140.375532, 41.196043], [140.376437, 41.199537], [140.373631, 41.199974], [140.371365, 41.203047], [140.372462, 41.210147], [140.369518, 41.210451], [140.36818, 41.214204], [140.36525, 41.217549], [140.363698, 41.217315], [140.36191, 41.219858], [140.361626, 41.224845], [140.363259, 41.229918], [140.36202, 41.235007], [140.35835, 41.236649], [140.354217, 41.241197], [140.355465, 41.243832], [140.352926, 41.246624], [140.349069, 41.248902], [140.345345, 41.24784], [140.342182, 41.248993], [140.341627, 41.252685], [140.339361, 41.254817], [140.338935, 41.259902], [140.344573, 41.261422], [140.346429, 41.258878], [140.350017, 41.258182], [140.352371, 41.255323], [140.359227, 41.253481], [140.361718, 41.250025], [140.364963, 41.250763], [140.36603, 41.249192], [140.370908, 41.248446], [140.375532, 41.246877], [140.376708, 41.244499], [140.378581, 41.244207], [140.386182, 41.239146], [140.391582, 41.238568], [140.394469, 41.234834], [140.397002, 41.234909], [140.39738, 41.231919], [140.401738, 41.227538], [140.402171, 41.223014], [140.407468, 41.218617], [140.415095, 41.215927], [140.415441, 41.214618], [140.426403, 41.207655], [140.431504, 41.19908], [140.430116, 41.197851], [140.432782, 41.195444], [140.436565, 41.196002], [140.439131, 41.19305], [140.443084, 41.191654], [140.446343, 41.189226], [140.448826, 41.188717]]]]}}, {"type": "Feature", "properties": {"OBJECTID": 688, "N03_001": "青森県", "N03_002": null, "N03_003": "西津軽郡", "N03_004": "鰺ヶ沢町", "N03_007": "02321", "Shape_Leng": 1.497079304798653, "Shape_Area": 0.03652852415647, "id": "gci:02321A1968", "code": "02321", "name": "鰺ヶ沢町"}, "geometry": {"type": "MultiPolygon", "coordinates": [[[[140.329463, 40.757101], [140.326725, 40.756328], [140.32245, 40.75363], [140.316304, 40.748442], [140.316838, 40.744097], [140.313968, 40.744899], [140.311853, 40.743703], [140.309894, 40.744649], [140.307073, 40.742348], [140.307377, 40.740158], [140.305027, 40.738645], [140.301448, 40.733248], [140.296071, 40.732584], [140.292422, 40.730555], [140.288199, 40.726936], [140.287955, 40.722535], [140.286818, 40.72038], [140.288623, 40.713716], [140.28832, 40.708596], [140.289338, 40.703586], [140.290638, 40.702964], [140.291467, 40.698769], [140.292896, 40.69727], [140.292312, 40.692975], [140.294758, 40.694099], [140.308935, 40.703858], [140.31503, 40.701591], [140.327739, 40.701039], [140.337132, 40.699436], [140.331987, 40.692789], [140.329928, 40.692532], [140.322139, 40.687534], [140.31748, 40.68222], [140.314715, 40.680656], [140.303192, 40.677738], [140.288739, 40.669281], [140.290339, 40.666932], [140.278175, 40.662356], [140.279552, 40.654578], [140.273404, 40.654403], [140.268834, 40.653343], [140.269031, 40.651222], [140.262752, 40.651446], [140.256169, 40.648873], [140.250474, 40.648427], [140.24637, 40.648911], [140.240087, 40.645045], [140.231043, 40.644829], [140.228764, 40.643523], [140.223034, 40.642717], [140.221854, 40.640273], [140.220096, 40.640866], [140.219367, 40.637948], [140.216943, 40.637477], [140.21766, 40.634762], [140.214351, 40.63399], [140.214589, 40.631473], [140.216595, 40.631236], [140.215743, 40.629153], [140.21938, 40.625752], [140.216574, 40.621799], [140.212465, 40.622102], [140.208372, 40.619595], [140.206551, 40.616948], [140.204785, 40.612037], [140.204838, 40.609223], [140.197763, 40.606936], [140.189391, 40.605706], [140.193049, 40.601352], [140.191821, 40.598862], [140.190809, 40.593541], [140.184651, 40.594085], [140.183584, 40.595819], [140.17892, 40.594894], [140.173289, 40.592546], [140.16489, 40.587376], [140.162127, 40.587971], [140.15711, 40.58752], [140.154767, 40.585802], [140.157252, 40.581775], [140.155086, 40.577372], [140.155053, 40.571437], [140.15709, 40.569025], [140.161078, 40.567157], [140.162071, 40.565248], [140.160753, 40.55839], [140.163214, 40.556951], [140.163627, 40.550455], [140.160331, 40.546656], [140.160198, 40.544114], [140.1565, 40.543071], [140.154516, 40.543809], [140.146174, 40.544102], [140.143343, 40.541667], [140.139486, 40.541614], [140.137657, 40.539571], [140.135146, 40.529343], [140.133719, 40.526081], [140.134711, 40.521907], [140.136479, 40.518919], [140.131343, 40.516433], [140.130097, 40.513962], [140.124793, 40.512474], [140.119548, 40.512181], [140.120582, 40.509545], [140.12086, 40.503774], [140.125703, 40.501591], [140.127864, 40.498541], [140.127814, 40.496624], [140.132847, 40.493948], [140.131275, 40.490032], [140.131525, 40.485569], [140.133787, 40.485709], [140.143636, 40.475823], [140.14627, 40.475994], [140.149561, 40.474274], [140.14903, 40.469557], [140.151747, 40.468053], [140.15313, 40.462489], [140.151736, 40.459765], [140.149983, 40.45166], [140.151644, 40.449095], [140.15016, 40.4456], [140.15186, 40.444422], [140.151484, 40.44214], [140.147387, 40.44002], [140.147245, 40.438126], [140.141798, 40.437766], [140.140201, 40.439267], [140.13673, 40.439616], [140.133253, 40.437959], [140.120945, 40.436402], [140.117595, 40.435012], [140.11467, 40.436243], [140.111622, 40.435416], [140.107616, 40.435896], [140.105424, 40.44039], [140.099173, 40.443969], [140.099842, 40.445603], [140.09737, 40.449241], [140.099501, 40.452957], [140.093583, 40.458925], [140.090615, 40.459641], [140.08688, 40.462482], [140.083499, 40.462347], [140.081935, 40.464948], [140.078453, 40.466895], [140.074128, 40.464619], [140.068345, 40.468856], [140.068772, 40.471483], [140.071757, 40.476072], [140.0746, 40.477863], [140.073702, 40.479534], [140.076467, 40.481992], [140.07285, 40.48907], [140.073079, 40.492291], [140.075383, 40.497396], [140.078095, 40.500789], [140.080184, 40.501738], [140.084245, 40.506002], [140.083757, 40.509545], [140.085471, 40.510307], [140.086887, 40.51584], [140.086201, 40.522132], [140.087348, 40.523954], [140.08652, 40.526334], [140.091393, 40.52753], [140.094741, 40.535706], [140.09216, 40.540802], [140.094241, 40.544701], [140.096168, 40.544756], [140.100207, 40.548017], [140.102213, 40.550632], [140.10389, 40.558474], [140.101916, 40.561529], [140.100511, 40.567992], [140.098546, 40.570705], [140.099173, 40.573755], [140.101389, 40.576214], [140.10222, 40.579583], [140.100952, 40.580944], [140.101435, 40.585359], [140.099986, 40.591014], [140.101875, 40.594076], [140.100155, 40.600103], [140.101073, 40.602307], [140.094945, 40.609029], [140.097689, 40.613948], [140.097849, 40.619068], [140.0963, 40.621943], [140.097633, 40.627622], [140.093882, 40.630216], [140.095626, 40.632537], [140.096031, 40.635859], [140.098736, 40.636205], [140.102716, 40.638839], [140.10335, 40.643414], [140.101538, 40.644757], [140.101057, 40.64793], [140.101916, 40.652291], [140.103601, 40.65526], [140.103501, 40.658164], [140.105103, 40.660283], [140.106342, 40.668209], [140.109506, 40.668762], [140.112, 40.6709], [140.114078, 40.670893], [140.117767, 40.675499], [140.120407, 40.6759], [140.122354, 40.678234], [140.126255, 40.679862], [140.128732, 40.683701], [140.12662, 40.68656], [140.127357, 40.689819], [140.130978, 40.692021], [140.12949, 40.69406], [140.132425, 40.695905], [140.134722, 40.700881], [140.136789, 40.702754], [140.141617, 40.704265], [140.145122, 40.70435], [140.149725, 40.706501], [140.150011, 40.713215], [140.154732, 40.715179], [140.155702, 40.718038], [140.154688, 40.720407], [140.160687, 40.721638], [140.166365, 40.728574], [140.16715, 40.730716], [140.165058, 40.734636], [140.159553, 40.738539], [140.158467, 40.742636], [140.16074, 40.747998], [140.157055, 40.748047], [140.15, 40.749639], [140.144384, 40.751958], [140.15077, 40.755788], [140.155132, 40.75959], [140.15791, 40.760154], [140.162283, 40.763391], [140.168821, 40.769583], [140.17637, 40.773234], [140.182867, 40.774774], [140.187068, 40.77782], [140.190103, 40.781882], [140.195643, 40.784282], [140.200926, 40.783618], [140.203441, 40.785495], [140.208146, 40.780807], [140.213874, 40.778987], [140.219611, 40.779187], [140.22681, 40.782535], [140.227551, 40.781541], [140.235314, 40.786074], [140.239405, 40.789335], [140.243396, 40.794713], [140.240815, 40.796079], [140.241778, 40.797234], [140.244976, 40.795759], [140.249932, 40.800467], [140.258602, 40.799899], [140.270307, 40.8002], [140.27109, 40.798099], [140.275235, 40.797849], [140.276153, 40.796478], [140.273336, 40.794223], [140.275937, 40.791425], [140.278887, 40.789874], [140.284443, 40.78556], [140.287142, 40.782032], [140.289509, 40.776314], [140.291766, 40.772778], [140.293945, 40.773197], [140.297951, 40.770958], [140.306699, 40.769682], [140.310812, 40.769895], [140.317456, 40.765786], [140.325837, 40.759256], [140.329463, 40.757101]]]]}}, {"type": "Feature", "properties": {"N03_001": "青森県", "N03_002": null, "N03_003": "西津軽郡", "N03_004": "深浦町", "N03_007": "02323", "id": "gci:02323A1968", "code": "02323", "name": "深浦町"}, "geometry": {"type": "MultiPolygon", "coordinates": [[[[140.144384, 40.751958], [140.15, 40.749639], [140.157055, 40.748047], [140.16074, 40.747998], [140.158467, 40.742636], [140.159553, 40.738539], [140.165058, 40.734636], [140.16715, 40.730716], [140.166365, 40.728574], [140.160687, 40.721638], [140.154688, 40.720407], [140.155702, 40.718038], [140.154732, 40.715179], [140.150011, 40.713215], [140.149725, 40.706501], [140.145122, 40.70435], [140.141617, 40.704265], [140.136789, 40.702754], [140.134722, 40.700881], [140.132425, 40.695905], [140.12949, 40.69406], [140.130978, 40.692021], [140.127357, 40.689819], [140.12662, 40.68656], [140.128732, 40.683701], [140.126255, 40.679862], [140.122354, 40.678234], [140.120407, 40.6759], [140.117767, 40.675499], [140.114078, 40.670893], [140.112, 40.6709], [140.109506, 40.668762], [140.106342, 40.668209], [140.105103, 40.660283], [140.103501, 40.658164], [140.103601, 40.65526], [140.101916, 40.652291], [140.101057, 40.64793], [140.101538, 40.644757], [140.10335, 40.643414], [140.102716, 40.638839], [140.098736, 40.636205], [140.096031, 40.635859], [140.095626, 40.632537], [140.093882, 40.630216], [140.097633, 40.627622], [140.0963, 40.621943], [140.097849, 40.619068], [140.097689, 40.613948], [140.094945, 40.609029], [140.101073, 40.602307], [140.100155, 40.600103], [140.101875, 40.594076], [140.099986, 40.591014], [140.101435, 40.585359], [140.100952, 40.580944], [140.10222, 40.579583], [140.101389, 40.576214], [140.099173, 40.573755], [140.098546, 40.570705], [140.100511, 40.567992], [140.101916, 40.561529], [140.10389, 40.558474], [140.102213, 40.550632], [140.100207, 40.548017], [140.096168, 40.544756], [140.094241, 40.544701], [140.09216, 40.540802], [140.094741, 40.535706], [140.091393, 40.52753], [140.08652, 40.526334], [140.087348, 40.523954], [140.086201, 40.522132], [140.086887, 40.51584], [140.085471, 40.510307], [140.083757, 40.509545], [140.084245, 40.506002], [140.080184, 40.501738], [140.078095, 40.500789], [140.075383, 40.497396], [140.073079, 40.492291], [140.07285, 40.48907], [140.076467, 40.481992], [140.073702, 40.479534], [140.0746, 40.477863], [140.071757, 40.476072], [140.068772, 40.471483], [140.068345, 40.468856], [140.059234, 40.46723], [140.053983, 40.467831], [140.052392, 40.466613], [140.054138, 40.464438], [140.047354, 40.460717], [140.038184, 40.460774], [140.036171, 40.461618], [140.034204, 40.457897], [140.031256, 40.45775], [140.030039, 40.455129], [140.024853, 40.453086], [140.020172, 40.448123], [140.022235, 40.443286], [140.026055, 40.439237], [140.025456, 40.436769], [140.022525, 40.435237], [140.021629, 40.429465], [140.017348, 40.426942], [140.019335, 40.423118], [140.01952, 40.419882], [140.014146, 40.422506], [140.011255, 40.425965], [140.009238, 40.425481], [140.006421, 40.427352], [140.003449, 40.431708], [140.001031, 40.432893], [139.997629, 40.432702], [139.995054, 40.435047], [139.993728, 40.432536], [139.991429, 40.432074], [139.985204, 40.427913], [139.981209, 40.427377], [139.978906, 40.428088], [139.973523, 40.4266], [139.964115, 40.430279], [139.963512, 40.43276], [139.959768, 40.434826], [139.957134, 40.434234], [139.954626, 40.432121], [139.950873, 40.430915], [139.94777, 40.431153], [139.94542, 40.429868], [139.94212, 40.429999], [139.936309, 40.428204], [139.939878, 40.430473], [139.938707, 40.432076], [139.940044, 40.434494], [139.939854, 40.443329], [139.938809, 40.447449], [139.942075, 40.449139], [139.940733, 40.451999], [139.94226, 40.45377], [139.941981, 40.456469], [139.943384, 40.459519], [139.944636, 40.465881], [139.9432, 40.46698], [139.946028, 40.469935], [139.94666, 40.474973], [139.947029, 40.484347], [139.946227, 40.488062], [139.948229, 40.48921], [139.947857, 40.491266], [139.949898, 40.493772], [139.948919, 40.505759], [139.948168, 40.51056], [139.946507, 40.514872], [139.94791, 40.51955], [139.946662, 40.528368], [139.94475, 40.53496], [139.945001, 40.537883], [139.942951, 40.542894], [139.942787, 40.545725], [139.940175, 40.552696], [139.937927, 40.555697], [139.935448, 40.556839], [139.932255, 40.555133], [139.929185, 40.557235], [139.932011, 40.55743], [139.929958, 40.559194], [139.933442, 40.562717], [139.933486, 40.565284], [139.930299, 40.571758], [139.927185, 40.576719], [139.921492, 40.583447], [139.91843, 40.585794], [139.907013, 40.586397], [139.899273, 40.582454], [139.896303, 40.581912], [139.893177, 40.583237], [139.8852, 40.58431], [139.880362, 40.583762], [139.876647, 40.581678], [139.871375, 40.582786], [139.868112, 40.584906], [139.864793, 40.5914], [139.865383, 40.593855], [139.861316, 40.596196], [139.864461, 40.595734], [139.861788, 40.603622], [139.861313, 40.607185], [139.863119, 40.609104], [139.860081, 40.614146], [139.860946, 40.615977], [139.864568, 40.616423], [139.869037, 40.619762], [139.873233, 40.621209], [139.874977, 40.623359], [139.883623, 40.627829], [139.88442, 40.628959], [139.889405, 40.630414], [139.893807, 40.63306], [139.892233, 40.6341], [139.894047, 40.637362], [139.897714, 40.639497], [139.898643, 40.642238], [139.902398, 40.645814], [139.905298, 40.646461], [139.911537, 40.642243], [139.916002, 40.64311], [139.917965, 40.644962], [139.91902, 40.643725], [139.922458, 40.644327], [139.924676, 40.642174], [139.928402, 40.642274], [139.930026, 40.645053], [139.928011, 40.645008], [139.926311, 40.647048], [139.929497, 40.65271], [139.936202, 40.654532], [139.937245, 40.655991], [139.936218, 40.658568], [139.937553, 40.660331], [139.936381, 40.664541], [139.937745, 40.664052], [139.939424, 40.667492], [139.936045, 40.669533], [139.936495, 40.671705], [139.938622, 40.671123], [139.942057, 40.667778], [139.944736, 40.668118], [139.950843, 40.670453], [139.954444, 40.673479], [139.959302, 40.679189], [139.963175, 40.681724], [139.96498, 40.68401], [139.968632, 40.693253], [139.969229, 40.696075], [139.967817, 40.698878], [139.975444, 40.702718], [139.979118, 40.702775], [139.981697, 40.705349], [139.983157, 40.708557], [139.987377, 40.714294], [139.986944, 40.717935], [139.98442, 40.72012], [139.988542, 40.721532], [139.989864, 40.72326], [139.994182, 40.732386], [139.994034, 40.734914], [139.998343, 40.735827], [140.000557, 40.739675], [139.997091, 40.742448], [140.000677, 40.744953], [140.005942, 40.743641], [140.00702, 40.744615], [140.016493, 40.747832], [140.021085, 40.75041], [140.025677, 40.750205], [140.031066, 40.755759], [140.034027, 40.76046], [140.039272, 40.763848], [140.043138, 40.763734], [140.050278, 40.766071], [140.050455, 40.767778], [140.052982, 40.769218], [140.062056, 40.7678], [140.069097, 40.765067], [140.072533, 40.761716], [140.076211, 40.759604], [140.081237, 40.758394], [140.08485, 40.758369], [140.089114, 40.756316], [140.088959, 40.752312], [140.090458, 40.75215], [140.096536, 40.748538], [140.095502, 40.747432], [140.098782, 40.745844], [140.110144, 40.742549], [140.115995, 40.741255], [140.122748, 40.74258], [140.137368, 40.747983], [140.144384, 40.751958]]]]}}, {"type": "Feature", "properties": {"OBJECTID": 1430, "N03_001": "青森県", "N03_002": null, "N03_003": "中津軽郡", "N03_004": "西目屋村", "N03_007": "02343", "Shape_Leng": 0.885084294590402, "Shape_Area": 0.026140745359297, "id": "gci:02343A1968", "code": "02343", "name": "西目屋村"}, "geometry": {"type": "MultiPolygon", "coordinates": [[[[140.347808, 40.467547], [140.348391, 40.464798], [140.347016, 40.461559], [140.343371, 40.461662], [140.343887, 40.456491], [140.342698, 40.45469], [140.343784, 40.4522], [140.34133, 40.450396], [140.34178, 40.446888], [140.339822, 40.444256], [140.339149, 40.441137], [140.335215, 40.439383], [140.332227, 40.440125], [140.320966, 40.438604], [140.317893, 40.439683], [140.315345, 40.437495], [140.311273, 40.436325], [140.307973, 40.438065], [140.307626, 40.441894], [140.301957, 40.442836], [140.298871, 40.446252], [140.292828, 40.44598], [140.291041, 40.446584], [140.288145, 40.444894], [140.279344, 40.446053], [140.274543, 40.443075], [140.266867, 40.440743], [140.251497, 40.441909], [140.250055, 40.442994], [140.242502, 40.437279], [140.238509, 40.437397], [140.231987, 40.434278], [140.227704, 40.433656], [140.223377, 40.431557], [140.220169, 40.431145], [140.217415, 40.433249], [140.21158, 40.435922], [140.210096, 40.438429], [140.196961, 40.434622], [140.194052, 40.43478], [140.187476, 40.439575], [140.185468, 40.443306], [140.180376, 40.441149], [140.174191, 40.440309], [140.171162, 40.438117], [140.1689, 40.439635], [140.162425, 40.439359], [140.155621, 40.436218], [140.151412, 40.435024], [140.147245, 40.438126], [140.147387, 40.44002], [140.151484, 40.44214], [140.15186, 40.444422], [140.15016, 40.4456], [140.151644, 40.449095], [140.149983, 40.45166], [140.151736, 40.459765], [140.15313, 40.462489], [140.151747, 40.468053], [140.14903, 40.469557], [140.149561, 40.474274], [140.14627, 40.475994], [140.143636, 40.475823], [140.133787, 40.485709], [140.131525, 40.485569], [140.131275, 40.490032], [140.132847, 40.493948], [140.127814, 40.496624], [140.127864, 40.498541], [140.125703, 40.501591], [140.12086, 40.503774], [140.120582, 40.509545], [140.119548, 40.512181], [140.124793, 40.512474], [140.130097, 40.513962], [140.131343, 40.516433], [140.136479, 40.518919], [140.134711, 40.521907], [140.133719, 40.526081], [140.135146, 40.529343], [140.137657, 40.539571], [140.139486, 40.541614], [140.143343, 40.541667], [140.146174, 40.544102], [140.154516, 40.543809], [140.1565, 40.543071], [140.160198, 40.544114], [140.160331, 40.546656], [140.163627, 40.550455], [140.163214, 40.556951], [140.166157, 40.560646], [140.169315, 40.561146], [140.172587, 40.563516], [140.17335, 40.565921], [140.175472, 40.567293], [140.178114, 40.566783], [140.181512, 40.562464], [140.1805, 40.560311], [140.183486, 40.559908], [140.190141, 40.555774], [140.198052, 40.556594], [140.198659, 40.561595], [140.202486, 40.566364], [140.207401, 40.567103], [140.211193, 40.571962], [140.211619, 40.575857], [140.209536, 40.579868], [140.210933, 40.581687], [140.219902, 40.585763], [140.221978, 40.589307], [140.231393, 40.590971], [140.233784, 40.594982], [140.236599, 40.597572], [140.235692, 40.601309], [140.237202, 40.604304], [140.24484, 40.602749], [140.247659, 40.602796], [140.249025, 40.604824], [140.248656, 40.607477], [140.255282, 40.61203], [140.259258, 40.613907], [140.268904, 40.616011], [140.275668, 40.614623], [140.281783, 40.611586], [140.285944, 40.610941], [140.287262, 40.607503], [140.289515, 40.606442], [140.29492, 40.60768], [140.298395, 40.605252], [140.297199, 40.602626], [140.294987, 40.603167], [140.299083, 40.597082], [140.299459, 40.594851], [140.307873, 40.59393], [140.311238, 40.589651], [140.307136, 40.585668], [140.304188, 40.585044], [140.302838, 40.586781], [140.299715, 40.586685], [140.298937, 40.584483], [140.303557, 40.582631], [140.308817, 40.578835], [140.303983, 40.575303], [140.303919, 40.573695], [140.306986, 40.571156], [140.308091, 40.568584], [140.310259, 40.567576], [140.310825, 40.564392], [140.308673, 40.560786], [140.310299, 40.559999], [140.310135, 40.552486], [140.308251, 40.549413], [140.302643, 40.546844], [140.301559, 40.541907], [140.301531, 40.530107], [140.302033, 40.527573], [140.305945, 40.521365], [140.311177, 40.520455], [140.311459, 40.518239], [140.314246, 40.515483], [140.319825, 40.515108], [140.323282, 40.509466], [140.32014, 40.506444], [140.319156, 40.504143], [140.320588, 40.50269], [140.320127, 40.49974], [140.324655, 40.496013], [140.3278, 40.495496], [140.327376, 40.494043], [140.330324, 40.490947], [140.327046, 40.487886], [140.328287, 40.48289], [140.327336, 40.481432], [140.33226, 40.482059], [140.336456, 40.479441], [140.336998, 40.475863], [140.345336, 40.471787], [140.347808, 40.467547]]]]}}, {"type": "Feature", "properties": {"OBJECTID": 1431, "N03_001": "青森県", "N03_002": null, "N03_003": "南津軽郡", "N03_004": "藤崎町", "N03_007": "02361", "Shape_Leng": 0.564421255619871, "Shape_Area": 0.00397175509275, "id": "gci:02361A1968", "code": "02361", "name": "藤崎町"}, "geometry": {"type": "MultiPolygon", "coordinates": [[[[140.578246, 40.687317], [140.578375, 40.679916], [140.576618, 40.679891], [140.57203, 40.672326], [140.571327, 40.672585], [140.567474, 40.674428], [140.565695, 40.669723], [140.561413, 40.667612], [140.557901, 40.662999], [140.557823, 40.659511], [140.553893, 40.662026], [140.55166, 40.660614], [140.54973, 40.662416], [140.547684, 40.659161], [140.538674, 40.659167], [140.530924, 40.66294], [140.530544, 40.659251], [140.526195, 40.65965], [140.522456, 40.661462], [140.522982, 40.657069], [140.51989, 40.650728], [140.516218, 40.649047], [140.514802, 40.646261], [140.515921, 40.645201], [140.511026, 40.645331], [140.50938, 40.643098], [140.506554, 40.643021], [140.502092, 40.641261], [140.497056, 40.642615], [140.495054, 40.645516], [140.493802, 40.650655], [140.485832, 40.6523], [140.482886, 40.651503], [140.480445, 40.645771], [140.476522, 40.646473], [140.476441, 40.648515], [140.473661, 40.651914], [140.471812, 40.650805], [140.46724, 40.655347], [140.465658, 40.660691], [140.460797, 40.661386], [140.461691, 40.667479], [140.46547, 40.67051], [140.467756, 40.671448], [140.46792, 40.669342], [140.472157, 40.666168], [140.475267, 40.666331], [140.478655, 40.668896], [140.479136, 40.671116], [140.478132, 40.676175], [140.476585, 40.676585], [140.474614, 40.67989], [140.47704, 40.680197], [140.479431, 40.683068], [140.485323, 40.68309], [140.487777, 40.680792], [140.48852, 40.683908], [140.492069, 40.684579], [140.493116, 40.688519], [140.491767, 40.690157], [140.491424, 40.695883], [140.493015, 40.699492], [140.498282, 40.70225], [140.499093, 40.701144], [140.501499, 40.70438], [140.502664, 40.709459], [140.506589, 40.707673], [140.506253, 40.704823], [140.507529, 40.70234], [140.510927, 40.701632], [140.510145, 40.698615], [140.514479, 40.699386], [140.518323, 40.696049], [140.519682, 40.692188], [140.527722, 40.68898], [140.521973, 40.692089], [140.520408, 40.694345], [140.523341, 40.695551], [140.524407, 40.698433], [140.527298, 40.697808], [140.528245, 40.701888], [140.525019, 40.70826], [140.525222, 40.711106], [140.523113, 40.715757], [140.521168, 40.717769], [140.521127, 40.721957], [140.525137, 40.719897], [140.527775, 40.715821], [140.532928, 40.711476], [140.536917, 40.705991], [140.547064, 40.700284], [140.548753, 40.69548], [140.546329, 40.69476], [140.545348, 40.686727], [140.540164, 40.687118], [140.543261, 40.684596], [140.541449, 40.683149], [140.544651, 40.679483], [140.544271, 40.677119], [140.548897, 40.674074], [140.550329, 40.669712], [140.551564, 40.670723], [140.554241, 40.676999], [140.556221, 40.678606], [140.555373, 40.680654], [140.555764, 40.684856], [140.559182, 40.688064], [140.562897, 40.688555], [140.567832, 40.687862], [140.571899, 40.689427], [140.578246, 40.687317]]]]}}, {"type": "Feature", "properties": {"OBJECTID": 1432, "N03_001": "青森県", "N03_002": null, "N03_003": "南津軽郡", "N03_004": "大鰐町", "N03_007": "02362", "Shape_Leng": 0.896449930673382, "Shape_Area": 0.017358076674847, "id": "gci:02362A1968", "code": "02362", "name": "大鰐町"}, "geometry": {"type": "MultiPolygon", "coordinates": [[[[140.598149, 40.542837], [140.60231, 40.539052], [140.603691, 40.539528], [140.609281, 40.536238], [140.615608, 40.535514], [140.619201, 40.537561], [140.621166, 40.537419], [140.627528, 40.540517], [140.63168, 40.538052], [140.63062, 40.535743], [140.633087, 40.535121], [140.639965, 40.536999], [140.641272, 40.54006], [140.644434, 40.541122], [140.645431, 40.536565], [140.644937, 40.534157], [140.648471, 40.531674], [140.657518, 40.531602], [140.659092, 40.530553], [140.663356, 40.530437], [140.667445, 40.528562], [140.669558, 40.525885], [140.67118, 40.525991], [140.674349, 40.521996], [140.677205, 40.521791], [140.676497, 40.517023], [140.678921, 40.511035], [140.675791, 40.508326], [140.671881, 40.507255], [140.666184, 40.502584], [140.656826, 40.498371], [140.654275, 40.49643], [140.648414, 40.493853], [140.644517, 40.493381], [140.635896, 40.494983], [140.630421, 40.494327], [140.625416, 40.495645], [140.62395, 40.49895], [140.621192, 40.497926], [140.619516, 40.495032], [140.619448, 40.492429], [140.617324, 40.491329], [140.616093, 40.48651], [140.614391, 40.483746], [140.614078, 40.480724], [140.610999, 40.4788], [140.607199, 40.479738], [140.605135, 40.485988], [140.60601, 40.488937], [140.602635, 40.490324], [140.599486, 40.49306], [140.593063, 40.493481], [140.592156, 40.49052], [140.588946, 40.487715], [140.584859, 40.486802], [140.583412, 40.485177], [140.58914, 40.482462], [140.592873, 40.477885], [140.596088, 40.477988], [140.598636, 40.475607], [140.597473, 40.469482], [140.599995, 40.466376], [140.599209, 40.462422], [140.601263, 40.452868], [140.599158, 40.449906], [140.601044, 40.448619], [140.599152, 40.44265], [140.597458, 40.440526], [140.595065, 40.439984], [140.58973, 40.436113], [140.590045, 40.433663], [140.588707, 40.430196], [140.585294, 40.429014], [140.583384, 40.429825], [140.575387, 40.428779], [140.574096, 40.426142], [140.564792, 40.425688], [140.562163, 40.427024], [140.557637, 40.425692], [140.553214, 40.419985], [140.554772, 40.4192], [140.556249, 40.415158], [140.559363, 40.411341], [140.562696, 40.40981], [140.56597, 40.406474], [140.565706, 40.403685], [140.569368, 40.400736], [140.567069, 40.39864], [140.559145, 40.39706], [140.554794, 40.399896], [140.550545, 40.400937], [140.54735, 40.403914], [140.54492, 40.402723], [140.54052, 40.402701], [140.537786, 40.405026], [140.535889, 40.409521], [140.532181, 40.411281], [140.523808, 40.410213], [140.525144, 40.413475], [140.524003, 40.416667], [140.524269, 40.419666], [140.52981, 40.420265], [140.529357, 40.423249], [140.530808, 40.426713], [140.52991, 40.430259], [140.527681, 40.431336], [140.521852, 40.430401], [140.518825, 40.430785], [140.513677, 40.428544], [140.508456, 40.428526], [140.502572, 40.431446], [140.501318, 40.434288], [140.498011, 40.436451], [140.489713, 40.438476], [140.485159, 40.440865], [140.481192, 40.441909], [140.483734, 40.443482], [140.484322, 40.446223], [140.481668, 40.449273], [140.481013, 40.451635], [140.477647, 40.453074], [140.465887, 40.453983], [140.464224, 40.456427], [140.459412, 40.456447], [140.452488, 40.453456], [140.448664, 40.453964], [140.443823, 40.450634], [140.439704, 40.450407], [140.440315, 40.452487], [140.437553, 40.455269], [140.437807, 40.458851], [140.436714, 40.459495], [140.43702, 40.46547], [140.43346, 40.467702], [140.433215, 40.47185], [140.437206, 40.478256], [140.444383, 40.480252], [140.448373, 40.477947], [140.454355, 40.481234], [140.459263, 40.480228], [140.461527, 40.480888], [140.46434, 40.483828], [140.464646, 40.486884], [140.460959, 40.491352], [140.458732, 40.492823], [140.462633, 40.498322], [140.461822, 40.502336], [140.462928, 40.503222], [140.477145, 40.504289], [140.483915, 40.508354], [140.485034, 40.51189], [140.481872, 40.51461], [140.484293, 40.518504], [140.493863, 40.521913], [140.497644, 40.52074], [140.499296, 40.521877], [140.510425, 40.524242], [140.51193, 40.522103], [140.516247, 40.52346], [140.520078, 40.52287], [140.527135, 40.525225], [140.52852, 40.527766], [140.531125, 40.526947], [140.534921, 40.529431], [140.539255, 40.538674], [140.541657, 40.539689], [140.54141, 40.545376], [140.544297, 40.547266], [140.546388, 40.547103], [140.546032, 40.543299], [140.548915, 40.540242], [140.55105, 40.536118], [140.554451, 40.53874], [140.553884, 40.545404], [140.555423, 40.545169], [140.553653, 40.549994], [140.559302, 40.548746], [140.560135, 40.54598], [140.564069, 40.54292], [140.569246, 40.544197], [140.573029, 40.541626], [140.576447, 40.537435], [140.583027, 40.538302], [140.585206, 40.541508], [140.588036, 40.540781], [140.590945, 40.542223], [140.592995, 40.541488], [140.598149, 40.542837]]]]}}, {"type": "Feature", "properties": {"OBJECTID": 1433, "N03_001": "青森県", "N03_002": null, "N03_003": "南津軽郡", "N03_004": "田舎館村", "N03_007": "02367", "Shape_Leng": 0.352172075965717, "Shape_Area": 0.002378825395163, "id": "gci:02367A1968", "code": "02367", "name": "田舎館村"}, "geometry": {"type": "MultiPolygon", "coordinates": [[[[140.571327, 40.672585], [140.569856, 40.669346], [140.568241, 40.668743], [140.574391, 40.663001], [140.576001, 40.660183], [140.573171, 40.658453], [140.567447, 40.661888], [140.564838, 40.66028], [140.566774, 40.654252], [140.571093, 40.651804], [140.573958, 40.651499], [140.574756, 40.649338], [140.573228, 40.647155], [140.576585, 40.644849], [140.572452, 40.639561], [140.573556, 40.637616], [140.577365, 40.637042], [140.581714, 40.634971], [140.58094, 40.631063], [140.582077, 40.630955], [140.576993, 40.630926], [140.570614, 40.630098], [140.568179, 40.628482], [140.572765, 40.627804], [140.572098, 40.626724], [140.568247, 40.62796], [140.563599, 40.6244], [140.557237, 40.624919], [140.557038, 40.623431], [140.542164, 40.623953], [140.544293, 40.626685], [140.53905, 40.628086], [140.536368, 40.629921], [140.529777, 40.627722], [140.527235, 40.628503], [140.525869, 40.62593], [140.521315, 40.625415], [140.518375, 40.623877], [140.51614, 40.6194], [140.515611, 40.616088], [140.513836, 40.61524], [140.511994, 40.616355], [140.511443, 40.621019], [140.506215, 40.623043], [140.504412, 40.625887], [140.506156, 40.629259], [140.501694, 40.630287], [140.498468, 40.6355], [140.499299, 40.637801], [140.497056, 40.642615], [140.502092, 40.641261], [140.506554, 40.643021], [140.50938, 40.643098], [140.511026, 40.645331], [140.515921, 40.645201], [140.514802, 40.646261], [140.516218, 40.649047], [140.51989, 40.650728], [140.522982, 40.657069], [140.522456, 40.661462], [140.526195, 40.65965], [140.530544, 40.659251], [140.530924, 40.66294], [140.538674, 40.659167], [140.547684, 40.659161], [140.54973, 40.662416], [140.55166, 40.660614], [140.553893, 40.662026], [140.557823, 40.659511], [140.557901, 40.662999], [140.561413, 40.667612], [140.565695, 40.669723], [140.567474, 40.674428], [140.571327, 40.672585]]]]}}, {"type": "Feature", "properties": {"OBJECTID": 1434, "N03_001": "青森県", "N03_002": null, "N03_003": "北津軽郡", "N03_004": "板柳町", "N03_007": "02381", "Shape_Leng": 0.579430143660422, "Shape_Area": 0.004463247155034, "id": "gci:02381A1968", "code": "02381", "name": "板柳町"}, "geometry": {"type": "MultiPolygon", "coordinates": [[[[140.520239, 40.729689], [140.522381, 40.726462], [140.521127, 40.721957], [140.521168, 40.717769], [140.523113, 40.715757], [140.525222, 40.711106], [140.525019, 40.70826], [140.528245, 40.701888], [140.527298, 40.697808], [140.524407, 40.698433], [140.523341, 40.695551], [140.520408, 40.694345], [140.521973, 40.692089], [140.527722, 40.68898], [140.519682, 40.692188], [140.518323, 40.696049], [140.514479, 40.699386], [140.510145, 40.698615], [140.510927, 40.701632], [140.507529, 40.70234], [140.506253, 40.704823], [140.506589, 40.707673], [140.502664, 40.709459], [140.501499, 40.70438], [140.499093, 40.701144], [140.498282, 40.70225], [140.493015, 40.699492], [140.491424, 40.695883], [140.491767, 40.690157], [140.493116, 40.688519], [140.492069, 40.684579], [140.48852, 40.683908], [140.487777, 40.680792], [140.485323, 40.68309], [140.479431, 40.683068], [140.47704, 40.680197], [140.474614, 40.67989], [140.476585, 40.676585], [140.478132, 40.676175], [140.479136, 40.671116], [140.478655, 40.668896], [140.475267, 40.666331], [140.472157, 40.666168], [140.46792, 40.669342], [140.467756, 40.671448], [140.46547, 40.67051], [140.463396, 40.674156], [140.463416, 40.67909], [140.468464, 40.681325], [140.467505, 40.683022], [140.462351, 40.682726], [140.461219, 40.685379], [140.456081, 40.68757], [140.454777, 40.689661], [140.453634, 40.694641], [140.450775, 40.696589], [140.44562, 40.698306], [140.44169, 40.705515], [140.435772, 40.708073], [140.427926, 40.71704], [140.426545, 40.722009], [140.428326, 40.722176], [140.428595, 40.725284], [140.430376, 40.726261], [140.433521, 40.723857], [140.436137, 40.726126], [140.437737, 40.724223], [140.43912, 40.726274], [140.437383, 40.729436], [140.43999, 40.729789], [140.438757, 40.733217], [140.440997, 40.734222], [140.44096, 40.729299], [140.443546, 40.728176], [140.443008, 40.7264], [140.445176, 40.725718], [140.446854, 40.728163], [140.444289, 40.729661], [140.446885, 40.730436], [140.449477, 40.728996], [140.451343, 40.729571], [140.453059, 40.727784], [140.454973, 40.72813], [140.454687, 40.730471], [140.459856, 40.73108], [140.463016, 40.729888], [140.465739, 40.726558], [140.468401, 40.731638], [140.467437, 40.738959], [140.472103, 40.744379], [140.470387, 40.745866], [140.472466, 40.748422], [140.472588, 40.752134], [140.47695, 40.753858], [140.478709, 40.7508], [140.481201, 40.74919], [140.483238, 40.749686], [140.485764, 40.746958], [140.487659, 40.746709], [140.490222, 40.749209], [140.492235, 40.747017], [140.494091, 40.74792], [140.493653, 40.743885], [140.49891, 40.744081], [140.498735, 40.740154], [140.501436, 40.740627], [140.498599, 40.748975], [140.501158, 40.748642], [140.499771, 40.752627], [140.500804, 40.752866], [140.49899, 40.756948], [140.497745, 40.759466], [140.501036, 40.760047], [140.502105, 40.757513], [140.503846, 40.759938], [140.508639, 40.759396], [140.509179, 40.756979], [140.510796, 40.75841], [140.513305, 40.75776], [140.512822, 40.752097], [140.514179, 40.750139], [140.5116, 40.747366], [140.513607, 40.741672], [140.515429, 40.740639], [140.513305, 40.735545], [140.518452, 40.732146], [140.520239, 40.729689]]]]}}, {"type": "Feature", "properties": {"OBJECTID": 1435, "N03_001": "青森県", "N03_002": null, "N03_003": "北津軽郡", "N03_004": "鶴田町", "N03_007": "02384", "Shape_Leng": 0.712870584635309, "Shape_Area": 0.004951764923047, "id": "gci:02384A1968", "code": "02384", "name": "鶴田町"}, "geometry": {"type": "MultiPolygon", "coordinates": [[[[140.43749, 40.789643], [140.438585, 40.789237], [140.437754, 40.785532], [140.438947, 40.781336], [140.44341, 40.780779], [140.444721, 40.771324], [140.452567, 40.771409], [140.454344, 40.770343], [140.455168, 40.773577], [140.456341, 40.770809], [140.458959, 40.769489], [140.462249, 40.761275], [140.465848, 40.762105], [140.467614, 40.761306], [140.469609, 40.757213], [140.47351, 40.757355], [140.475652, 40.75614], [140.478646, 40.759294], [140.478393, 40.763229], [140.483683, 40.763606], [140.485869, 40.764904], [140.485574, 40.768859], [140.489693, 40.769246], [140.490607, 40.760755], [140.494274, 40.756016], [140.49899, 40.756948], [140.500804, 40.752866], [140.499771, 40.752627], [140.501158, 40.748642], [140.498599, 40.748975], [140.501436, 40.740627], [140.498735, 40.740154], [140.49891, 40.744081], [140.493653, 40.743885], [140.494091, 40.74792], [140.492235, 40.747017], [140.490222, 40.749209], [140.487659, 40.746709], [140.485764, 40.746958], [140.483238, 40.749686], [140.481201, 40.74919], [140.478709, 40.7508], [140.47695, 40.753858], [140.472588, 40.752134], [140.472466, 40.748422], [140.470387, 40.745866], [140.472103, 40.744379], [140.467437, 40.738959], [140.468401, 40.731638], [140.465739, 40.726558], [140.463016, 40.729888], [140.459856, 40.73108], [140.454687, 40.730471], [140.454973, 40.72813], [140.453059, 40.727784], [140.451343, 40.729571], [140.449477, 40.728996], [140.446885, 40.730436], [140.444289, 40.729661], [140.446854, 40.728163], [140.445176, 40.725718], [140.443008, 40.7264], [140.443546, 40.728176], [140.44096, 40.729299], [140.440997, 40.734222], [140.438757, 40.733217], [140.43999, 40.729789], [140.437383, 40.729436], [140.43912, 40.726274], [140.437737, 40.724223], [140.436137, 40.726126], [140.433521, 40.723857], [140.430376, 40.726261], [140.428595, 40.725284], [140.428326, 40.722176], [140.426545, 40.722009], [140.41979, 40.724128], [140.418411, 40.727281], [140.419576, 40.729294], [140.420439, 40.736654], [140.414344, 40.737278], [140.408943, 40.738499], [140.405652, 40.734196], [140.402487, 40.736337], [140.403834, 40.737954], [140.401696, 40.738499], [140.403045, 40.740683], [140.402024, 40.744453], [140.395931, 40.748102], [140.393066, 40.744535], [140.386949, 40.741343], [140.387541, 40.743171], [140.383172, 40.747738], [140.379949, 40.747128], [140.377993, 40.744826], [140.373438, 40.745797], [140.373375, 40.747702], [140.365311, 40.748363], [140.363624, 40.749805], [140.360402, 40.748213], [140.356838, 40.748737], [140.354464, 40.750719], [140.35436, 40.752788], [140.356379, 40.75558], [140.346621, 40.758481], [140.339623, 40.759222], [140.342462, 40.76182], [140.349951, 40.764799], [140.353448, 40.765006], [140.361108, 40.769333], [140.367383, 40.771331], [140.370514, 40.771259], [140.375582, 40.77591], [140.372403, 40.778583], [140.367081, 40.77918], [140.36747, 40.781238], [140.362951, 40.781762], [140.360968, 40.783707], [140.362037, 40.787207], [140.365324, 40.784465], [140.372188, 40.78159], [140.373594, 40.783198], [140.370995, 40.785513], [140.377925, 40.789817], [140.384237, 40.783573], [140.387084, 40.785208], [140.394178, 40.778244], [140.397485, 40.77882], [140.400665, 40.774684], [140.400982, 40.769856], [140.406437, 40.770813], [140.407365, 40.772403], [140.414588, 40.76174], [140.416072, 40.763543], [140.419499, 40.762645], [140.422382, 40.76458], [140.421352, 40.765823], [140.420277, 40.772032], [140.415537, 40.774537], [140.414643, 40.776484], [140.417154, 40.779967], [140.421103, 40.783088], [140.423979, 40.787488], [140.426999, 40.788095], [140.435479, 40.787958], [140.43749, 40.789643]]]]}}, {"type": "Feature", "properties": {"N03_001": "青森県", "N03_002": null, "N03_003": "北津軽郡", "N03_004": "中泊町", "N03_007": "02387", "id": "gci:02387A2005", "code": "02387", "name": "中泊町"}, "geometry": {"type": "MultiPolygon", "coordinates": [[[[140.456728, 41.104145], [140.455192, 41.099356], [140.458092, 41.096792], [140.461604, 41.090766], [140.464174, 41.089434], [140.462638, 41.087964], [140.467022, 41.085344], [140.47348, 41.083669], [140.476535, 41.080677], [140.485211, 41.07677], [140.489752, 41.071105], [140.493608, 41.071438], [140.495356, 41.068541], [140.494338, 41.063738], [140.497675, 41.062018], [140.496781, 41.059095], [140.497576, 41.056705], [140.494978, 41.055749], [140.494309, 41.052717], [140.497323, 41.05089], [140.501705, 41.043277], [140.505658, 41.039975], [140.50952, 41.039203], [140.510667, 41.037423], [140.51511, 41.037274], [140.515073, 41.033041], [140.511524, 41.031551], [140.514323, 41.029927], [140.519308, 41.028976], [140.518415, 41.026787], [140.518889, 41.02293], [140.515775, 41.014714], [140.516811, 41.012965], [140.516135, 41.009141], [140.517276, 41.007538], [140.522027, 41.007131], [140.522543, 41.00478], [140.520454, 41.000357], [140.522099, 40.997428], [140.521658, 40.99569], [140.517079, 40.991681], [140.517149, 40.987362], [140.515816, 40.984946], [140.517779, 40.983294], [140.514282, 40.978571], [140.514498, 40.976699], [140.512169, 40.97571], [140.515069, 40.970564], [140.51339, 40.966213], [140.513733, 40.964679], [140.511555, 40.960163], [140.508722, 40.956388], [140.508427, 40.953188], [140.502151, 40.948343], [140.490294, 40.94641], [140.487421, 40.942416], [140.484461, 40.941938], [140.479053, 40.943345], [140.474004, 40.942346], [140.472918, 40.939516], [140.466547, 40.93764], [140.463411, 40.935088], [140.456107, 40.934409], [140.447156, 40.936103], [140.43766, 40.931552], [140.431993, 40.929938], [140.434456, 40.926507], [140.43504, 40.922591], [140.430494, 40.922261], [140.430809, 40.920048], [140.421741, 40.919344], [140.419145, 40.920108], [140.419009, 40.921871], [140.416953, 40.926059], [140.417318, 40.928509], [140.411135, 40.937195], [140.414413, 40.935325], [140.414413, 40.937288], [140.412287, 40.938419], [140.405661, 40.93696], [140.400053, 40.941431], [140.394388, 40.941917], [140.391849, 40.940242], [140.38918, 40.940505], [140.385804, 40.938419], [140.380342, 40.941596], [140.379398, 40.943888], [140.37999, 40.948181], [140.375657, 40.951285], [140.37718, 40.954062], [140.376638, 40.957242], [140.380181, 40.963656], [140.387725, 40.973175], [140.390671, 40.976102], [140.392458, 40.980618], [140.390441, 40.987659], [140.382917, 40.995224], [140.381955, 40.996953], [140.38194, 41.00181], [140.379066, 41.005858], [140.37296, 41.010514], [140.367007, 41.012064], [140.371013, 41.016338], [140.37756, 41.019315], [140.382353, 41.020052], [140.387135, 41.022206], [140.391954, 41.022914], [140.392039, 41.019114], [140.397518, 41.0183], [140.399653, 41.023392], [140.404808, 41.022749], [140.408211, 41.017746], [140.411835, 41.016553], [140.411124, 41.019611], [140.41338, 41.020282], [140.415421, 41.026862], [140.410797, 41.031068], [140.407553, 41.032236], [140.405313, 41.037393], [140.403115, 41.039654], [140.393778, 41.04025], [140.386481, 41.039936], [140.384589, 41.042698], [140.388828, 41.043996], [140.400236, 41.044997], [140.404865, 41.043209], [140.410213, 41.044841], [140.415382, 41.044728], [140.416238, 41.049278], [140.421007, 41.057373], [140.427083, 41.060111], [140.43285, 41.065267], [140.437621, 41.072536], [140.445222, 41.077357], [140.448777, 41.076862], [140.452453, 41.078803], [140.451946, 41.082078], [140.453177, 41.083465], [140.449669, 41.085965], [140.452152, 41.088169], [140.449254, 41.089508], [140.447866, 41.09153], [140.449413, 41.09347], [140.44676, 41.095077], [140.448596, 41.097046], [140.448076, 41.100836], [140.450825, 41.104078], [140.455096, 41.105124], [140.456728, 41.104145]], [[140.411985, 40.936612], [140.411985, 40.936612]]], [[[140.39125, 41.127054], [140.38048, 41.126894], [140.37796, 41.127881], [140.374035, 41.127614], [140.372014, 41.125959], [140.367024, 41.12512], [140.359181, 41.121206], [140.354316, 41.115973], [140.354095, 41.113935], [140.351477, 41.109744], [140.348712, 41.109142], [140.34319, 41.110404], [140.336192, 41.10675], [140.329657, 41.106146], [140.326716, 41.107027], [140.324646, 41.10937], [140.320789, 41.108298], [140.317707, 41.108595], [140.31354, 41.106177], [140.309774, 41.109246], [140.305869, 41.106627], [140.303183, 41.107063], [140.297702, 41.114098], [140.292164, 41.115067], [140.288392, 41.119449], [140.280196, 41.121261], [140.276888, 41.120346], [140.267326, 41.120539], [140.262774, 41.12217], [140.256858, 41.121119], [140.248711, 41.124177], [140.250651, 41.13019], [140.248785, 41.1339], [140.250437, 41.133388], [140.253479, 41.135488], [140.257393, 41.140729], [140.259699, 41.138275], [140.264671, 41.1356], [140.26723, 41.138348], [140.27095, 41.136991], [140.278181, 41.139351], [140.28269, 41.136429], [140.286174, 41.136896], [140.285221, 41.138715], [140.288138, 41.137611], [140.289865, 41.134453], [140.29276, 41.132338], [140.297678, 41.130787], [140.296784, 41.132985], [140.303364, 41.131307], [140.310021, 41.135438], [140.310244, 41.137623], [140.312499, 41.138012], [140.312008, 41.143478], [140.310251, 41.144976], [140.312104, 41.145731], [140.317729, 41.144999], [140.321591, 41.147831], [140.321978, 41.150202], [140.324716, 41.152481], [140.328027, 41.160026], [140.327863, 41.163466], [140.328866, 41.167796], [140.330783, 41.169623], [140.332433, 41.174619], [140.330975, 41.175935], [140.33337, 41.179072], [140.33428, 41.187305], [140.335707, 41.188526], [140.335567, 41.19315], [140.331084, 41.1975], [140.331224, 41.201754], [140.334522, 41.204978], [140.334848, 41.207664], [140.331633, 41.213171], [140.332029, 41.215247], [140.328973, 41.219136], [140.330873, 41.22426], [140.329935, 41.229827], [140.332225, 41.231009], [140.332673, 41.238173], [140.336585, 41.237844], [140.33721, 41.239108], [140.340644, 41.239438], [140.339724, 41.242303], [140.342007, 41.243772], [140.342182, 41.248993], [140.345345, 41.24784], [140.349069, 41.248902], [140.352926, 41.246624], [140.355465, 41.243832], [140.354217, 41.241197], [140.35835, 41.236649], [140.36202, 41.235007], [140.363259, 41.229918], [140.361626, 41.224845], [140.36191, 41.219858], [140.363698, 41.217315], [140.36525, 41.217549], [140.36818, 41.214204], [140.369518, 41.210451], [140.372462, 41.210147], [140.371365, 41.203047], [140.373631, 41.199974], [140.376437, 41.199537], [140.375532, 41.196043], [140.371496, 41.193237], [140.373379, 41.188946], [140.369559, 41.187213], [140.368512, 41.179735], [140.370582, 41.173368], [140.368027, 41.162131], [140.365722, 41.157631], [140.363455, 41.154958], [140.363193, 41.1528], [140.366323, 41.150975], [140.370307, 41.150042], [140.372564, 41.147905], [140.372641, 41.145314], [140.376631, 41.14369], [140.378474, 41.139518], [140.385813, 41.13487], [140.39125, 41.127054]]]]}}, {"type": "Feature", "properties": {"N03_001": "青森県", "N03_002": null, "N03_003": "上北郡", "N03_004": "野辺地町", "N03_007": "02401", "id": "gci:02401A1968", "code": "02401", "name": "野辺地町"}, "geometry": {"type": "MultiPolygon", "coordinates": [[[[141.255339, 40.969358], [141.258202, 40.966634], [141.257002, 40.96332], [141.253683, 40.963196], [141.246431, 40.960251], [141.245041, 40.95267], [141.240137, 40.9493], [141.239659, 40.947834], [141.232779, 40.940526], [141.235181, 40.937465], [141.232578, 40.934462], [141.232453, 40.931615], [141.23439, 40.924905], [141.230886, 40.917994], [141.227018, 40.914699], [141.224555, 40.908333], [141.224959, 40.903063], [141.222899, 40.899888], [141.219456, 40.899925], [141.217511, 40.896426], [141.207613, 40.88893], [141.203393, 40.886498], [141.202677, 40.883398], [141.195279, 40.869648], [141.191448, 40.870934], [141.186587, 40.86777], [141.173737, 40.864022], [141.161278, 40.856013], [141.15275, 40.849608], [141.146646, 40.84712], [141.137992, 40.850446], [141.13347, 40.850544], [141.132314, 40.84897], [141.135304, 40.839338], [141.133863, 40.834955], [141.131667, 40.834173], [141.129967, 40.836818], [141.127091, 40.837815], [141.1269, 40.84242], [141.124112, 40.840398], [141.11949, 40.841195], [141.115158, 40.840629], [141.107771, 40.838213], [141.093734, 40.834247], [141.090222, 40.834061], [141.083758, 40.830902], [141.07674, 40.830278], [141.074428, 40.8313], [141.067738, 40.832508], [141.067537, 40.833451], [141.059412, 40.835308], [141.0469, 40.833801], [141.045291, 40.832906], [141.043276, 40.834524], [141.039402, 40.840386], [141.039454, 40.846771], [141.042339, 40.847213], [141.046198, 40.851959], [141.046778, 40.854246], [141.045567, 40.857594], [141.043165, 40.858299], [141.041635, 40.864898], [141.044011, 40.869572], [141.042885, 40.871843], [141.043711, 40.874207], [141.047022, 40.877075], [141.058325, 40.880961], [141.063745, 40.881683], [141.06738, 40.883425], [141.072588, 40.884026], [141.076751, 40.885981], [141.084125, 40.886198], [141.091066, 40.880175], [141.097325, 40.876339], [141.097377, 40.874913], [141.104532, 40.872385], [141.110942, 40.872481], [141.113956, 40.871515], [141.112155, 40.87382], [141.115263, 40.873967], [141.115989, 40.871249], [141.118736, 40.871178], [141.12569, 40.873227], [141.131223, 40.872362], [141.135172, 40.874224], [141.139159, 40.877131], [141.143842, 40.87717], [141.148842, 40.879267], [141.156008, 40.88418], [141.161007, 40.888175], [141.171927, 40.89832], [141.179146, 40.905615], [141.189568, 40.917871], [141.195257, 40.925735], [141.20283, 40.937177], [141.211287, 40.951614], [141.218705, 40.966254], [141.220986, 40.971406], [141.23986, 40.972007], [141.249622, 40.969541], [141.255339, 40.969358]]]]}}, {"type": "Feature", "properties": {"OBJECTID": 1607, "N03_001": "青森県", "N03_002": null, "N03_003": "上北郡", "N03_004": "七戸町", "N03_007": "02402", "Shape_Leng": 1.143011225794548, "Shape_Area": 0.035948436679078, "id": "gci:02402A1968", "code": "02402", "name": "七戸町"}, "geometry": {"type": "MultiPolygon", "coordinates": [[[[141.172828, 40.683132], [141.169694, 40.679282], [141.171121, 40.67548], [141.171103, 40.672393], [141.167406, 40.671814], [141.16138, 40.672487], [141.159809, 40.673499], [141.159597, 40.66936], [141.156887, 40.66479], [141.157012, 40.663224], [141.145523, 40.656824], [141.14672, 40.655693], [141.145147, 40.653755], [141.146314, 40.650025], [141.148687, 40.651007], [141.154573, 40.650266], [141.148644, 40.645658], [141.148438, 40.643398], [141.144284, 40.639199], [141.136431, 40.640023], [141.129451, 40.642421], [141.12652, 40.642769], [141.119791, 40.639576], [141.11822, 40.637561], [141.114109, 40.636887], [141.112629, 40.633779], [141.108355, 40.635566], [141.101654, 40.634522], [141.090259, 40.635274], [141.085414, 40.634693], [141.083143, 40.633123], [141.079135, 40.634919], [141.073932, 40.638534], [141.073495, 40.640174], [141.068678, 40.640345], [141.062594, 40.643191], [141.059235, 40.648468], [141.055283, 40.650473], [141.053104, 40.655932], [141.05119, 40.658555], [141.050838, 40.661174], [141.047645, 40.662019], [141.045947, 40.664648], [141.036134, 40.665852], [141.027493, 40.664392], [141.021306, 40.665381], [141.014252, 40.668276], [141.008591, 40.668664], [141.002513, 40.671644], [140.999637, 40.67671], [140.998936, 40.681219], [140.991759, 40.689001], [140.990592, 40.693493], [140.978967, 40.697617], [140.975324, 40.699329], [140.970018, 40.705831], [140.966434, 40.706761], [140.963623, 40.709655], [140.963025, 40.713166], [140.95953, 40.713435], [140.95317, 40.718696], [140.946166, 40.719732], [140.939177, 40.721531], [140.932916, 40.7205], [140.929174, 40.721611], [140.926316, 40.726664], [140.923343, 40.727195], [140.919947, 40.726293], [140.915637, 40.729686], [140.909844, 40.729171], [140.906607, 40.731861], [140.901233, 40.738358], [140.901915, 40.743471], [140.906258, 40.746616], [140.905709, 40.751047], [140.910528, 40.75706], [140.91642, 40.756749], [140.918068, 40.760846], [140.920258, 40.761697], [140.93012, 40.761174], [140.933543, 40.759819], [140.939544, 40.759498], [140.940226, 40.760801], [140.944925, 40.763379], [140.95342, 40.765573], [140.955631, 40.768242], [140.96111, 40.772737], [140.960356, 40.776602], [140.958112, 40.78003], [140.965717, 40.785033], [140.970228, 40.78665], [140.972385, 40.789489], [140.975624, 40.791666], [140.976675, 40.793998], [140.976751, 40.800785], [140.980943, 40.802437], [140.980609, 40.806185], [140.986149, 40.807088], [140.988142, 40.808487], [140.988024, 40.810825], [140.989927, 40.81315], [140.993061, 40.813097], [140.996114, 40.815002], [141.003674, 40.815071], [141.006705, 40.816606], [141.010858, 40.809718], [141.015108, 40.807664], [141.013856, 40.806264], [141.016177, 40.802556], [141.021503, 40.801445], [141.027255, 40.801137], [141.03035, 40.799214], [141.040733, 40.803762], [141.044247, 40.801847], [141.045082, 40.799794], [141.053303, 40.798701], [141.055336, 40.800783], [141.058874, 40.799858], [141.063144, 40.800242], [141.070026, 40.802567], [141.079352, 40.802912], [141.088266, 40.800643], [141.090994, 40.801232], [141.098284, 40.807484], [141.099705, 40.805536], [141.104047, 40.804624], [141.106019, 40.805641], [141.109423, 40.803734], [141.114721, 40.803919], [141.119122, 40.802163], [141.123319, 40.802279], [141.123314, 40.803387], [141.135404, 40.804016], [141.137937, 40.801559], [141.137561, 40.799146], [141.140979, 40.800389], [141.147706, 40.796758], [141.160694, 40.793944], [141.161706, 40.794255], [141.162624, 40.786827], [141.168535, 40.787581], [141.16892, 40.785299], [141.180145, 40.786052], [141.184955, 40.785054], [141.187634, 40.78331], [141.189007, 40.778429], [141.186535, 40.769764], [141.185436, 40.768321], [141.192055, 40.764783], [141.198421, 40.764117], [141.200461, 40.768606], [141.204324, 40.764375], [141.208966, 40.763267], [141.218705, 40.756643], [141.223432, 40.756848], [141.229278, 40.758254], [141.226699, 40.761291], [141.228067, 40.761546], [141.230998, 40.767351], [141.234401, 40.768938], [141.235144, 40.771062], [141.238205, 40.769431], [141.23678, 40.775761], [141.240137, 40.774917], [141.24809, 40.775942], [141.251906, 40.773513], [141.25523, 40.773817], [141.253549, 40.770101], [141.256998, 40.770216], [141.256987, 40.764686], [141.254961, 40.764802], [141.253694, 40.754891], [141.271518, 40.753469], [141.270858, 40.749782], [141.266297, 40.749494], [141.262575, 40.750505], [141.258078, 40.750648], [141.256463, 40.753058], [141.251858, 40.753669], [141.248582, 40.752688], [141.24615, 40.750663], [141.247129, 40.747163], [141.248744, 40.745704], [141.244239, 40.740451], [141.244076, 40.737455], [141.238378, 40.731829], [141.229558, 40.729579], [141.224031, 40.726143], [141.218528, 40.726568], [141.214406, 40.725783], [141.213853, 40.721524], [141.210122, 40.722999], [141.206339, 40.720081], [141.204709, 40.716597], [141.202694, 40.718056], [141.198872, 40.716616], [141.196319, 40.714473], [141.185545, 40.71117], [141.184609, 40.70849], [141.179163, 40.7068], [141.180022, 40.703601], [141.178276, 40.701344], [141.175916, 40.701645], [141.175935, 40.698184], [141.172585, 40.697935], [141.172489, 40.695543], [141.174552, 40.694473], [141.175951, 40.689577], [141.17382, 40.686651], [141.170957, 40.685785], [141.172828, 40.683132]], [[141.212843, 40.724185], [141.212843, 40.724185]]]]}}, {"type": "Feature", "properties": {"OBJECTID": 1608, "N03_001": "青森県", "N03_002": null, "N03_003": "上北郡", "N03_004": "六戸町", "N03_007": "02405", "Shape_Leng": 0.649761611994504, "Shape_Area": 0.008929392903914, "id": "gci:02405A1968", "code": "02405", "name": "六戸町"}, "geometry": {"type": "MultiPolygon", "coordinates": [[[[141.355842, 40.663822], [141.356847, 40.660055], [141.35936, 40.658036], [141.359336, 40.652646], [141.360783, 40.652057], [141.360348, 40.647446], [141.363307, 40.644419], [141.363086, 40.642515], [141.354283, 40.638371], [141.351232, 40.635345], [141.350155, 40.632084], [141.345721, 40.625293], [141.346864, 40.62287], [141.344951, 40.621272], [141.344624, 40.617633], [141.346776, 40.613145], [141.343824, 40.610963], [141.344479, 40.607837], [141.346475, 40.606786], [141.347248, 40.601247], [141.351556, 40.599644], [141.353029, 40.60232], [141.356899, 40.60246], [141.358346, 40.600969], [141.361648, 40.601083], [141.35971, 40.604147], [141.360414, 40.605555], [141.364926, 40.606885], [141.366771, 40.604849], [141.366183, 40.601246], [141.36735, 40.598932], [141.363123, 40.600047], [141.357752, 40.592393], [141.354528, 40.589411], [141.366163, 40.589261], [141.374374, 40.586784], [141.377598, 40.588267], [141.380373, 40.585547], [141.380526, 40.579728], [141.37762, 40.575724], [141.376444, 40.572172], [141.369702, 40.567197], [141.365267, 40.56621], [141.358731, 40.578172], [141.35559, 40.581896], [141.354261, 40.585925], [141.352472, 40.585815], [141.345998, 40.581243], [141.340515, 40.582015], [141.333773, 40.578903], [141.334979, 40.572701], [141.336942, 40.567997], [141.322583, 40.562722], [141.318768, 40.563362], [141.316458, 40.565149], [141.303671, 40.568063], [141.301911, 40.575407], [141.296124, 40.577715], [141.293349, 40.580619], [141.293502, 40.583427], [141.2907, 40.583459], [141.288938, 40.586176], [141.285499, 40.588167], [141.285142, 40.591268], [141.286672, 40.593095], [141.293561, 40.597928], [141.29402, 40.599138], [141.290044, 40.600766], [141.287483, 40.599026], [141.285232, 40.600079], [141.27875, 40.600754], [141.276492, 40.601863], [141.277342, 40.604446], [141.275078, 40.606858], [141.276691, 40.609567], [141.274427, 40.609842], [141.274372, 40.615597], [141.266767, 40.616505], [141.265849, 40.615574], [141.258384, 40.616332], [141.257051, 40.619109], [141.259199, 40.630483], [141.263141, 40.630204], [141.265744, 40.631274], [141.261415, 40.637201], [141.27069, 40.637516], [141.274901, 40.639891], [141.277845, 40.640396], [141.283009, 40.645035], [141.278754, 40.6474], [141.269197, 40.646196], [141.263148, 40.651317], [141.262934, 40.652555], [141.26544, 40.659005], [141.269927, 40.66449], [141.278337, 40.67138], [141.284327, 40.673842], [141.287483, 40.676213], [141.290202, 40.681009], [141.295364, 40.682487], [141.3006, 40.682762], [141.301892, 40.684945], [141.307567, 40.68857], [141.314156, 40.690872], [141.315509, 40.69053], [141.318466, 40.696002], [141.317915, 40.699069], [141.323302, 40.700966], [141.324701, 40.700656], [141.322476, 40.696261], [141.325571, 40.692623], [141.331633, 40.692433], [141.336419, 40.690982], [141.340668, 40.68836], [141.335982, 40.684755], [141.333277, 40.678971], [141.332553, 40.674844], [141.334254, 40.669779], [141.344674, 40.660986], [141.346641, 40.662959], [141.351823, 40.665004], [141.355842, 40.663822]]]]}}, {"type": "Feature", "properties": {"N03_001": "青森県", "N03_002": null, "N03_003": "上北郡", "N03_004": "横浜町", "N03_007": "02406", "id": "gci:02406A1968", "code": "02406", "name": "横浜町"}, "geometry": {"type": "MultiPolygon", "coordinates": [[[[141.322955, 41.154107], [141.32712, 41.149748], [141.325405, 41.147542], [141.325527, 41.142572], [141.327232, 41.136888], [141.326358, 41.13629], [141.330663, 41.132931], [141.331577, 41.130206], [141.33341, 41.129684], [141.332416, 41.127594], [141.334112, 41.125741], [141.333915, 41.123434], [141.328257, 41.122404], [141.325313, 41.117502], [141.326423, 41.1142], [141.328342, 41.112353], [141.335034, 41.108731], [141.342665, 41.106953], [141.347576, 41.106439], [141.347856, 41.104618], [141.351984, 41.101843], [141.351165, 41.097421], [141.353077, 41.09594], [141.35069, 41.09389], [141.345946, 41.092905], [141.344318, 41.088932], [141.345137, 41.085898], [141.34331, 41.082552], [141.345552, 41.079497], [141.34578, 41.074959], [141.338793, 41.071936], [141.341789, 41.069433], [141.344322, 41.064624], [141.34295, 41.062546], [141.343151, 41.059775], [141.341501, 41.057659], [141.338026, 41.057116], [141.335451, 41.059003], [141.328878, 41.058984], [141.325473, 41.05627], [141.32551, 41.05035], [141.324242, 41.044871], [141.31663, 41.040705], [141.317196, 41.037346], [141.319915, 41.037052], [141.320144, 41.032923], [141.32144, 41.031951], [141.321113, 41.028543], [141.314766, 41.024826], [141.31243, 41.02094], [141.304114, 41.017994], [141.301494, 41.016278], [141.297809, 41.004889], [141.293974, 41.003204], [141.288434, 41.003756], [141.285509, 40.998385], [141.282985, 40.998126], [141.28375, 40.994674], [141.273109, 40.994307], [141.270122, 40.98824], [141.263672, 40.982131], [141.264896, 40.97433], [141.261979, 40.97107], [141.256574, 40.971054], [141.255339, 40.969358], [141.249622, 40.969541], [141.23986, 40.972007], [141.220986, 40.971406], [141.226251, 40.98405], [141.229, 40.991527], [141.234138, 41.008339], [141.237427, 41.021917], [141.239241, 41.031163], [141.241838, 41.049217], [141.242209, 41.057901], [141.240706, 41.059145], [141.242786, 41.061696], [141.242718, 41.073079], [141.241873, 41.081907], [141.246344, 41.087238], [141.247837, 41.093962], [141.246473, 41.104644], [141.24842, 41.110194], [141.251051, 41.113723], [141.25346, 41.113866], [141.254896, 41.120662], [141.25818, 41.122388], [141.260132, 41.126273], [141.264772, 41.126368], [141.267278, 41.130455], [141.27227, 41.1348], [141.273889, 41.141048], [141.276667, 41.147594], [141.276326, 41.150699], [141.278662, 41.152905], [141.287972, 41.157831], [141.295184, 41.154886], [141.299901, 41.154348], [141.304977, 41.152452], [141.31057, 41.151691], [141.318639, 41.152508], [141.322955, 41.154107]]]]}}, {"type": "Feature", "properties": {"N03_001": "青森県", "N03_002": null, "N03_003": "上北郡", "N03_004": "東北町", "N03_007": "02408", "id": "gci:02408A1968", "code": "02408", "name": "東北町"}, "geometry": {"type": "MultiPolygon", "coordinates": [[[[141.212843, 40.724185], [141.212843, 40.724185]]], [[[141.36773, 40.83865], [141.367969, 40.836363], [141.365215, 40.828858], [141.36608, 40.827456], [141.358986, 40.816097], [141.356064, 40.813973], [141.353191, 40.813726], [141.349753, 40.810159], [141.34774, 40.804059], [141.347887, 40.796075], [141.348713, 40.793816], [141.348313, 40.788841], [141.349054, 40.7838], [141.348061, 40.779588], [141.348815, 40.77793], [141.355439, 40.77451], [141.357948, 40.768391], [141.359397, 40.756822], [141.359646, 40.745744], [141.35842, 40.73615], [141.356266, 40.730428], [141.351416, 40.723444], [141.34628, 40.720582], [141.337698, 40.724249], [141.336745, 40.722333], [141.328552, 40.725202], [141.324367, 40.72382], [141.321847, 40.724506], [141.316624, 40.72176], [141.310096, 40.716547], [141.310723, 40.710477], [141.31323, 40.71019], [141.318704, 40.713374], [141.331657, 40.712937], [141.332912, 40.717591], [141.336044, 40.720736], [141.343223, 40.720077], [141.34232, 40.715331], [141.340078, 40.711948], [141.337108, 40.712309], [141.334177, 40.70807], [141.328252, 40.706444], [141.32686, 40.703001], [141.324701, 40.700656], [141.323302, 40.700966], [141.317915, 40.699069], [141.318466, 40.696002], [141.315509, 40.69053], [141.314156, 40.690872], [141.307567, 40.68857], [141.301892, 40.684945], [141.3006, 40.682762], [141.295364, 40.682487], [141.290202, 40.681009], [141.287483, 40.676213], [141.284327, 40.673842], [141.278337, 40.67138], [141.269927, 40.66449], [141.271593, 40.668995], [141.267086, 40.671228], [141.266398, 40.673959], [141.266972, 40.678928], [141.263616, 40.685156], [141.264029, 40.688903], [141.26626, 40.691618], [141.265657, 40.69488], [141.262512, 40.695175], [141.265493, 40.697797], [141.267298, 40.700777], [141.265344, 40.701568], [141.263589, 40.699824], [141.260394, 40.701119], [141.256334, 40.699223], [141.251449, 40.701672], [141.24953, 40.699355], [141.247376, 40.700423], [141.244211, 40.696613], [141.241811, 40.695733], [141.239923, 40.698499], [141.236245, 40.696033], [141.235996, 40.694236], [141.231498, 40.694767], [141.230878, 40.691679], [141.223189, 40.691537], [141.2153, 40.689321], [141.211073, 40.690424], [141.209965, 40.692808], [141.206919, 40.68984], [141.203448, 40.688308], [141.194934, 40.689334], [141.188904, 40.685841], [141.179515, 40.684771], [141.172828, 40.683132], [141.170957, 40.685785], [141.17382, 40.686651], [141.175951, 40.689577], [141.174552, 40.694473], [141.172489, 40.695543], [141.172585, 40.697935], [141.175935, 40.698184], [141.175916, 40.701645], [141.178276, 40.701344], [141.180022, 40.703601], [141.179163, 40.7068], [141.184609, 40.70849], [141.185545, 40.71117], [141.196319, 40.714473], [141.198872, 40.716616], [141.202694, 40.718056], [141.204709, 40.716597], [141.206339, 40.720081], [141.210122, 40.722999], [141.213853, 40.721524], [141.214406, 40.725783], [141.218528, 40.726568], [141.224031, 40.726143], [141.229558, 40.729579], [141.238378, 40.731829], [141.244076, 40.737455], [141.244239, 40.740451], [141.248744, 40.745704], [141.247129, 40.747163], [141.24615, 40.750663], [141.248582, 40.752688], [141.251858, 40.753669], [141.256463, 40.753058], [141.258078, 40.750648], [141.262575, 40.750505], [141.266297, 40.749494], [141.270858, 40.749782], [141.271518, 40.753469], [141.253694, 40.754891], [141.254961, 40.764802], [141.256987, 40.764686], [141.256998, 40.770216], [141.253549, 40.770101], [141.25523, 40.773817], [141.251906, 40.773513], [141.24809, 40.775942], [141.240137, 40.774917], [141.23678, 40.775761], [141.238205, 40.769431], [141.235144, 40.771062], [141.234401, 40.768938], [141.230998, 40.767351], [141.228067, 40.761546], [141.226699, 40.761291], [141.229278, 40.758254], [141.223432, 40.756848], [141.218705, 40.756643], [141.208966, 40.763267], [141.204324, 40.764375], [141.200461, 40.768606], [141.198421, 40.764117], [141.192055, 40.764783], [141.185436, 40.768321], [141.186535, 40.769764], [141.189007, 40.778429], [141.187634, 40.78331], [141.184955, 40.785054], [141.180145, 40.786052], [141.16892, 40.785299], [141.168535, 40.787581], [141.162624, 40.786827], [141.161706, 40.794255], [141.160694, 40.793944], [141.147706, 40.796758], [141.140979, 40.800389], [141.137561, 40.799146], [141.137937, 40.801559], [141.135404, 40.804016], [141.123314, 40.803387], [141.123319, 40.802279], [141.119122, 40.802163], [141.114721, 40.803919], [141.109423, 40.803734], [141.106019, 40.805641], [141.104047, 40.804624], [141.099705, 40.805536], [141.098284, 40.807484], [141.090994, 40.801232], [141.088266, 40.800643], [141.079352, 40.802912], [141.070026, 40.802567], [141.063144, 40.800242], [141.058874, 40.799858], [141.055336, 40.800783], [141.053303, 40.798701], [141.045082, 40.799794], [141.044247, 40.801847], [141.040733, 40.803762], [141.03035, 40.799214], [141.027255, 40.801137], [141.021503, 40.801445], [141.016177, 40.802556], [141.013856, 40.806264], [141.015108, 40.807664], [141.010858, 40.809718], [141.006705, 40.816606], [141.008196, 40.818276], [141.016734, 40.81985], [141.016507, 40.821463], [141.020143, 40.825955], [141.018931, 40.831197], [141.019486, 40.83254], [141.018069, 40.837155], [141.022451, 40.836782], [141.02937, 40.838584], [141.035291, 40.839152], [141.039402, 40.840386], [141.043276, 40.834524], [141.045291, 40.832906], [141.0469, 40.833801], [141.059412, 40.835308], [141.067537, 40.833451], [141.067738, 40.832508], [141.074428, 40.8313], [141.07674, 40.830278], [141.083758, 40.830902], [141.090222, 40.834061], [141.093734, 40.834247], [141.107771, 40.838213], [141.115158, 40.840629], [141.11949, 40.841195], [141.124112, 40.840398], [141.1269, 40.84242], [141.127091, 40.837815], [141.129967, 40.836818], [141.131667, 40.834173], [141.133863, 40.834955], [141.135304, 40.839338], [141.132314, 40.84897], [141.13347, 40.850544], [141.137992, 40.850446], [141.146646, 40.84712], [141.15275, 40.849608], [141.161278, 40.856013], [141.173737, 40.864022], [141.186587, 40.86777], [141.191448, 40.870934], [141.195279, 40.869648], [141.202677, 40.883398], [141.203393, 40.886498], [141.207613, 40.88893], [141.217511, 40.896426], [141.219456, 40.899925], [141.222899, 40.899888], [141.224959, 40.903063], [141.224555, 40.908333], [141.227018, 40.914699], [141.230886, 40.917994], [141.23439, 40.924905], [141.232453, 40.931615], [141.242377, 40.927805], [141.242841, 40.926795], [141.249721, 40.923914], [141.255929, 40.923965], [141.260917, 40.926122], [141.26235, 40.922737], [141.26169, 40.920089], [141.258777, 40.915046], [141.257634, 40.914808], [141.256541, 40.909922], [141.254784, 40.908578], [141.249419, 40.908515], [141.251668, 40.907516], [141.256089, 40.908372], [141.258502, 40.905389], [141.260737, 40.89971], [141.260613, 40.897374], [141.262647, 40.891395], [141.26477, 40.888665], [141.269317, 40.885015], [141.266529, 40.869877], [141.268137, 40.864258], [141.26869, 40.85651], [141.268177, 40.855088], [141.269783, 40.84933], [141.269809, 40.845707], [141.281779, 40.839806], [141.296607, 40.836014], [141.30798, 40.831579], [141.315439, 40.847317], [141.318392, 40.848994], [141.324321, 40.850251], [141.328427, 40.852445], [141.32888, 40.849717], [141.326292, 40.848516], [141.326631, 40.846886], [141.337735, 40.842678], [141.350798, 40.842801], [141.355759, 40.8445], [141.360407, 40.844347], [141.365444, 40.842701], [141.367365, 40.84107], [141.36773, 40.83865]]]]}}, {"type": "Feature", "properties": {"N03_001": "青森県", "N03_002": null, "N03_003": "上北郡", "N03_004": "六ヶ所村", "N03_007": "02411", "id": "gci:02411A1968", "code": "02411", "name": "六ヶ所村"}, "geometry": {"type": "MultiPolygon", "coordinates": [[[[141.392929, 40.886624], [141.385406, 40.885533], [141.379757, 40.882801], [141.376877, 40.878784], [141.376907, 40.875852], [141.374097, 40.86355], [141.374652, 40.860229], [141.378207, 40.851935], [141.377849, 40.84893], [141.378787, 40.844956], [141.371426, 40.838956], [141.36773, 40.83865], [141.367365, 40.84107], [141.365444, 40.842701], [141.360407, 40.844347], [141.355759, 40.8445], [141.350798, 40.842801], [141.337735, 40.842678], [141.326631, 40.846886], [141.326292, 40.848516], [141.32888, 40.849717], [141.328427, 40.852445], [141.324321, 40.850251], [141.318392, 40.848994], [141.315439, 40.847317], [141.30798, 40.831579], [141.296607, 40.836014], [141.281779, 40.839806], [141.269809, 40.845707], [141.269783, 40.84933], [141.268177, 40.855088], [141.26869, 40.85651], [141.268137, 40.864258], [141.266529, 40.869877], [141.269317, 40.885015], [141.26477, 40.888665], [141.262647, 40.891395], [141.260613, 40.897374], [141.260737, 40.89971], [141.258502, 40.905389], [141.256089, 40.908372], [141.251668, 40.907516], [141.249419, 40.908515], [141.254784, 40.908578], [141.256541, 40.909922], [141.257634, 40.914808], [141.258777, 40.915046], [141.26169, 40.920089], [141.26235, 40.922737], [141.260917, 40.926122], [141.255929, 40.923965], [141.249721, 40.923914], [141.242841, 40.926795], [141.242377, 40.927805], [141.232453, 40.931615], [141.232578, 40.934462], [141.235181, 40.937465], [141.232779, 40.940526], [141.239659, 40.947834], [141.240137, 40.9493], [141.245041, 40.95267], [141.246431, 40.960251], [141.253683, 40.963196], [141.257002, 40.96332], [141.258202, 40.966634], [141.255339, 40.969358], [141.256574, 40.971054], [141.261979, 40.97107], [141.264896, 40.97433], [141.263672, 40.982131], [141.270122, 40.98824], [141.273109, 40.994307], [141.28375, 40.994674], [141.282985, 40.998126], [141.285509, 40.998385], [141.288434, 41.003756], [141.293974, 41.003204], [141.297809, 41.004889], [141.301494, 41.016278], [141.304114, 41.017994], [141.31243, 41.02094], [141.314766, 41.024826], [141.321113, 41.028543], [141.32144, 41.031951], [141.320144, 41.032923], [141.319915, 41.037052], [141.317196, 41.037346], [141.31663, 41.040705], [141.324242, 41.044871], [141.32551, 41.05035], [141.325473, 41.05627], [141.328878, 41.058984], [141.335451, 41.059003], [141.338026, 41.057116], [141.341501, 41.057659], [141.343151, 41.059775], [141.34295, 41.062546], [141.344322, 41.064624], [141.341789, 41.069433], [141.338793, 41.071936], [141.34578, 41.074959], [141.345552, 41.079497], [141.34331, 41.082552], [141.345137, 41.085898], [141.344318, 41.088932], [141.345946, 41.092905], [141.35069, 41.09389], [141.353077, 41.09594], [141.351165, 41.097421], [141.351984, 41.101843], [141.347856, 41.104618], [141.347576, 41.106439], [141.354222, 41.109018], [141.358556, 41.109407], [141.361554, 41.10806], [141.368452, 41.112062], [141.372313, 41.118963], [141.377543, 41.12482], [141.386569, 41.129492], [141.392006, 41.129591], [141.395824, 41.132364], [141.396251, 41.126203], [141.393726, 41.122656], [141.394668, 41.12168], [141.392813, 41.114196], [141.394472, 41.108193], [141.394131, 41.105445], [141.395827, 41.105003], [141.392948, 41.103335], [141.394375, 41.0997], [141.398414, 41.100435], [141.398862, 41.098216], [141.397214, 41.096288], [141.39669, 41.090771], [141.395807, 41.09047], [141.392811, 41.081137], [141.390868, 41.069538], [141.388389, 41.04569], [141.388687, 41.045229], [141.386884, 41.032574], [141.387098, 41.02864], [141.386193, 41.023746], [141.386492, 41.01953], [141.385747, 41.015932], [141.384633, 40.984616], [141.386892, 40.981901], [141.385603, 40.977996], [141.387393, 40.969721], [141.385417, 40.966322], [141.386267, 40.964352], [141.389825, 40.963996], [141.386991, 40.961701], [141.386202, 40.959117], [141.385848, 40.952144], [141.386842, 40.943526], [141.388676, 40.939451], [141.391438, 40.936841], [141.385817, 40.936673], [141.38361, 40.935299], [141.379938, 40.938173], [141.379919, 40.936647], [141.375893, 40.936681], [141.376236, 40.9338], [141.379289, 40.933233], [141.381114, 40.931135], [141.388311, 40.931301], [141.390459, 40.928325], [141.388612, 40.928269], [141.386149, 40.93077], [141.386938, 40.924226], [141.394775, 40.924185], [141.392507, 40.921936], [141.391565, 40.918736], [141.3912, 40.913068], [141.391792, 40.8988], [141.392929, 40.886624]]]]}}, {"type": "Feature", "properties": {"OBJECTID": 1630, "N03_001": "青森県", "N03_002": null, "N03_003": "上北郡", "N03_004": "おいらせ町", "N03_007": "02412", "Shape_Leng": 0.552445321899514, "Shape_Area": 0.007659212518231, "id": "gci:02412A2006", "code": "02412", "name": "おいらせ町"}, "geometry": {"type": "MultiPolygon", "coordinates": [[[[141.438777, 40.670507], [141.441457, 40.658713], [141.444258, 40.652244], [141.444549, 40.648945], [141.44711, 40.643853], [141.447886, 40.638825], [141.454462, 40.623327], [141.462404, 40.607731], [141.463532, 40.606596], [141.462994, 40.603467], [141.461331, 40.600219], [141.459178, 40.59968], [141.45479, 40.600629], [141.451628, 40.599866], [141.447143, 40.596718], [141.443032, 40.59662], [141.435739, 40.594665], [141.428785, 40.591329], [141.425011, 40.591867], [141.424447, 40.587384], [141.420304, 40.585028], [141.411783, 40.583688], [141.411295, 40.581047], [141.410699, 40.583348], [141.406391, 40.584782], [141.402405, 40.583875], [141.398314, 40.583993], [141.390874, 40.587006], [141.382198, 40.587254], [141.383064, 40.580895], [141.380373, 40.585547], [141.377598, 40.588267], [141.374374, 40.586784], [141.366163, 40.589261], [141.354528, 40.589411], [141.357752, 40.592393], [141.363123, 40.600047], [141.36735, 40.598932], [141.366183, 40.601246], [141.366771, 40.604849], [141.364926, 40.606885], [141.360414, 40.605555], [141.35971, 40.604147], [141.361648, 40.601083], [141.358346, 40.600969], [141.356899, 40.60246], [141.353029, 40.60232], [141.351556, 40.599644], [141.347248, 40.601247], [141.346475, 40.606786], [141.344479, 40.607837], [141.343824, 40.610963], [141.346776, 40.613145], [141.344624, 40.617633], [141.344951, 40.621272], [141.346864, 40.62287], [141.345721, 40.625293], [141.350155, 40.632084], [141.351232, 40.635345], [141.354283, 40.638371], [141.363086, 40.642515], [141.363307, 40.644419], [141.360348, 40.647446], [141.360783, 40.652057], [141.359336, 40.652646], [141.35936, 40.658036], [141.356847, 40.660055], [141.355842, 40.663822], [141.361244, 40.66434], [141.362708, 40.668074], [141.364463, 40.667705], [141.364013, 40.672369], [141.364828, 40.673925], [141.368207, 40.666931], [141.378347, 40.665682], [141.378474, 40.663952], [141.383625, 40.665519], [141.387286, 40.665329], [141.393665, 40.666726], [141.40167, 40.667475], [141.405342, 40.667168], [141.411129, 40.668915], [141.418265, 40.669245], [141.428965, 40.668006], [141.431159, 40.669584], [141.438777, 40.670507]]]]}}, {"type": "Feature", "properties": {"N03_001": "青森県", "N03_002": null, "N03_003": "下北郡", "N03_004": "大間町", "N03_007": "02423", "id": "gci:02423A1968", "code": "02423", "name": "大間町"}, "geometry": {"type": "MultiPolygon", "coordinates": [[[[140.937081, 41.528958], [140.936358, 41.524671], [140.933888, 41.521367], [140.935956, 41.518288], [140.940604, 41.51476], [140.942025, 41.510574], [140.944601, 41.510522], [140.947486, 41.506639], [140.951188, 41.506218], [140.957356, 41.501485], [140.959174, 41.495265], [140.955098, 41.493758], [140.952373, 41.487933], [140.955041, 41.483768], [140.954158, 41.481451], [140.957974, 41.480384], [140.958931, 41.478906], [140.957867, 41.475289], [140.9608, 41.472685], [140.960282, 41.46831], [140.957605, 41.466756], [140.958433, 41.46463], [140.957832, 41.459635], [140.955205, 41.457047], [140.956639, 41.452709], [140.950804, 41.448869], [140.950644, 41.446184], [140.957539, 41.439544], [140.960564, 41.4382], [140.962585, 41.435637], [140.967594, 41.435155], [140.965586, 41.431513], [140.960966, 41.427275], [140.960503, 41.42536], [140.956713, 41.423968], [140.949645, 41.425349], [140.945152, 41.426879], [140.944612, 41.422542], [140.940368, 41.421059], [140.936519, 41.422213], [140.934985, 41.42442], [140.928392, 41.427356], [140.923232, 41.422999], [140.918522, 41.425535], [140.916754, 41.428028], [140.916431, 41.432274], [140.912556, 41.434677], [140.908104, 41.433408], [140.901065, 41.441645], [140.901972, 41.443928], [140.898574, 41.446945], [140.899, 41.449167], [140.896781, 41.450855], [140.897015, 41.45593], [140.898093, 41.457313], [140.897465, 41.461407], [140.894181, 41.461603], [140.892067, 41.464867], [140.888072, 41.468667], [140.882165, 41.468195], [140.887069, 41.470355], [140.889399, 41.46973], [140.890162, 41.471347], [140.898418, 41.476628], [140.900014, 41.480055], [140.899087, 41.482453], [140.90145, 41.48337], [140.904044, 41.48842], [140.904688, 41.491791], [140.908952, 41.494521], [140.909086, 41.495861], [140.906153, 41.498046], [140.907988, 41.502831], [140.909568, 41.503546], [140.908574, 41.507774], [140.906985, 41.510312], [140.900523, 41.51127], [140.906432, 41.511454], [140.906159, 41.513893], [140.903613, 41.518391], [140.9007, 41.519568], [140.898346, 41.522514], [140.897319, 41.525836], [140.899063, 41.526573], [140.900488, 41.524391], [140.905193, 41.528929], [140.908126, 41.529957], [140.907717, 41.533095], [140.909112, 41.53573], [140.907475, 41.53689], [140.910781, 41.542861], [140.91072, 41.544927], [140.913579, 41.546503], [140.916879, 41.545107], [140.921999, 41.539377], [140.92415, 41.534605], [140.937081, 41.528958]]], [[[140.911806, 41.55581], [140.914167, 41.554548], [140.913107, 41.55266], [140.910652, 41.552098], [140.909553, 41.555935], [140.911806, 41.55581]]]]}}, {"type": "Feature", "properties": {"N03_001": "青森県", "N03_002": null, "N03_003": "下北郡", "N03_004": "東通村", "N03_007": "02424", "id": "gci:02424A1968", "code": "02424", "name": "東通村"}, "geometry": {"type": "MultiPolygon", "coordinates": [[[[141.395824, 41.132364], [141.392006, 41.129591], [141.386569, 41.129492], [141.377543, 41.12482], [141.372313, 41.118963], [141.368452, 41.112062], [141.361554, 41.10806], [141.358556, 41.109407], [141.354222, 41.109018], [141.347576, 41.106439], [141.342665, 41.106953], [141.335034, 41.108731], [141.328342, 41.112353], [141.326423, 41.1142], [141.325313, 41.117502], [141.328257, 41.122404], [141.333915, 41.123434], [141.334112, 41.125741], [141.332416, 41.127594], [141.33341, 41.129684], [141.331577, 41.130206], [141.330663, 41.132931], [141.326358, 41.13629], [141.327232, 41.136888], [141.325527, 41.142572], [141.325405, 41.147542], [141.32712, 41.149748], [141.322955, 41.154107], [141.3207, 41.155622], [141.321705, 41.15975], [141.318499, 41.162398], [141.321154, 41.166066], [141.319329, 41.167491], [141.323938, 41.170359], [141.323318, 41.174362], [141.328683, 41.179144], [141.330211, 41.1821], [141.328596, 41.184599], [141.33011, 41.190839], [141.333758, 41.195555], [141.336736, 41.19812], [141.337141, 41.200011], [141.334728, 41.205512], [141.336332, 41.208783], [141.336218, 41.21327], [141.33897, 41.215254], [141.335624, 41.219187], [141.336055, 41.221408], [141.33445, 41.223668], [141.334942, 41.226198], [141.332127, 41.226189], [141.331598, 41.231175], [141.32834, 41.232992], [141.327809, 41.23636], [141.325361, 41.239391], [141.326685, 41.244254], [141.322784, 41.244708], [141.320678, 41.246165], [141.320765, 41.249588], [141.31526, 41.247374], [141.310489, 41.243254], [141.303469, 41.249308], [141.299922, 41.247648], [141.292538, 41.248315], [141.289898, 41.247267], [141.28274, 41.249889], [141.277159, 41.248955], [141.273588, 41.245704], [141.266037, 41.243391], [141.260364, 41.244653], [141.255062, 41.244823], [141.253394, 41.246673], [141.246514, 41.249198], [141.248339, 41.254959], [141.247518, 41.258598], [141.250955, 41.263783], [141.251141, 41.266994], [141.247544, 41.281859], [141.248936, 41.286219], [141.251198, 41.289803], [141.254196, 41.292087], [141.254354, 41.294531], [141.252962, 41.301665], [141.247682, 41.30701], [141.246418, 41.309914], [141.241481, 41.311802], [141.240968, 41.309978], [141.234923, 41.30878], [141.228441, 41.309456], [141.226048, 41.312376], [141.226242, 41.315079], [141.228812, 41.319559], [141.233118, 41.321838], [141.234036, 41.325902], [141.238957, 41.328774], [141.2426, 41.329182], [141.244873, 41.331689], [141.236968, 41.333768], [141.240826, 41.339107], [141.245411, 41.344031], [141.25, 41.352107], [141.247557, 41.360027], [141.246578, 41.361155], [141.25693, 41.358818], [141.263583, 41.356046], [141.274606, 41.353679], [141.288868, 41.351509], [141.292455, 41.351648], [141.296863, 41.350452], [141.310939, 41.35131], [141.317666, 41.352722], [141.322446, 41.354338], [141.328764, 41.354885], [141.334291, 41.35624], [141.336846, 41.357721], [141.344053, 41.359287], [141.35747, 41.363882], [141.361891, 41.365964], [141.37694, 41.371994], [141.389377, 41.376414], [141.39825, 41.380754], [141.404105, 41.384154], [141.411059, 41.390674], [141.415264, 41.393989], [141.417216, 41.394395], [141.422922, 41.398231], [141.425501, 41.401807], [141.43429, 41.406865], [141.432612, 41.408177], [141.434105, 41.409571], [141.437184, 41.409545], [141.438902, 41.412985], [141.451212, 41.421623], [141.45217, 41.423407], [141.455168, 41.424161], [141.461392, 41.431209], [141.464249, 41.428859], [141.463853, 41.423773], [141.468539, 41.4192], [141.467787, 41.417733], [141.464417, 41.417877], [141.461528, 41.4162], [141.460046, 41.411729], [141.461056, 41.406217], [141.463713, 41.402395], [141.460863, 41.401292], [141.458247, 41.402423], [141.455188, 41.401371], [141.453216, 41.394417], [141.460643, 41.389379], [141.460868, 41.38749], [141.458802, 41.385891], [141.459639, 41.380236], [141.457666, 41.377618], [141.455037, 41.377256], [141.456204, 41.37572], [141.451035, 41.374092], [141.449532, 41.372354], [141.450795, 41.370032], [141.447338, 41.367745], [141.445626, 41.365077], [141.442388, 41.357342], [141.438705, 41.344692], [141.433939, 41.330874], [141.426967, 41.307162], [141.425319, 41.302391], [141.422649, 41.292056], [141.418876, 41.280898], [141.41505, 41.27084], [141.4127, 41.2609], [141.409186, 41.251081], [141.40819, 41.25], [141.404938, 41.238544], [141.4036, 41.227219], [141.402368, 41.222583], [141.403788, 41.222934], [141.401201, 41.21656], [141.396926, 41.199509], [141.394944, 41.195008], [141.394198, 41.18868], [141.399009, 41.188033], [141.398423, 41.187033], [141.393694, 41.187733], [141.390907, 41.178458], [141.389817, 41.169018], [141.391473, 41.166594], [141.389862, 41.166107], [141.388462, 41.153968], [141.388789, 41.148856], [141.391628, 41.137379], [141.391707, 41.133381], [141.393807, 41.131604], [141.395824, 41.132364]]]]}}, {"type": "Feature", "properties": {"N03_001": "青森県", "N03_002": null, "N03_003": "下北郡", "N03_004": "風間浦村", "N03_007": "02425", "id": "gci:02425A1968", "code": "02425", "name": "風間浦村"}, "geometry": {"type": "MultiPolygon", "coordinates": [[[[141.115689, 41.455659], [141.114231, 41.45424], [141.110859, 41.454755], [141.104974, 41.451357], [141.102319, 41.452026], [141.095364, 41.451226], [141.091286, 41.45214], [141.090006, 41.450706], [141.084109, 41.451424], [141.081957, 41.448717], [141.076419, 41.448977], [141.07193, 41.446858], [141.068803, 41.447728], [141.063304, 41.44685], [141.060362, 41.444057], [141.055345, 41.445496], [141.053126, 41.444837], [141.051129, 41.446366], [141.047715, 41.444932], [141.048694, 41.440352], [141.05119, 41.438682], [141.050709, 41.434075], [141.047372, 41.429781], [141.044197, 41.43049], [141.038997, 41.426362], [141.031023, 41.42498], [141.02783, 41.420754], [141.024069, 41.422853], [141.022333, 41.421136], [141.01251, 41.421525], [141.007505, 41.423652], [141.004537, 41.430473], [141.002872, 41.43169], [141.002605, 41.435381], [140.999369, 41.438571], [140.99524, 41.439908], [140.992264, 41.439106], [140.990867, 41.437324], [140.986577, 41.436975], [140.982471, 41.438235], [140.975233, 41.43905], [140.972022, 41.435856], [140.967594, 41.435155], [140.962585, 41.435637], [140.960564, 41.4382], [140.957539, 41.439544], [140.950644, 41.446184], [140.950804, 41.448869], [140.956639, 41.452709], [140.955205, 41.457047], [140.957832, 41.459635], [140.958433, 41.46463], [140.957605, 41.466756], [140.960282, 41.46831], [140.9608, 41.472685], [140.957867, 41.475289], [140.958931, 41.478906], [140.957974, 41.480384], [140.954158, 41.481451], [140.955041, 41.483768], [140.952373, 41.487933], [140.955098, 41.493758], [140.959174, 41.495265], [140.957356, 41.501485], [140.951188, 41.506218], [140.947486, 41.506639], [140.944601, 41.510522], [140.942025, 41.510574], [140.940604, 41.51476], [140.935956, 41.518288], [140.933888, 41.521367], [140.936358, 41.524671], [140.937081, 41.528958], [140.939647, 41.52947], [140.946004, 41.52304], [140.952585, 41.52198], [140.957382, 41.515811], [140.962913, 41.51404], [140.964587, 41.508283], [140.968676, 41.505684], [140.972105, 41.499954], [140.980843, 41.495175], [140.994585, 41.490601], [140.995489, 41.489108], [141.001104, 41.486927], [141.002743, 41.485528], [141.009656, 41.485387], [141.016542, 41.483675], [141.024785, 41.4838], [141.028531, 41.483024], [141.036377, 41.483208], [141.043204, 41.482706], [141.047184, 41.483513], [141.050086, 41.482923], [141.05838, 41.483141], [141.066357, 41.482386], [141.069194, 41.481526], [141.070383, 41.478785], [141.080429, 41.473828], [141.085558, 41.472701], [141.08794, 41.470694], [141.094488, 41.467413], [141.099729, 41.467319], [141.10165, 41.46543], [141.105807, 41.466004], [141.109192, 41.463012], [141.112656, 41.462945], [141.111591, 41.4596], [141.115689, 41.455659]]]]}}, {"type": "Feature", "properties": {"N03_001": "青森県", "N03_002": null, "N03_003": "下北郡", "N03_004": "佐井村", "N03_007": "02426", "id": "gci:02426A1968", "code": "02426", "name": "佐井村"}, "geometry": {"type": "MultiPolygon", "coordinates": [[[[140.940368, 41.421059], [140.939336, 41.415512], [140.937728, 41.414722], [140.939044, 41.412052], [140.937223, 41.407699], [140.934793, 41.40726], [140.931666, 41.401237], [140.928794, 41.400284], [140.927933, 41.397952], [140.930756, 41.397161], [140.933604, 41.39452], [140.933224, 41.393055], [140.929338, 41.389594], [140.92663, 41.383438], [140.924681, 41.381674], [140.920214, 41.381857], [140.91496, 41.380532], [140.911468, 41.373757], [140.914138, 41.372784], [140.918455, 41.369452], [140.914746, 41.3656], [140.909051, 41.366156], [140.902481, 41.364544], [140.903545, 41.361903], [140.899987, 41.361135], [140.894458, 41.357177], [140.890409, 41.353281], [140.887091, 41.352297], [140.884093, 41.350158], [140.884117, 41.347536], [140.880181, 41.344501], [140.880181, 41.342002], [140.874101, 41.33541], [140.875965, 41.333048], [140.873554, 41.330697], [140.872569, 41.327692], [140.870163, 41.325381], [140.868709, 41.321024], [140.864126, 41.322203], [140.861093, 41.321452], [140.859434, 41.315353], [140.853193, 41.313301], [140.850207, 41.314541], [140.845799, 41.306887], [140.840489, 41.306744], [140.839225, 41.308151], [140.837962, 41.3047], [140.834942, 41.302316], [140.834706, 41.298629], [140.84079, 41.295043], [140.846446, 41.294089], [140.846068, 41.291752], [140.849449, 41.290262], [140.851978, 41.287174], [140.850004, 41.28249], [140.853053, 41.278168], [140.852627, 41.275711], [140.854948, 41.275508], [140.855721, 41.273673], [140.853385, 41.270861], [140.859974, 41.267155], [140.868838, 41.259638], [140.86827, 41.258292], [140.863482, 41.260282], [140.860796, 41.259686], [140.856418, 41.261534], [140.852421, 41.26158], [140.847808, 41.264193], [140.84779, 41.265514], [140.842829, 41.268159], [140.841817, 41.269756], [140.834645, 41.269017], [140.83169, 41.271185], [140.825765, 41.268874], [140.821989, 41.262643], [140.818783, 41.260214], [140.815922, 41.256186], [140.820468, 41.249869], [140.823604, 41.247572], [140.822819, 41.239446], [140.820383, 41.237638], [140.817998, 41.232751], [140.810404, 41.230839], [140.805194, 41.227816], [140.804114, 41.226221], [140.800477, 41.225097], [140.798279, 41.222841], [140.792715, 41.222841], [140.792575, 41.216977], [140.788538, 41.213582], [140.785811, 41.213412], [140.780931, 41.210505], [140.778284, 41.210135], [140.779652, 41.217261], [140.782625, 41.221953], [140.783212, 41.22767], [140.784849, 41.229934], [140.785444, 41.235519], [140.784032, 41.237874], [140.784161, 41.24084], [140.781829, 41.24238], [140.78151, 41.246674], [140.780245, 41.247825], [140.779685, 41.252918], [140.78269, 41.253657], [140.785164, 41.255746], [140.785638, 41.26138], [140.787588, 41.262682], [140.791585, 41.271195], [140.789432, 41.274111], [140.795742, 41.278869], [140.794856, 41.282043], [140.797966, 41.286501], [140.798567, 41.293728], [140.799173, 41.292147], [140.802077, 41.292618], [140.798399, 41.2972], [140.798865, 41.301351], [140.802213, 41.302931], [140.799925, 41.303674], [140.806254, 41.314155], [140.805128, 41.316445], [140.798849, 41.320802], [140.80162, 41.32279], [140.806828, 41.328284], [140.801008, 41.328047], [140.805143, 41.331051], [140.807296, 41.333587], [140.811514, 41.334295], [140.81646, 41.338341], [140.81675, 41.34141], [140.820352, 41.346139], [140.82097, 41.35102], [140.823294, 41.356778], [140.824721, 41.364053], [140.824869, 41.368443], [140.82754, 41.370802], [140.826945, 41.373865], [140.827999, 41.378065], [140.827131, 41.386492], [140.829262, 41.393899], [140.830997, 41.395779], [140.830669, 41.398787], [140.833447, 41.400572], [140.83273, 41.405209], [140.835821, 41.406204], [140.835838, 41.409636], [140.838747, 41.412857], [140.835654, 41.416679], [140.838259, 41.417422], [140.837825, 41.420381], [140.842569, 41.419289], [140.847493, 41.420744], [140.849744, 41.423408], [140.852985, 41.430403], [140.854771, 41.431774], [140.862981, 41.434415], [140.866653, 41.436508], [140.865873, 41.439234], [140.867236, 41.44253], [140.866091, 41.446004], [140.870899, 41.450891], [140.872879, 41.450183], [140.878885, 41.453295], [140.87935, 41.45602], [140.87751, 41.456542], [140.878904, 41.459662], [140.884952, 41.46712], [140.882165, 41.468195], [140.888072, 41.468667], [140.892067, 41.464867], [140.894181, 41.461603], [140.897465, 41.461407], [140.898093, 41.457313], [140.897015, 41.45593], [140.896781, 41.450855], [140.899, 41.449167], [140.898574, 41.446945], [140.901972, 41.443928], [140.901065, 41.441645], [140.908104, 41.433408], [140.912556, 41.434677], [140.916431, 41.432274], [140.916754, 41.428028], [140.918522, 41.425535], [140.923232, 41.422999], [140.928392, 41.427356], [140.934985, 41.42442], [140.936519, 41.422213], [140.940368, 41.421059]]]]}}, {"type": "Feature", "properties": {"OBJECTID": 2243, "N03_001": "青森県", "N03_002": null, "N03_003": "三戸郡", "N03_004": "三戸町", "N03_007": "02441", "Shape_Leng": 0.980023421486948, "Shape_Area": 0.016097084094642, "id": "gci:02441A1968", "code": "02441", "name": "三戸町"}, "geometry": {"type": "MultiPolygon", "coordinates": [[[[141.211016, 40.414058], [141.215538, 40.411049], [141.218257, 40.405756], [141.220258, 40.404951], [141.224634, 40.399858], [141.228609, 40.400877], [141.236223, 40.401056], [141.238376, 40.402333], [141.241326, 40.401949], [141.248036, 40.403784], [141.252693, 40.403415], [141.252721, 40.405698], [141.254483, 40.406022], [141.253442, 40.403239], [141.258934, 40.401078], [141.263784, 40.403259], [141.264169, 40.401874], [141.269894, 40.393186], [141.272364, 40.392295], [141.278612, 40.393626], [141.283084, 40.396151], [141.286755, 40.396756], [141.290057, 40.393435], [141.295246, 40.389952], [141.298082, 40.387222], [141.302296, 40.385584], [141.30845, 40.388148], [141.310745, 40.387387], [141.314624, 40.382509], [141.313389, 40.377366], [141.317098, 40.372657], [141.310373, 40.366833], [141.305873, 40.365606], [141.30343, 40.36612], [141.297341, 40.365396], [141.293491, 40.363231], [141.295829, 40.361347], [141.295145, 40.359477], [141.29195, 40.357882], [141.292888, 40.353805], [141.292319, 40.351668], [141.288834, 40.3492], [141.281125, 40.346347], [141.279532, 40.344751], [141.275089, 40.344671], [141.267449, 40.349093], [141.262429, 40.349476], [141.259809, 40.345617], [141.26013, 40.341872], [141.254166, 40.34205], [141.24717, 40.340312], [141.245177, 40.33749], [141.237805, 40.333872], [141.235642, 40.331065], [141.232989, 40.330119], [141.2318, 40.328117], [141.226317, 40.327955], [141.223382, 40.322661], [141.218604, 40.318049], [141.218657, 40.315324], [141.209244, 40.31402], [141.204145, 40.312146], [141.197672, 40.307699], [141.188899, 40.307178], [141.178958, 40.309614], [141.171951, 40.309764], [141.168509, 40.306647], [141.1618, 40.306062], [141.159193, 40.304787], [141.158845, 40.309936], [141.162305, 40.312771], [141.163118, 40.315075], [141.167513, 40.315903], [141.172491, 40.319366], [141.169853, 40.324128], [141.172609, 40.328458], [141.182533, 40.333025], [141.179856, 40.337641], [141.178892, 40.344078], [141.177002, 40.345862], [141.180896, 40.348697], [141.183466, 40.352259], [141.181353, 40.352035], [141.177968, 40.355261], [141.181707, 40.357021], [141.180068, 40.357815], [141.175046, 40.357413], [141.170701, 40.358084], [141.164637, 40.360556], [141.166149, 40.364733], [141.165657, 40.366567], [141.158465, 40.366508], [141.1561, 40.365651], [141.154201, 40.367188], [141.150849, 40.365746], [141.146637, 40.365737], [141.14295, 40.364775], [141.13908, 40.368996], [141.135, 40.370128], [141.130343, 40.369894], [141.122639, 40.37091], [141.120493, 40.372376], [141.118578, 40.371768], [141.114262, 40.374683], [141.112055, 40.374314], [141.110219, 40.376434], [141.107081, 40.375041], [141.101254, 40.37698], [141.09849, 40.375232], [141.091866, 40.373641], [141.09022, 40.372081], [141.08449, 40.373194], [141.080433, 40.375596], [141.078121, 40.375054], [141.070072, 40.375699], [141.068276, 40.3752], [141.06038, 40.376774], [141.057095, 40.375858], [141.052584, 40.37592], [141.046026, 40.378633], [141.042732, 40.38104], [141.040435, 40.385648], [141.033859, 40.387051], [141.029661, 40.385142], [141.021549, 40.385202], [141.013935, 40.383165], [141.011924, 40.383356], [141.009273, 40.387056], [141.00271, 40.387124], [140.99948, 40.389568], [141.00059, 40.392182], [140.999425, 40.395366], [140.997343, 40.39637], [140.990749, 40.394739], [140.987283, 40.395035], [140.987292, 40.398373], [140.985356, 40.400961], [140.985758, 40.403192], [140.981404, 40.405646], [140.982543, 40.412036], [140.983732, 40.408404], [140.986968, 40.406354], [140.990802, 40.402514], [140.996034, 40.406804], [141.006366, 40.40998], [141.015287, 40.406466], [141.023535, 40.40828], [141.033505, 40.406138], [141.033883, 40.404433], [141.038348, 40.401643], [141.041854, 40.400932], [141.046026, 40.402923], [141.05008, 40.407482], [141.053246, 40.408621], [141.061206, 40.408813], [141.073713, 40.411969], [141.081764, 40.411623], [141.084584, 40.41241], [141.093481, 40.405836], [141.096562, 40.405816], [141.102585, 40.40719], [141.107483, 40.411753], [141.112295, 40.413147], [141.112505, 40.414394], [141.119916, 40.416669], [141.131595, 40.414856], [141.143497, 40.420303], [141.154195, 40.421829], [141.158288, 40.419937], [141.162499, 40.420922], [141.166129, 40.419449], [141.168693, 40.420888], [141.171252, 40.420045], [141.172714, 40.421279], [141.17597, 40.416036], [141.183294, 40.416212], [141.189527, 40.417361], [141.198223, 40.416004], [141.204322, 40.418744], [141.206634, 40.414956], [141.211016, 40.414058]]]]}}, {"type": "Feature", "properties": {"OBJECTID": 2244, "N03_001": "青森県", "N03_002": null, "N03_003": "三戸郡", "N03_004": "五戸町", "N03_007": "02442", "Shape_Leng": 1.039777972802306, "Shape_Area": 0.018876807370442, "id": "gci:02442A1968", "code": "02442", "name": "五戸町"}, "geometry": {"type": "MultiPolygon", "coordinates": [[[[141.411295, 40.581047], [141.40666, 40.57814], [141.408517, 40.572058], [141.409601, 40.57443], [141.41196, 40.572758], [141.414825, 40.574439], [141.420295, 40.57299], [141.42351, 40.56231], [141.421466, 40.558004], [141.423317, 40.554536], [141.419696, 40.557239], [141.419847, 40.554092], [141.424412, 40.55137], [141.421383, 40.54913], [141.41849, 40.553284], [141.415478, 40.550297], [141.415793, 40.547618], [141.413131, 40.549323], [141.410441, 40.546692], [141.414366, 40.543143], [141.413911, 40.542397], [141.418518, 40.539448], [141.411636, 40.5375], [141.406942, 40.537846], [141.40266, 40.537189], [141.392765, 40.532515], [141.38559, 40.526565], [141.384635, 40.523882], [141.37704, 40.524193], [141.368876, 40.52043], [141.362999, 40.519615], [141.360588, 40.518235], [141.354762, 40.517066], [141.356611, 40.512679], [141.358368, 40.510864], [141.354725, 40.506201], [141.356744, 40.505893], [141.360953, 40.502718], [141.363259, 40.499915], [141.366537, 40.499405], [141.366413, 40.4967], [141.363622, 40.494763], [141.354991, 40.491093], [141.337217, 40.481128], [141.330479, 40.480142], [141.32594, 40.476971], [141.319882, 40.47605], [141.324677, 40.467036], [141.323858, 40.46509], [141.319054, 40.468121], [141.316626, 40.464398], [141.312769, 40.462543], [141.311199, 40.460591], [141.306149, 40.458561], [141.302781, 40.458464], [141.299953, 40.456008], [141.294918, 40.447611], [141.29134, 40.447094], [141.289596, 40.44509], [141.285702, 40.443139], [141.291884, 40.435918], [141.296006, 40.429544], [141.293423, 40.425887], [141.285739, 40.426332], [141.281853, 40.428784], [141.282091, 40.429733], [141.277406, 40.43256], [141.277089, 40.433928], [141.271453, 40.435939], [141.269084, 40.434376], [141.264149, 40.428116], [141.259767, 40.429114], [141.255945, 40.427692], [141.251786, 40.4272], [141.250431, 40.424751], [141.246997, 40.424734], [141.243756, 40.422809], [141.242419, 40.42037], [141.236413, 40.421307], [141.234071, 40.419126], [141.231848, 40.418424], [141.229995, 40.419875], [141.230239, 40.423446], [141.22669, 40.423441], [141.224527, 40.42823], [141.222269, 40.430437], [141.229658, 40.434135], [141.233633, 40.43812], [141.23783, 40.444678], [141.233325, 40.44439], [141.233417, 40.448809], [141.231063, 40.453966], [141.226494, 40.455694], [141.221841, 40.459487], [141.216296, 40.460293], [141.206772, 40.457319], [141.196369, 40.455449], [141.193244, 40.456171], [141.192392, 40.458286], [141.19534, 40.46126], [141.195729, 40.464784], [141.194453, 40.470311], [141.192049, 40.471988], [141.189894, 40.476612], [141.186058, 40.4768], [141.184131, 40.478144], [141.183884, 40.482839], [141.180291, 40.486892], [141.175446, 40.488821], [141.178556, 40.491152], [141.183493, 40.49314], [141.184966, 40.495846], [141.18596, 40.496885], [141.190117, 40.497063], [141.191974, 40.499034], [141.195655, 40.50062], [141.198129, 40.50526], [141.201702, 40.508737], [141.203334, 40.508562], [141.207961, 40.510896], [141.212843, 40.515654], [141.219148, 40.518767], [141.219876, 40.521887], [141.218182, 40.522935], [141.219644, 40.527612], [141.223683, 40.528886], [141.226343, 40.531542], [141.230104, 40.531243], [141.235976, 40.533268], [141.240931, 40.534228], [141.244545, 40.536471], [141.249843, 40.537223], [141.263238, 40.540061], [141.268428, 40.539949], [141.270738, 40.541077], [141.27383, 40.537786], [141.27437, 40.535912], [141.277585, 40.541876], [141.281239, 40.543862], [141.281101, 40.545684], [141.284087, 40.548943], [141.284541, 40.552645], [141.287806, 40.553353], [141.288418, 40.556116], [141.291146, 40.558042], [141.298679, 40.558366], [141.298808, 40.562332], [141.301378, 40.563077], [141.303671, 40.568063], [141.316458, 40.565149], [141.318768, 40.563362], [141.322583, 40.562722], [141.336942, 40.567997], [141.334979, 40.572701], [141.333773, 40.578903], [141.340515, 40.582015], [141.345998, 40.581243], [141.352472, 40.585815], [141.354261, 40.585925], [141.35559, 40.581896], [141.358731, 40.578172], [141.365267, 40.56621], [141.369702, 40.567197], [141.376444, 40.572172], [141.37762, 40.575724], [141.380526, 40.579728], [141.380373, 40.585547], [141.383064, 40.580895], [141.382198, 40.587254], [141.390874, 40.587006], [141.398314, 40.583993], [141.402405, 40.583875], [141.406391, 40.584782], [141.410699, 40.583348], [141.411295, 40.581047]]]]}}, {"type": "Feature", "properties": {"OBJECTID": 2245, "N03_001": "青森県", "N03_002": null, "N03_003": "三戸郡", "N03_004": "田子町", "N03_007": "02443", "Shape_Leng": 0.879334319479093, "Shape_Area": 0.025635238610931, "id": "gci:02443A1968", "code": "02443", "name": "田子町"}, "geometry": {"type": "MultiPolygon", "coordinates": [[[[141.159193, 40.304787], [141.154186, 40.301425], [141.14613, 40.300388], [141.14521, 40.299677], [141.138374, 40.300496], [141.136628, 40.299237], [141.134392, 40.294745], [141.127408, 40.293057], [141.119708, 40.289888], [141.115589, 40.286357], [141.111115, 40.283782], [141.103566, 40.28053], [141.099805, 40.280178], [141.110055, 40.261052], [141.108049, 40.260437], [141.10406, 40.255734], [141.094508, 40.254877], [141.090191, 40.252166], [141.08527, 40.252065], [141.083146, 40.25332], [141.078998, 40.252251], [141.076406, 40.252638], [141.072044, 40.249565], [141.069178, 40.248801], [141.06536, 40.245059], [141.06375, 40.241834], [141.059949, 40.238309], [141.055642, 40.236946], [141.04963, 40.236488], [141.041882, 40.23686], [141.041646, 40.234315], [141.037041, 40.232525], [141.033254, 40.229507], [141.02684, 40.226569], [141.025979, 40.221681], [141.02237, 40.220268], [141.016179, 40.219673], [141.015843, 40.218044], [141.012931, 40.217753], [141.010458, 40.218914], [141.006032, 40.217919], [141.001768, 40.220598], [140.996488, 40.219153], [140.991405, 40.222748], [140.980058, 40.219633], [140.975919, 40.223566], [140.97596, 40.225763], [140.972129, 40.226811], [140.968528, 40.226537], [140.969426, 40.228247], [140.968646, 40.23292], [140.966281, 40.234821], [140.967205, 40.237684], [140.965367, 40.239718], [140.959193, 40.241486], [140.954932, 40.245112], [140.954241, 40.250549], [140.949331, 40.253036], [140.948946, 40.254978], [140.945711, 40.258075], [140.947274, 40.26175], [140.947265, 40.264454], [140.949838, 40.26908], [140.952777, 40.271248], [140.952709, 40.275626], [140.954285, 40.279743], [140.957583, 40.282038], [140.956787, 40.284725], [140.954265, 40.284757], [140.952392, 40.287418], [140.949582, 40.287082], [140.944599, 40.288138], [140.944138, 40.292134], [140.945174, 40.294753], [140.943974, 40.29626], [140.946297, 40.299131], [140.95342, 40.301048], [140.957581, 40.306513], [140.956903, 40.3101], [140.958909, 40.321624], [140.957436, 40.324674], [140.959355, 40.32544], [140.962577, 40.323162], [140.96255, 40.32817], [140.967417, 40.333662], [140.968558, 40.337493], [140.962946, 40.346691], [140.96208, 40.347134], [140.965387, 40.350294], [140.968355, 40.350867], [140.969994, 40.346642], [140.97216, 40.345553], [140.972064, 40.343597], [140.977759, 40.343868], [140.980899, 40.343268], [140.983834, 40.346264], [140.990769, 40.35033], [140.993809, 40.350788], [140.993158, 40.352292], [140.995433, 40.353366], [140.99297, 40.357693], [140.993068, 40.360827], [140.991173, 40.367339], [140.992978, 40.367204], [140.995013, 40.37017], [140.993601, 40.376967], [140.990448, 40.378211], [140.987786, 40.381685], [140.984409, 40.388427], [140.98562, 40.39323], [140.987283, 40.395035], [140.990749, 40.394739], [140.997343, 40.39637], [140.999425, 40.395366], [141.00059, 40.392182], [140.99948, 40.389568], [141.00271, 40.387124], [141.009273, 40.387056], [141.011924, 40.383356], [141.013935, 40.383165], [141.021549, 40.385202], [141.029661, 40.385142], [141.033859, 40.387051], [141.040435, 40.385648], [141.042732, 40.38104], [141.046026, 40.378633], [141.052584, 40.37592], [141.057095, 40.375858], [141.06038, 40.376774], [141.068276, 40.3752], [141.070072, 40.375699], [141.078121, 40.375054], [141.080433, 40.375596], [141.08449, 40.373194], [141.09022, 40.372081], [141.091866, 40.373641], [141.09849, 40.375232], [141.101254, 40.37698], [141.107081, 40.375041], [141.110219, 40.376434], [141.112055, 40.374314], [141.114262, 40.374683], [141.118578, 40.371768], [141.120493, 40.372376], [141.122639, 40.37091], [141.130343, 40.369894], [141.135, 40.370128], [141.13908, 40.368996], [141.14295, 40.364775], [141.146637, 40.365737], [141.150849, 40.365746], [141.154201, 40.367188], [141.1561, 40.365651], [141.158465, 40.366508], [141.165657, 40.366567], [141.166149, 40.364733], [141.164637, 40.360556], [141.170701, 40.358084], [141.175046, 40.357413], [141.180068, 40.357815], [141.181707, 40.357021], [141.177968, 40.355261], [141.181353, 40.352035], [141.183466, 40.352259], [141.180896, 40.348697], [141.177002, 40.345862], [141.178892, 40.344078], [141.179856, 40.337641], [141.182533, 40.333025], [141.172609, 40.328458], [141.169853, 40.324128], [141.172491, 40.319366], [141.167513, 40.315903], [141.163118, 40.315075], [141.162305, 40.312771], [141.158845, 40.309936], [141.159193, 40.304787]]]]}}, {"type": "Feature", "properties": {"OBJECTID": 2246, "N03_001": "青森県", "N03_002": null, "N03_003": "三戸郡", "N03_004": "南部町", "N03_007": "02445", "Shape_Leng": 0.922735388361115, "Shape_Area": 0.016247916651652, "id": "gci:02445A1968", "code": "02445", "name": "南部町"}, "geometry": {"type": "MultiPolygon", "coordinates": [[[[141.393099, 40.360686], [141.389119, 40.359224], [141.389793, 40.35304], [141.382172, 40.345202], [141.381818, 40.342489], [141.376645, 40.338926], [141.376243, 40.341543], [141.373109, 40.343093], [141.369791, 40.338388], [141.35844, 40.334013], [141.353127, 40.331011], [141.350996, 40.331073], [141.350861, 40.334738], [141.346193, 40.33607], [141.348413, 40.338241], [141.346883, 40.340148], [141.343542, 40.341567], [141.338203, 40.342457], [141.336828, 40.344445], [141.334005, 40.345601], [141.334464, 40.348372], [141.3365, 40.350373], [141.33727, 40.354926], [141.336339, 40.360197], [141.333924, 40.3619], [141.330444, 40.361693], [141.328336, 40.364273], [141.324327, 40.366768], [141.324386, 40.369857], [141.321274, 40.370229], [141.317098, 40.372657], [141.313389, 40.377366], [141.314624, 40.382509], [141.310745, 40.387387], [141.30845, 40.388148], [141.302296, 40.385584], [141.298082, 40.387222], [141.295246, 40.389952], [141.290057, 40.393435], [141.286755, 40.396756], [141.283084, 40.396151], [141.278612, 40.393626], [141.272364, 40.392295], [141.269894, 40.393186], [141.264169, 40.401874], [141.263784, 40.403259], [141.258934, 40.401078], [141.253442, 40.403239], [141.254483, 40.406022], [141.252721, 40.405698], [141.252693, 40.403415], [141.248036, 40.403784], [141.241326, 40.401949], [141.238376, 40.402333], [141.236223, 40.401056], [141.228609, 40.400877], [141.224634, 40.399858], [141.220258, 40.404951], [141.218257, 40.405756], [141.215538, 40.411049], [141.211016, 40.414058], [141.220838, 40.416174], [141.222857, 40.418128], [141.230257, 40.417485], [141.234071, 40.419126], [141.236413, 40.421307], [141.242419, 40.42037], [141.243756, 40.422809], [141.246997, 40.424734], [141.250431, 40.424751], [141.251786, 40.4272], [141.255945, 40.427692], [141.259767, 40.429114], [141.264149, 40.428116], [141.269084, 40.434376], [141.271453, 40.435939], [141.277089, 40.433928], [141.277406, 40.43256], [141.282091, 40.429733], [141.281853, 40.428784], [141.285739, 40.426332], [141.293423, 40.425887], [141.296006, 40.429544], [141.291884, 40.435918], [141.285702, 40.443139], [141.289596, 40.44509], [141.29134, 40.447094], [141.294918, 40.447611], [141.299953, 40.456008], [141.302781, 40.458464], [141.306149, 40.458561], [141.311199, 40.460591], [141.312769, 40.462543], [141.316626, 40.464398], [141.319054, 40.468121], [141.323858, 40.46509], [141.324677, 40.467036], [141.319882, 40.47605], [141.32594, 40.476971], [141.330479, 40.480142], [141.337217, 40.481128], [141.354991, 40.491093], [141.363622, 40.494763], [141.368447, 40.495831], [141.369109, 40.497282], [141.381239, 40.504246], [141.382336, 40.497435], [141.381291, 40.493469], [141.384641, 40.490962], [141.385028, 40.489375], [141.391596, 40.487637], [141.393906, 40.483633], [141.393136, 40.480162], [141.398161, 40.477413], [141.401244, 40.473325], [141.408771, 40.475037], [141.408043, 40.472343], [141.41097, 40.470161], [141.414971, 40.47128], [141.418601, 40.476566], [141.422631, 40.472498], [141.422262, 40.470804], [141.425444, 40.467436], [141.425317, 40.464616], [141.423173, 40.463565], [141.425387, 40.462597], [141.427937, 40.459013], [141.435239, 40.457499], [141.437387, 40.45499], [141.441391, 40.452754], [141.453496, 40.448347], [141.452126, 40.445292], [141.446313, 40.441384], [141.443963, 40.438841], [141.44409, 40.434806], [141.440123, 40.429405], [141.434671, 40.429239], [141.432522, 40.428372], [141.424294, 40.427341], [141.419781, 40.4273], [141.416038, 40.425324], [141.408144, 40.425296], [141.40148, 40.422743], [141.395947, 40.423397], [141.401229, 40.414939], [141.393971, 40.408437], [141.389386, 40.407927], [141.387295, 40.405681], [141.390118, 40.40242], [141.388534, 40.400344], [141.382865, 40.39935], [141.384867, 40.398921], [141.383603, 40.396469], [141.389172, 40.393091], [141.384318, 40.39315], [141.383944, 40.390687], [141.386211, 40.389527], [141.38668, 40.384814], [141.385258, 40.383856], [141.384768, 40.377617], [141.380321, 40.378507], [141.376632, 40.380662], [141.368801, 40.381622], [141.363679, 40.380567], [141.364054, 40.379028], [141.368065, 40.378685], [141.370537, 40.380166], [141.374656, 40.377754], [141.383765, 40.375225], [141.383223, 40.369287], [141.378037, 40.365571], [141.372788, 40.365532], [141.373133, 40.363814], [141.376061, 40.363115], [141.380424, 40.36344], [141.384331, 40.365424], [141.386617, 40.365307], [141.393099, 40.360686]]]]}}, {"type": "Feature", "properties": {"N03_001": "青森県", "N03_002": null, "N03_003": "三戸郡", "N03_004": "階上町", "N03_007": "02446", "id": "gci:02446A1980", "code": "02446", "name": "階上町"}, "geometry": {"type": "MultiPolygon", "coordinates": [[[[141.646524, 40.474702], [141.649177, 40.470209], [141.655735, 40.467328], [141.657005, 40.465818], [141.661284, 40.465522], [141.660777, 40.463275], [141.664705, 40.46125], [141.665786, 40.459151], [141.671038, 40.45653], [141.673003, 40.453832], [141.675592, 40.453814], [141.682525, 40.451884], [141.68259, 40.450255], [141.677811, 40.449418], [141.674209, 40.446415], [141.674808, 40.443503], [141.672598, 40.442199], [141.669947, 40.437244], [141.66757, 40.435813], [141.66107, 40.433858], [141.659971, 40.431176], [141.652357, 40.427654], [141.646895, 40.42824], [141.639351, 40.422873], [141.631335, 40.420254], [141.619352, 40.420795], [141.615991, 40.420144], [141.612551, 40.415441], [141.605785, 40.41386], [141.601361, 40.414067], [141.595124, 40.412133], [141.593468, 40.409171], [141.589704, 40.406915], [141.586922, 40.40696], [141.585058, 40.401135], [141.58124, 40.398426], [141.581223, 40.391761], [141.584568, 40.389547], [141.582735, 40.385141], [141.583806, 40.382666], [141.58676, 40.380708], [141.585609, 40.37834], [141.580921, 40.37609], [141.581389, 40.373872], [141.576773, 40.370701], [141.57271, 40.369605], [141.571884, 40.365855], [141.569659, 40.365421], [141.563947, 40.361569], [141.56064, 40.360657], [141.55602, 40.36123], [141.553699, 40.358658], [141.549903, 40.364372], [141.549925, 40.365824], [141.545165, 40.370913], [141.545709, 40.373686], [141.542101, 40.378598], [141.538486, 40.380583], [141.537675, 40.384289], [141.5345, 40.386816], [141.533755, 40.389036], [141.5292, 40.393396], [141.523634, 40.397108], [141.520045, 40.404436], [141.520004, 40.411661], [141.519221, 40.416469], [141.520878, 40.418577], [141.522146, 40.425606], [141.521134, 40.429349], [141.521494, 40.435917], [141.520432, 40.445132], [141.519774, 40.447061], [141.519798, 40.453161], [141.518771, 40.456841], [141.525979, 40.459747], [141.533471, 40.459917], [141.536795, 40.456668], [141.536305, 40.454986], [141.538241, 40.452572], [141.545313, 40.454427], [141.547739, 40.451317], [141.549606, 40.455866], [141.551795, 40.45639], [141.552908, 40.464485], [141.556857, 40.463955], [141.558514, 40.465869], [141.556879, 40.474245], [141.565312, 40.476962], [141.570387, 40.479574], [141.574716, 40.479217], [141.584855, 40.476026], [141.594724, 40.477322], [141.595262, 40.471813], [141.593328, 40.467868], [141.598435, 40.465688], [141.600682, 40.463862], [141.605638, 40.463107], [141.62341, 40.467417], [141.630675, 40.474168], [141.637961, 40.474213], [141.643541, 40.473491], [141.646524, 40.474702]]]]}}, {"type": "Feature", "properties": {"OBJECTID": 2307, "N03_001": "青森県", "N03_002": null, "N03_003": "三戸郡", "N03_004": "新郷村", "N03_007": "02450", "Shape_Leng": 0.741816335910362, "Shape_Area": 0.016004823253836, "id": "gci:02450A1968", "code": "02450", "name": "新郷村"}, "geometry": {"type": "MultiPolygon", "coordinates": [[[[141.184966, 40.495846], [141.183493, 40.49314], [141.178556, 40.491152], [141.175446, 40.488821], [141.180291, 40.486892], [141.183884, 40.482839], [141.184131, 40.478144], [141.186058, 40.4768], [141.189894, 40.476612], [141.192049, 40.471988], [141.194453, 40.470311], [141.195729, 40.464784], [141.19534, 40.46126], [141.192392, 40.458286], [141.193244, 40.456171], [141.196369, 40.455449], [141.206772, 40.457319], [141.216296, 40.460293], [141.221841, 40.459487], [141.226494, 40.455694], [141.231063, 40.453966], [141.233417, 40.448809], [141.233325, 40.44439], [141.23783, 40.444678], [141.233633, 40.43812], [141.229658, 40.434135], [141.222269, 40.430437], [141.224527, 40.42823], [141.22669, 40.423441], [141.230239, 40.423446], [141.229995, 40.419875], [141.231848, 40.418424], [141.234071, 40.419126], [141.230257, 40.417485], [141.222857, 40.418128], [141.220838, 40.416174], [141.211016, 40.414058], [141.206634, 40.414956], [141.204322, 40.418744], [141.198223, 40.416004], [141.189527, 40.417361], [141.183294, 40.416212], [141.17597, 40.416036], [141.172714, 40.421279], [141.171252, 40.420045], [141.168693, 40.420888], [141.166129, 40.419449], [141.162499, 40.420922], [141.158288, 40.419937], [141.154195, 40.421829], [141.143497, 40.420303], [141.131595, 40.414856], [141.119916, 40.416669], [141.112505, 40.414394], [141.112295, 40.413147], [141.107483, 40.411753], [141.102585, 40.40719], [141.096562, 40.405816], [141.093481, 40.405836], [141.084584, 40.41241], [141.081764, 40.411623], [141.073713, 40.411969], [141.061206, 40.408813], [141.053246, 40.408621], [141.05008, 40.407482], [141.046026, 40.402923], [141.041854, 40.400932], [141.038348, 40.401643], [141.033883, 40.404433], [141.033505, 40.406138], [141.023535, 40.40828], [141.015287, 40.406466], [141.006366, 40.40998], [140.996034, 40.406804], [140.990802, 40.402514], [140.986968, 40.406354], [140.983732, 40.408404], [140.982543, 40.412036], [140.981546, 40.415433], [140.979228, 40.41517], [140.979702, 40.417709], [140.982184, 40.418723], [140.98555, 40.421714], [140.985174, 40.42708], [140.986033, 40.428685], [140.994969, 40.433945], [140.99618, 40.438682], [140.998658, 40.443151], [141.001154, 40.445159], [141.001165, 40.454707], [141.005737, 40.458417], [141.012103, 40.461378], [141.013642, 40.463397], [141.018144, 40.466668], [141.018662, 40.468682], [141.021877, 40.469069], [141.031086, 40.47451], [141.033748, 40.475136], [141.038663, 40.474787], [141.043073, 40.476139], [141.047151, 40.476009], [141.050423, 40.477836], [141.055362, 40.477124], [141.058371, 40.479501], [141.06825, 40.480027], [141.06962, 40.481194], [141.067994, 40.483084], [141.074172, 40.485354], [141.079192, 40.488135], [141.081465, 40.488335], [141.086255, 40.490737], [141.087862, 40.493579], [141.090699, 40.492467], [141.093343, 40.493564], [141.104126, 40.492619], [141.107183, 40.494375], [141.108857, 40.497161], [141.111882, 40.498666], [141.119203, 40.495793], [141.124136, 40.495328], [141.127923, 40.496436], [141.13276, 40.494647], [141.137255, 40.494532], [141.142026, 40.496194], [141.145542, 40.495691], [141.1478, 40.497737], [141.152031, 40.495483], [141.157162, 40.495475], [141.16425, 40.493499], [141.165926, 40.494327], [141.172828, 40.493041], [141.184966, 40.495846]]]]}}]}