{"type": "FeatureCollection", "features": [{"type": "Feature", "properties": {"N03_001": "青森県", "N03_002": null, "N03_003": null, "N03_004": "青森市", "N03_007": "02201", "id": "gci:02201A1968", "code": "02201", "name": "青森市"}, "geometry": {"type": "MultiPolygon", "coordinates": [[[[140.757455, 40.837443], [140.751003, 40.835494], [140.751029, 40.835556], [140.757409, 40.837502], [140.757455, 40.837443]]], [[[140.726594, 40.847839], [140.726399, 40.846368], [140.726592, 40.845696], [140.731315, 40.84165], [140.731352, 40.841537], [140.726448, 40.845718], [140.726308, 40.846347], [140.726782, 40.849785], [140.726594, 40.847839]]], [[[140.724103, 40.857199], [140.719078, 40.855718], [140.719037, 40.855788], [140.72407, 40.85726], [140.724103, 40.857199]]], [[[140.850529, 40.89692], [140.851318, 40.896615], [140.852139, 40.895354], [140.851446, 40.894978], [140.851169, 40.894345], [140.850006, 40.893952], [140.8488, 40.894187], [140.847585, 40.895029], [140.847087, 40.895728], [140.847194, 40.896811], [140.84769, 40.896886], [140.848326, 40.897571], [140.848949, 40.897608], [140.850026, 40.897331], [140.850529, 40.89692]]], [[[140.854242, 40.903304], [140.853501, 40.903289], [140.853551, 40.903736], [140.854242, 40.903304]]], [[[140.660792, 40.948453], [140.660753, 40.948174], [140.661354, 40.946734], [140.661111, 40.945824], [140.661472, 40.944052], [140.662469, 40.94074], [140.662973, 40.939706], [140.663362, 40.938338], [140.663271, 40.938059], [140.663786, 40.937252], [140.664009, 40.936208], [140.664573, 40.935142], [140.666433, 40.93552], [140.666531, 40.93516], [140.664868, 40.934816], [140.665421, 40.933183], [140.666278, 40.933249], [140.666804, 40.931967], [140.665889, 40.931682], [140.667097, 40.929191], [140.668096, 40.927384], [140.669121, 40.924738], [140.668916, 40.924696], [140.669222, 40.92311], [140.670406, 40.919504], [140.670865, 40.917561], [140.670662, 40.917531], [140.671606, 40.91473], [140.672795, 40.91033], [140.67422, 40.90667], [140.674462, 40.905883], [140.674974, 40.902404], [140.67547, 40.900358], [140.675537, 40.898287], [140.675806, 40.895917], [140.676134, 40.894946], [140.67733, 40.892976], [140.676853, 40.89279], [140.677454, 40.891223], [140.679157, 40.89151], [140.678883, 40.891324], [140.67696, 40.891002], [140.67717, 40.889967], [140.67693, 40.889464], [140.67783, 40.887685], [140.677646, 40.887164], [140.678232, 40.886187], [140.679004, 40.884062], [140.679181, 40.883098], [140.679408, 40.883062], [140.681379, 40.87863], [140.681716, 40.877467], [140.68202, 40.877269], [140.682966, 40.875172], [140.683595, 40.874405], [140.684476, 40.874636], [140.685287, 40.873135], [140.684362, 40.872799], [140.684522, 40.871905], [140.685674, 40.87043], [140.685857, 40.869802], [140.68697, 40.867735], [140.690573, 40.862408], [140.691306, 40.861478], [140.691203, 40.861315], [140.691915, 40.860406], [140.693076, 40.859735], [140.693738, 40.859136], [140.695032, 40.858329], [140.695965, 40.858124], [140.695281, 40.857667], [140.697165, 40.856125], [140.697291, 40.855527], [140.698907, 40.85625], [140.69963, 40.855701], [140.698362, 40.854893], [140.70048, 40.852874], [140.70029, 40.85276], [140.702073, 40.851506], [140.702158, 40.851275], [140.703232, 40.851117], [140.703736, 40.851666], [140.702506, 40.853792], [140.702091, 40.854838], [140.703795, 40.851672], [140.703116, 40.850929], [140.70397, 40.850698], [140.703616, 40.850264], [140.706499, 40.848701], [140.708059, 40.850403], [140.707679, 40.850667], [140.714227, 40.847203], [140.713245, 40.846306], [140.714567, 40.845807], [140.717258, 40.847401], [140.717854, 40.846753], [140.716156, 40.845846], [140.716093, 40.845538], [140.718261, 40.843178], [140.718643, 40.842982], [140.720438, 40.843348], [140.726865, 40.837821], [140.725842, 40.837088], [140.726692, 40.836277], [140.727591, 40.836873], [140.729597, 40.835695], [140.734429, 40.83322], [140.733448, 40.832769], [140.73206, 40.83268], [140.732941, 40.830214], [140.733231, 40.830211], [140.733338, 40.831736], [140.734167, 40.83193], [140.733917, 40.832456], [140.736321, 40.833176], [140.738527, 40.834058], [140.739208, 40.833991], [140.74144, 40.835259], [140.738944, 40.83375], [140.737458, 40.83312], [140.738074, 40.833006], [140.735668, 40.831195], [140.736359, 40.830932], [140.734993, 40.829859], [140.735473, 40.830036], [140.736678, 40.829743], [140.738087, 40.829988], [140.740679, 40.830877], [140.740788, 40.830992], [140.743074, 40.830443], [140.7438, 40.830412], [140.743724, 40.829905], [140.745408, 40.829971], [140.745688, 40.831361], [140.745719, 40.834509], [140.745358, 40.834972], [140.743033, 40.836953], [140.743004, 40.837126], [140.745446, 40.835039], [140.746938, 40.83515], [140.747917, 40.834403], [140.748542, 40.832245], [140.74804, 40.831876], [140.747177, 40.831783], [140.746643, 40.830724], [140.746766, 40.830155], [140.749148, 40.830456], [140.749266, 40.82968], [140.751589, 40.829966], [140.751543, 40.830178], [140.752889, 40.830555], [140.753322, 40.831415], [140.753742, 40.831684], [140.75528, 40.831866], [140.755429, 40.831656], [140.755243, 40.830248], [140.756648, 40.83041], [140.760062, 40.835509], [140.759568, 40.834674], [140.760501, 40.834189], [140.761432, 40.835303], [140.762088, 40.834905], [140.763502, 40.834836], [140.764461, 40.834635], [140.764415, 40.833612], [140.770596, 40.833524], [140.771138, 40.833124], [140.775461, 40.83302], [140.775364, 40.831732], [140.776938, 40.831519], [140.780393, 40.831878], [140.781403, 40.832212], [140.781591, 40.831889], [140.782419, 40.832], [140.78234, 40.832324], [140.783372, 40.832515], [140.783055, 40.833472], [140.783597, 40.832635], [140.785378, 40.833127], [140.785037, 40.833934], [140.78575, 40.834168], [140.786244, 40.833016], [140.789072, 40.833811], [140.788833, 40.834834], [140.793143, 40.836354], [140.793554, 40.83569], [140.795014, 40.835929], [140.797997, 40.837236], [140.797896, 40.837348], [140.80173, 40.839346], [140.803555, 40.840481], [140.804459, 40.840805], [140.804982, 40.841469], [140.804123, 40.84245], [140.806769, 40.844797], [140.804866, 40.843033], [140.806151, 40.842208], [140.807805, 40.843466], [140.809724, 40.844703], [140.810541, 40.845759], [140.812613, 40.847812], [140.813378, 40.849018], [140.815535, 40.850366], [140.815127, 40.851283], [140.817303, 40.853212], [140.816991, 40.852592], [140.815714, 40.851612], [140.81665, 40.850968], [140.818234, 40.852137], [140.819231, 40.852739], [140.820461, 40.854078], [140.821899, 40.85636], [140.821211, 40.856833], [140.821495, 40.85733], [140.821595, 40.858374], [140.82188, 40.859023], [140.821762, 40.859498], [140.82233, 40.860886], [140.823547, 40.861796], [140.824056, 40.861754], [140.825536, 40.860854], [140.826674, 40.861111], [140.828014, 40.861863], [140.827664, 40.862518], [140.82898, 40.863839], [140.82933, 40.864413], [140.830278, 40.865323], [140.831332, 40.865687], [140.832547, 40.866509], [140.832455, 40.865968], [140.83289, 40.86556], [140.833587, 40.865537], [140.834511, 40.865975], [140.834885, 40.866535], [140.833882, 40.868909], [140.833976, 40.869996], [140.834374, 40.871562], [140.83489, 40.872119], [140.83728, 40.872649], [140.838504, 40.872414], [140.838839, 40.873022], [140.840974, 40.873441], [140.841872, 40.873934], [140.842018, 40.873785], [140.840836, 40.872958], [140.841811, 40.872107], [140.842971, 40.872321], [140.844245, 40.872896], [140.84458, 40.872758], [140.845353, 40.873096], [140.846525, 40.874428], [140.847242, 40.874901], [140.848754, 40.876558], [140.849663, 40.877936], [140.84974, 40.879176], [140.850085, 40.88169], [140.85033, 40.882763], [140.84996, 40.8833], [140.850299, 40.883854], [140.850629, 40.883631], [140.851728, 40.884573], [140.853239, 40.885248], [140.855273, 40.885531], [140.856383, 40.885841], [140.857629, 40.886448], [140.859008, 40.88742], [140.859937, 40.888388], [140.860398, 40.889085], [140.859327, 40.889806], [140.858914, 40.890353], [140.859139, 40.891933], [140.860228, 40.891865], [140.860545, 40.892561], [140.86042, 40.893525], [140.859146, 40.89362], [140.858634, 40.894163], [140.859373, 40.89433], [140.859533, 40.895138], [140.858648, 40.896165], [140.859766, 40.896639], [140.859113, 40.897366], [140.85917, 40.898168], [140.85889, 40.898998], [140.858215, 40.899227], [140.858525, 40.899471], [140.858057, 40.900728], [140.856805, 40.901277], [140.856379, 40.902173], [140.854913, 40.903314], [140.856171, 40.903728], [140.857612, 40.903522], [140.858704, 40.903647], [140.858916, 40.903953], [140.860357, 40.903073], [140.861338, 40.902705], [140.862315, 40.90264], [140.863595, 40.90285], [140.864819, 40.902318], [140.865814, 40.902357], [140.867673, 40.903028], [140.870954, 40.901379], [140.872473, 40.900841], [140.874455, 40.900894], [140.876144, 40.900748], [140.876653, 40.900949], [140.877825, 40.901965], [140.879608, 40.902017], [140.88043, 40.902278], [140.881431, 40.90234], [140.88173, 40.901226], [140.881387, 40.900075], [140.881527, 40.899684], [140.882434, 40.899133], [140.882327, 40.898509], [140.882642, 40.897393], [140.883002, 40.897066], [140.88515, 40.896064], [140.886123, 40.896054], [140.887648, 40.896467], [140.890002, 40.896104], [140.891198, 40.896013], [140.889847, 40.895756], [140.889154, 40.895119], [140.88826, 40.893526], [140.888444, 40.892126], [140.88795, 40.891261], [140.887939, 40.890118], [140.888282, 40.889429], [140.889371, 40.889338], [140.889897, 40.889105], [140.89085, 40.888287], [140.893016, 40.887483], [140.893816, 40.887084], [140.893735, 40.88681], [140.892583, 40.885486], [140.8921, 40.884687], [140.892192, 40.883691], [140.893573, 40.882983], [140.894552, 40.881477], [140.895877, 40.880582], [140.89651, 40.879399], [140.898904, 40.878642], [140.899776, 40.877596], [140.901235, 40.877284], [140.901793, 40.876827], [140.902752, 40.876438], [140.903124, 40.876026], [140.903672, 40.874038], [140.904033, 40.873646], [140.905423, 40.872863], [140.908471, 40.872119], [140.909086, 40.871668], [140.910263, 40.871468], [140.911026, 40.87082], [140.91152, 40.869775], [140.911396, 40.868584], [140.911647, 40.868125], [140.912672, 40.867415], [140.912943, 40.866757], [140.912849, 40.865448], [140.912989, 40.864808], [140.914232, 40.864125], [140.91647, 40.863425], [140.919073, 40.863199], [140.919807, 40.862115], [140.922703, 40.860756], [140.923612, 40.859739], [140.924045, 40.858501], [140.925138, 40.857849], [140.927135, 40.857044], [140.928099, 40.856907], [140.92915, 40.856377], [140.93129, 40.856198], [140.932162, 40.854699], [140.932271, 40.853735], [140.932594, 40.853138], [140.932527, 40.852316], [140.933414, 40.851386], [140.933329, 40.850701], [140.932218, 40.849821], [140.931805, 40.848421], [140.931045, 40.847265], [140.930606, 40.846183], [140.930051, 40.845477], [140.931148, 40.84433], [140.93228, 40.842805], [140.934021, 40.842602], [140.935274, 40.842235], [140.936305, 40.84224], [140.93719, 40.842508], [140.93829, 40.842509], [140.94039, 40.840958], [140.941015, 40.839727], [140.941961, 40.838743], [140.944103, 40.838654], [140.945947, 40.838364], [140.947766, 40.837222], [140.94904, 40.837212], [140.950113, 40.837004], [140.950957, 40.835801], [140.952799, 40.834116], [140.953658, 40.833529], [140.954191, 40.832242], [140.955282, 40.831334], [140.95614, 40.830408], [140.957515, 40.829976], [140.956449, 40.828969], [140.955896, 40.828106], [140.95588, 40.826841], [140.956335, 40.825942], [140.95628, 40.825468], [140.955393, 40.824016], [140.955338, 40.82283], [140.954573, 40.820948], [140.954785, 40.819601], [140.954866, 40.817952], [140.957707, 40.817706], [140.959489, 40.815645], [140.960229, 40.815198], [140.962279, 40.814877], [140.964795, 40.814693], [140.966342, 40.814219], [140.967048, 40.814157], [140.967734, 40.814523], [140.968267, 40.814505], [140.969144, 40.813902], [140.970765, 40.812453], [140.971443, 40.811572], [140.972304, 40.811142], [140.973156, 40.81016], [140.975344, 40.80909], [140.976778, 40.807973], [140.977313, 40.807253], [140.9794, 40.806355], [140.980609, 40.806185], [140.980971, 40.805023], [140.980482, 40.804375], [140.980528, 40.803489], [140.980943, 40.802437], [140.979748, 40.801936], [140.979186, 40.801464], [140.978216, 40.801044], [140.976751, 40.800785], [140.976697, 40.79999], [140.976955, 40.798916], [140.976393, 40.796817], [140.976723, 40.79567], [140.976675, 40.793998], [140.975624, 40.791666], [140.974756, 40.790772], [140.973434, 40.789704], [140.972385, 40.789489], [140.97197, 40.789135], [140.971353, 40.788038], [140.970228, 40.78665], [140.969583, 40.786327], [140.967815, 40.785979], [140.966829, 40.785078], [140.965717, 40.785033], [140.96512, 40.784696], [140.963287, 40.783211], [140.961482, 40.782108], [140.960614, 40.781228], [140.959932, 40.78081], [140.958112, 40.78003], [140.957887, 40.779767], [140.958947, 40.77931], [140.958529, 40.778691], [140.958774, 40.778062], [140.959958, 40.777222], [140.960356, 40.776602], [140.960262, 40.775178], [140.961045, 40.774407], [140.961361, 40.773643], [140.96111, 40.772737], [140.960277, 40.772474], [140.959159, 40.771608], [140.958728, 40.770521], [140.957325, 40.769772], [140.955631, 40.768242], [140.954962, 40.766651], [140.95342, 40.765573], [140.951706, 40.765241], [140.950493, 40.764723], [140.948913, 40.764406], [140.948258, 40.763606], [140.947086, 40.763343], [140.944925, 40.763379], [140.943707, 40.762714], [140.942191, 40.762176], [140.940226, 40.760801], [140.939544, 40.759498], [140.936342, 40.759755], [140.935628, 40.759638], [140.933543, 40.759819], [140.93202, 40.760273], [140.93012, 40.761174], [140.927341, 40.761254], [140.926884, 40.761617], [140.925951, 40.761677], [140.92352, 40.761385], [140.92196, 40.761772], [140.920258, 40.761697], [140.918068, 40.760846], [140.917478, 40.759221], [140.917504, 40.757791], [140.91642, 40.756749], [140.915651, 40.756572], [140.914613, 40.756809], [140.912766, 40.756783], [140.911435, 40.757242], [140.910528, 40.75706], [140.907451, 40.753261], [140.907263, 40.752678], [140.906137, 40.751697], [140.905709, 40.751047], [140.905602, 40.748754], [140.906258, 40.746616], [140.906061, 40.745903], [140.90563, 40.745506], [140.903998, 40.744769], [140.90289, 40.74455], [140.901915, 40.743471], [140.901795, 40.742826], [140.901928, 40.741376], [140.901233, 40.738358], [140.902249, 40.736716], [140.904245, 40.734557], [140.905812, 40.733478], [140.906607, 40.731861], [140.907398, 40.731093], [140.908646, 40.730175], [140.908985, 40.729552], [140.909844, 40.729171], [140.911457, 40.729198], [140.913647, 40.729708], [140.91496, 40.729832], [140.915637, 40.729686], [140.916918, 40.728597], [140.918262, 40.727748], [140.919947, 40.726293], [140.921322, 40.726792], [140.923343, 40.727195], [140.925017, 40.727227], [140.926316, 40.726664], [140.927662, 40.72523], [140.928223, 40.724339], [140.929174, 40.721611], [140.929535, 40.72144], [140.931163, 40.721488], [140.931738, 40.720704], [140.932916, 40.7205], [140.934876, 40.720752], [140.935702, 40.721021], [140.937289, 40.720855], [140.938565, 40.721429], [140.939177, 40.721531], [140.941371, 40.721354], [140.942562, 40.721096], [140.944332, 40.720329], [140.946166, 40.719732], [140.947958, 40.719432], [140.949905, 40.719373], [140.95317, 40.718696], [140.956322, 40.71636], [140.956964, 40.715711], [140.95953, 40.713435], [140.960166, 40.71329], [140.962775, 40.713344], [140.963025, 40.713166], [140.963405, 40.71045], [140.963623, 40.709655], [140.964725, 40.707877], [140.966434, 40.706761], [140.969153, 40.706218], [140.970018, 40.705831], [140.972267, 40.703555], [140.973001, 40.702664], [140.973156, 40.702153], [140.974301, 40.70087], [140.975324, 40.699329], [140.976124, 40.698476], [140.976854, 40.697986], [140.978967, 40.697617], [140.976928, 40.69642], [140.976019, 40.695701], [140.974214, 40.693577], [140.97353, 40.693103], [140.972586, 40.692929], [140.971047, 40.693324], [140.970234, 40.692359], [140.96983, 40.69142], [140.969907, 40.690604], [140.970261, 40.689528], [140.970103, 40.68815], [140.969091, 40.686167], [140.968486, 40.685287], [140.967833, 40.683473], [140.967568, 40.681997], [140.967959, 40.680727], [140.968814, 40.679755], [140.969024, 40.678874], [140.968652, 40.67732], [140.967321, 40.675785], [140.967216, 40.675436], [140.968246, 40.674165], [140.968045, 40.673401], [140.967006, 40.672223], [140.965966, 40.670435], [140.965464, 40.669885], [140.964978, 40.669787], [140.963468, 40.670059], [140.962528, 40.669356], [140.962153, 40.668559], [140.960487, 40.666111], [140.959744, 40.665251], [140.959349, 40.663604], [140.959305, 40.662649], [140.960538, 40.660642], [140.961093, 40.659402], [140.961114, 40.658856], [140.96076, 40.658214], [140.959963, 40.657688], [140.957012, 40.656669], [140.956215, 40.655982], [140.956103, 40.654768], [140.956407, 40.653518], [140.956519, 40.652279], [140.955981, 40.651219], [140.954809, 40.649494], [140.954628, 40.648657], [140.955046, 40.647489], [140.954995, 40.646991], [140.953013, 40.646362], [140.94906, 40.645696], [140.948343, 40.645431], [140.94697, 40.645489], [140.945694, 40.645368], [140.943769, 40.644389], [140.942396, 40.643986], [140.940215, 40.643673], [140.938943, 40.642903], [140.937258, 40.642954], [140.9362, 40.642756], [140.934072, 40.643112], [140.932885, 40.643543], [140.931089, 40.644822], [140.930509, 40.645051], [140.928405, 40.644947], [140.924744, 40.645055], [140.921009, 40.645427], [140.919726, 40.645747], [140.918177, 40.646564], [140.916442, 40.64796], [140.915152, 40.648865], [140.914335, 40.650157], [140.913072, 40.651558], [140.911424, 40.652753], [140.910589, 40.652972], [140.908489, 40.652925], [140.90704, 40.653182], [140.906452, 40.653755], [140.904833, 40.654245], [140.89947, 40.65417], [140.898613, 40.654344], [140.897688, 40.654237], [140.896775, 40.654366], [140.895018, 40.653919], [140.891141, 40.653794], [140.890516, 40.653872], [140.888649, 40.653111], [140.886927, 40.653172], [140.885828, 40.653589], [140.884259, 40.654657], [140.88012, 40.657067], [140.879121, 40.657457], [140.877598, 40.657396], [140.87704, 40.656313], [140.877318, 40.654884], [140.879309, 40.653441], [140.87914, 40.652699], [140.878072, 40.650551], [140.877254, 40.649206], [140.876286, 40.646537], [140.876317, 40.645719], [140.87697, 40.645007], [140.87838, 40.644524], [140.87977, 40.643808], [140.882403, 40.641451], [140.883793, 40.640666], [140.883876, 40.640012], [140.883662, 40.638047], [140.883776, 40.636268], [140.883693, 40.635559], [140.882657, 40.633182], [140.88196, 40.632293], [140.88034, 40.630823], [140.879499, 40.629913], [140.879182, 40.628587], [140.878806, 40.627899], [140.877866, 40.627085], [140.876898, 40.625984], [140.876616, 40.625317], [140.876905, 40.624779], [140.876225, 40.623817], [140.876151, 40.622512], [140.876269, 40.618879], [140.876686, 40.613885], [140.875174, 40.613905], [140.873751, 40.613528], [140.872693, 40.613438], [140.871365, 40.612952], [140.870042, 40.611529], [140.869098, 40.610749], [140.867647, 40.610282], [140.866797, 40.609851], [140.864802, 40.609827], [140.862916, 40.60964], [140.860326, 40.610148], [140.859006, 40.610214], [140.855678, 40.609763], [140.854294, 40.609696], [140.852801, 40.609411], [140.849751, 40.60843], [140.844267, 40.605921], [140.845043, 40.607606], [140.844621, 40.608873], [140.843572, 40.609531], [140.844311, 40.610512], [140.844191, 40.610994], [140.843435, 40.611124], [140.843249, 40.611429], [140.84385, 40.612129], [140.842058, 40.612477], [140.841136, 40.613134], [140.840314, 40.613224], [140.839392, 40.613719], [140.838161, 40.613694], [140.836905, 40.615004], [140.836074, 40.616455], [140.833871, 40.617623], [140.833368, 40.618187], [140.833012, 40.619022], [140.832123, 40.619346], [140.831288, 40.62011], [140.830602, 40.620093], [140.828748, 40.620457], [140.827815, 40.620441], [140.827966, 40.621671], [140.827999, 40.623299], [140.827855, 40.623776], [140.826058, 40.624277], [140.824786, 40.625445], [140.824043, 40.626706], [140.823108, 40.627333], [140.822546, 40.628622], [140.82066, 40.630997], [140.818665, 40.633226], [140.817312, 40.63441], [140.815245, 40.63662], [140.813168, 40.638595], [140.81158, 40.640998], [140.810819, 40.641296], [140.80838, 40.642874], [140.8072, 40.643891], [140.805873, 40.645245], [140.804739, 40.64587], [140.802289, 40.646648], [140.800338, 40.646766], [140.798491, 40.647569], [140.797566, 40.648095], [140.796624, 40.647973], [140.794915, 40.64746], [140.79348, 40.647506], [140.791213, 40.648471], [140.78903, 40.648735], [140.788079, 40.64865], [140.7862, 40.649263], [140.784342, 40.650515], [140.783805, 40.651058], [140.783339, 40.652161], [140.781541, 40.653587], [140.78083, 40.654679], [140.780201, 40.655165], [140.779532, 40.65526], [140.777637, 40.655157], [140.775651, 40.655774], [140.774733, 40.657486], [140.7739, 40.658354], [140.772897, 40.659104], [140.77246, 40.660421], [140.771291, 40.661099], [140.770777, 40.662095], [140.769232, 40.663903], [140.768581, 40.664035], [140.767919, 40.665002], [140.766756, 40.66555], [140.766402, 40.665939], [140.764074, 40.666046], [140.762953, 40.665199], [140.762149, 40.664159], [140.761972, 40.662172], [140.760945, 40.660925], [140.760191, 40.661276], [140.758119, 40.661569], [140.754155, 40.662518], [140.752922, 40.662633], [140.751733, 40.663025], [140.750039, 40.663138], [140.748354, 40.663003], [140.746488, 40.662051], [140.745225, 40.662107], [140.743673, 40.661522], [140.741503, 40.661352], [140.740513, 40.661049], [140.738505, 40.661296], [140.736783, 40.661763], [140.73569, 40.662292], [140.733399, 40.662337], [140.731863, 40.662799], [140.732027, 40.663621], [140.731177, 40.664527], [140.729981, 40.665123], [140.729684, 40.666282], [140.728489, 40.666384], [140.726745, 40.665776], [140.724929, 40.665697], [140.723821, 40.665978], [140.723246, 40.665843], [140.721716, 40.664206], [140.720077, 40.664442], [140.718882, 40.66344], [140.716917, 40.663655], [140.716244, 40.662185], [140.715669, 40.661904], [140.714943, 40.662129], [140.713468, 40.661983], [140.711488, 40.66196], [140.710247, 40.661229], [140.709331, 40.661319], [140.708385, 40.662006], [140.707168, 40.661718], [140.705542, 40.661763], [140.705041, 40.661425], [140.7042, 40.660132], [140.703822, 40.658651], [140.702906, 40.657435], [140.701807, 40.656844], [140.701394, 40.656878], [140.700537, 40.657768], [140.69812, 40.659438], [140.696896, 40.659574], [140.695462, 40.660519], [140.693882, 40.659946], [140.69338, 40.659596], [140.692514, 40.659614], [140.691231, 40.658318], [140.690565, 40.658239], [140.688853, 40.658803], [140.688469, 40.659096], [140.68431, 40.659258], [140.682833, 40.659089], [140.681843, 40.658831], [140.681327, 40.65891], [140.679812, 40.658239], [140.676991, 40.658374], [140.673217, 40.657603], [140.670839, 40.656646], [140.669259, 40.656513], [140.668203, 40.656674], [140.66527, 40.657795], [140.662803, 40.659133], [140.661511, 40.660085], [140.661024, 40.660929], [140.659754, 40.661379], [140.659457, 40.661807], [140.6586, 40.662168], [140.658283, 40.663265], [140.657737, 40.664391], [140.65685, 40.665494], [140.656896, 40.665864], [140.655086, 40.667378], [140.653504, 40.668504], [140.653283, 40.669348], [140.652217, 40.670142], [140.648587, 40.671887], [140.647201, 40.67302], [140.646438, 40.673424], [140.645018, 40.674931], [140.64332, 40.675928], [140.641792, 40.676375], [140.640837, 40.677071], [140.640011, 40.678422], [140.638686, 40.679325], [140.638564, 40.679907], [140.637425, 40.681269], [140.637008, 40.682546], [140.636053, 40.683669], [140.636129, 40.685674], [140.636532, 40.686671], [140.636272, 40.68799], [140.635577, 40.688562], [140.634403, 40.68985], [140.633747, 40.690016], [140.632261, 40.688977], [140.631715, 40.688914], [140.630316, 40.689237], [140.628393, 40.688551], [140.626262, 40.688395], [140.625349, 40.688207], [140.624053, 40.687688], [140.622879, 40.687522], [140.620416, 40.687632], [140.61921, 40.688118], [140.61877, 40.688], [140.618178, 40.687248], [140.615383, 40.687432], [140.615438, 40.688285], [140.612957, 40.688384], [140.613034, 40.689437], [140.606683, 40.689713], [140.606744, 40.69055], [140.602825, 40.690741], [140.602902, 40.691887], [140.598516, 40.692104], [140.598155, 40.691703], [140.596601, 40.691401], [140.596413, 40.691753], [140.594637, 40.691418], [140.59256, 40.691493], [140.592429, 40.6908], [140.587748, 40.69029], [140.58582, 40.689579], [140.583537, 40.689453], [140.58233, 40.689479], [140.58176, 40.689278], [140.581655, 40.688802], [140.580921, 40.688065], [140.579987, 40.687547], [140.578246, 40.687317], [140.576777, 40.68766], [140.571899, 40.689427], [140.570907, 40.689198], [140.569587, 40.688257], [140.568697, 40.687897], [140.567832, 40.687862], [140.566366, 40.688407], [140.564466, 40.688653], [140.562897, 40.688555], [140.561005, 40.688055], [140.559827, 40.688178], [140.559182, 40.688064], [140.55756, 40.686894], [140.556752, 40.68613], [140.555764, 40.684856], [140.555003, 40.684759], [140.55461, 40.684213], [140.555524, 40.684065], [140.555569, 40.68142], [140.555373, 40.680654], [140.555862, 40.67917], [140.556221, 40.678606], [140.555268, 40.676779], [140.554241, 40.676999], [140.553642, 40.676112], [140.553347, 40.674451], [140.551564, 40.670723], [140.551172, 40.670188], [140.550329, 40.669712], [140.549682, 40.670802], [140.549048, 40.671435], [140.549343, 40.671988], [140.548897, 40.674074], [140.549459, 40.67416], [140.549164, 40.674797], [140.547988, 40.674773], [140.54733, 40.675592], [140.546992, 40.675317], [140.545986, 40.675979], [140.547276, 40.676822], [140.546734, 40.676982], [140.546067, 40.67644], [140.545503, 40.67634], [140.544271, 40.677119], [140.544633, 40.677402], [140.544006, 40.678241], [140.544651, 40.679483], [140.543311, 40.679978], [140.543882, 40.680304], [140.543805, 40.680632], [140.541449, 40.683149], [140.542111, 40.683545], [140.541871, 40.684221], [140.542509, 40.684181], [140.543261, 40.684596], [140.542166, 40.685742], [140.541637, 40.685418], [140.540514, 40.686615], [140.541003, 40.686817], [140.540164, 40.687118], [140.540732, 40.687659], [140.542358, 40.687439], [140.543825, 40.686929], [140.545348, 40.686727], [140.545809, 40.687966], [140.544968, 40.687957], [140.545521, 40.689075], [140.545307, 40.689654], [140.545798, 40.690999], [140.545049, 40.691183], [140.546329, 40.69476], [140.547586, 40.695261], [140.548753, 40.69548], [140.548384, 40.69621], [140.547927, 40.698082], [140.54754, 40.698829], [140.547064, 40.700284], [140.544441, 40.700983], [140.543453, 40.701587], [140.543344, 40.70224], [140.542116, 40.702854], [140.541823, 40.703402], [140.540997, 40.703426], [140.536917, 40.705991], [140.536182, 40.706932], [140.536598, 40.707504], [140.535964, 40.707697], [140.535306, 40.708418], [140.534578, 40.708751], [140.534272, 40.70985], [140.53366, 40.710254], [140.533787, 40.710501], [140.532928, 40.711476], [140.5322, 40.712029], [140.531197, 40.712214], [140.529158, 40.714244], [140.527775, 40.715821], [140.528533, 40.7163], [140.527875, 40.716889], [140.527587, 40.716801], [140.526702, 40.718003], [140.526236, 40.717941], [140.525137, 40.719897], [140.524318, 40.720405], [140.522401, 40.720898], [140.521127, 40.721957], [140.521476, 40.72358], [140.522185, 40.724931], [140.522381, 40.726462], [140.521632, 40.726897], [140.521542, 40.728166], [140.52128, 40.728674], [140.520364, 40.729091], [140.520239, 40.729689], [140.520738, 40.729797], [140.520998, 40.730412], [140.52147, 40.730477], [140.522029, 40.730062], [140.523507, 40.729325], [140.526276, 40.7306], [140.527047, 40.730782], [140.527567, 40.730607], [140.525773, 40.73358], [140.523935, 40.736927], [140.527685, 40.738165], [140.527945, 40.737627], [140.528964, 40.737325], [140.529908, 40.736662], [140.531007, 40.736625], [140.533392, 40.737362], [140.535391, 40.73758], [140.536576, 40.738006], [140.538676, 40.739235], [140.539104, 40.74001], [140.539688, 40.74036], [140.540966, 40.741968], [140.541917, 40.744001], [140.542966, 40.745382], [140.543611, 40.746006], [140.544605, 40.746441], [140.544308, 40.743415], [140.545921, 40.742952], [140.547239, 40.743755], [140.547313, 40.744767], [140.547859, 40.745259], [140.549009, 40.745732], [140.549367, 40.746365], [140.548808, 40.746809], [140.550005, 40.746895], [140.551876, 40.747235], [140.553701, 40.747415], [140.555683, 40.748398], [140.555956, 40.749221], [140.556372, 40.7496], [140.556472, 40.750705], [140.556365, 40.751708], [140.557012, 40.751954], [140.557272, 40.752399], [140.55753, 40.753967], [140.556487, 40.755315], [140.556857, 40.756347], [140.557543, 40.756771], [140.558223, 40.757497], [140.559403, 40.757914], [140.562312, 40.759189], [140.563594, 40.760623], [140.564189, 40.760743], [140.566226, 40.760554], [140.569054, 40.759474], [140.570334, 40.759426], [140.571823, 40.75987], [140.573444, 40.760562], [140.577577, 40.765074], [140.578012, 40.767086], [140.577837, 40.767954], [140.577267, 40.769313], [140.576362, 40.77014], [140.576362, 40.77146], [140.576517, 40.772272], [140.575837, 40.773082], [140.57511, 40.774746], [140.574205, 40.775107], [140.573722, 40.775565], [140.57278, 40.775899], [140.572588, 40.776294], [140.573036, 40.777753], [140.572922, 40.778501], [140.572122, 40.779464], [140.572096, 40.780039], [140.573031, 40.78155], [140.573932, 40.782569], [140.574259, 40.783333], [140.575059, 40.784073], [140.575689, 40.785323], [140.57611, 40.785713], [140.576191, 40.786477], [140.576609, 40.787217], [140.576379, 40.788162], [140.575131, 40.788894], [140.575232, 40.789554], [140.574631, 40.79027], [140.573287, 40.791063], [140.573036, 40.791462], [140.572867, 40.793619], [140.573735, 40.794967], [140.573853, 40.795808], [140.57493, 40.796801], [140.57742, 40.797423], [140.577557, 40.797632], [140.57707, 40.799136], [140.575387, 40.79981], [140.574917, 40.801077], [140.574482, 40.801386], [140.574447, 40.802679], [140.575013, 40.803929], [140.575, 40.80447], [140.57436, 40.805517], [140.574406, 40.805989], [140.575516, 40.807091], [140.575634, 40.807452], [140.57509, 40.808129], [140.573689, 40.809157], [140.57356, 40.809859], [140.574526, 40.811066], [140.574891, 40.812046], [140.576143, 40.812692], [140.576722, 40.813938], [140.577509, 40.814981], [140.577221, 40.816144], [140.57782, 40.817065], [140.577828, 40.817677], [140.577074, 40.819438], [140.577199, 40.820505], [140.577719, 40.820845], [140.577701, 40.821505], [140.577203, 40.822968], [140.577385, 40.824427], [140.577682, 40.825361], [140.577719, 40.826271], [140.577188, 40.827904], [140.577199, 40.828973], [140.57797, 40.82955], [140.578844, 40.830646], [140.579404, 40.831102], [140.580831, 40.83181], [140.581987, 40.832894], [140.581865, 40.83327], [140.580442, 40.834576], [140.580661, 40.834996], [140.581463, 40.835434], [140.581533, 40.835821], [140.581002, 40.836261], [140.58082, 40.836789], [140.581155, 40.837788], [140.580599, 40.838763], [140.580558, 40.839223], [140.579741, 40.840479], [140.579909, 40.840957], [140.581847, 40.841908], [140.582826, 40.842494], [140.583329, 40.843075], [140.584229, 40.843021], [140.585099, 40.843551], [140.585189, 40.844624], [140.58673, 40.846942], [140.58723, 40.848837], [140.588769, 40.849066], [140.588924, 40.851437], [140.589308, 40.852438], [140.590032, 40.853191], [140.589796, 40.854183], [140.589916, 40.855349], [140.589103, 40.856646], [140.588425, 40.857993], [140.589903, 40.859363], [140.590145, 40.859921], [140.590766, 40.860102], [140.5911, 40.861418], [140.591529, 40.861817], [140.591483, 40.863017], [140.590766, 40.863586], [140.591745, 40.864839], [140.591184, 40.86586], [140.591251, 40.866919], [140.592086, 40.867438], [140.592101, 40.868605], [140.591437, 40.868991], [140.590032, 40.869395], [140.589912, 40.869846], [140.591028, 40.870218], [140.591638, 40.870879], [140.591063, 40.871789], [140.591559, 40.872671], [140.591426, 40.873706], [140.590714, 40.874468], [140.590596, 40.87507], [140.590982, 40.875516], [140.590749, 40.875874], [140.588961, 40.876706], [140.589094, 40.877547], [140.58878, 40.878562], [140.587455, 40.878838], [140.58737, 40.879455], [140.587757, 40.879997], [140.589558, 40.881196], [140.589859, 40.881701], [140.58989, 40.883304], [140.587385, 40.885125], [140.586946, 40.885744], [140.585984, 40.886269], [140.585965, 40.886894], [140.586419, 40.888097], [140.585178, 40.889659], [140.585355, 40.890142], [140.584839, 40.891387], [140.584229, 40.892076], [140.583563, 40.892463], [140.583799, 40.893551], [140.584229, 40.894333], [140.58013, 40.893974], [140.579054, 40.895151], [140.578038, 40.895601], [140.577562, 40.896745], [140.576919, 40.896966], [140.57526, 40.897053], [140.574578, 40.898137], [140.574675, 40.899465], [140.573761, 40.901015], [140.574264, 40.902613], [140.574771, 40.903257], [140.575005, 40.90431], [140.576259, 40.904856], [140.576694, 40.905329], [140.577975, 40.906001], [140.57848, 40.906731], [140.579465, 40.907085], [140.58004, 40.908509], [140.580331, 40.910301], [140.578709, 40.911767], [140.579535, 40.912373], [140.58091, 40.912843], [140.581817, 40.913678], [140.583294, 40.913725], [140.583517, 40.91401], [140.582855, 40.916031], [140.582485, 40.916518], [140.582376, 40.91729], [140.582509, 40.91821], [140.583773, 40.919888], [140.583899, 40.920745], [140.584972, 40.921516], [140.58605, 40.922605], [140.585309, 40.92369], [140.58527, 40.924636], [140.583663, 40.925131], [140.582759, 40.925969], [140.582912, 40.927767], [140.58428, 40.928192], [140.585541, 40.929155], [140.586837, 40.930654], [140.586494, 40.931656], [140.587687, 40.932791], [140.58751, 40.933205], [140.587726, 40.934206], [140.586859, 40.935314], [140.585525, 40.93559], [140.583764, 40.935451], [140.582923, 40.935651], [140.582291, 40.936252], [140.582225, 40.936926], [140.582778, 40.937564], [140.582658, 40.938225], [140.581849, 40.939113], [140.581006, 40.939437], [140.579933, 40.940317], [140.578292, 40.940092], [140.577063, 40.939592], [140.576119, 40.939465], [140.574965, 40.939937], [140.574174, 40.940988], [140.573501, 40.941474], [140.5725, 40.941881], [140.571171, 40.94219], [140.568658, 40.943666], [140.567233, 40.944164], [140.566722, 40.944546], [140.566481, 40.945378], [140.565343, 40.946817], [140.565273, 40.947327], [140.566516, 40.948126], [140.56642, 40.948598], [140.565391, 40.949744], [140.563258, 40.95101], [140.562873, 40.952388], [140.562194, 40.953238], [140.560504, 40.953742], [140.559816, 40.954106], [140.558671, 40.954142], [140.555685, 40.955375], [140.55506, 40.955892], [140.555021, 40.956262], [140.555926, 40.957075], [140.556638, 40.959875], [140.553948, 40.96067], [140.552772, 40.961362], [140.552899, 40.962516], [140.553227, 40.963245], [140.553404, 40.964447], [140.553268, 40.965067], [140.553485, 40.96591], [140.553456, 40.967224], [140.553596, 40.969264], [140.555639, 40.969672], [140.559272, 40.970106], [140.563087, 40.970224], [140.564445, 40.969413], [140.56599, 40.96913], [140.566647, 40.968855], [140.569449, 40.968503], [140.570846, 40.967993], [140.571536, 40.967463], [140.573868, 40.966356], [140.575053, 40.965588], [140.576218, 40.964539], [140.579061, 40.963364], [140.580296, 40.962936], [140.581506, 40.962751], [140.582665, 40.964229], [140.584804, 40.964451], [140.586666, 40.964966], [140.587473, 40.965482], [140.589717, 40.96494], [140.590967, 40.964829], [140.593371, 40.96436], [140.59458, 40.963457], [140.597117, 40.962616], [140.598428, 40.962286], [140.600155, 40.962522], [140.600743, 40.962443], [140.601416, 40.961254], [140.602233, 40.961077], [140.603518, 40.961096], [140.605253, 40.959867], [140.605024, 40.958468], [140.604722, 40.957886], [140.605472, 40.955783], [140.606298, 40.955526], [140.606504, 40.95504], [140.606337, 40.95367], [140.60674, 40.953001], [140.607714, 40.952578], [140.607821, 40.952038], [140.608508, 40.951878], [140.608405, 40.951024], [140.608873, 40.950431], [140.61007, 40.950061], [140.610512, 40.950096], [140.611209, 40.950917], [140.611884, 40.950943], [140.612557, 40.949739], [140.612935, 40.948627], [140.613729, 40.9482], [140.614856, 40.948122], [140.615573, 40.950943], [140.616043, 40.951787], [140.617188, 40.951868], [140.618379, 40.952228], [140.619811, 40.9521], [140.620663, 40.951269], [140.621485, 40.951046], [140.622964, 40.951123], [140.624538, 40.950903], [140.625755, 40.950557], [140.627405, 40.950692], [140.628773, 40.949869], [140.629942, 40.949592], [140.630694, 40.949739], [140.631501, 40.950333], [140.632325, 40.950621], [140.634233, 40.950685], [140.635979, 40.950328], [140.63621, 40.949645], [140.637041, 40.950021], [140.637351, 40.949733], [140.639121, 40.94951], [140.640096, 40.94907], [140.640601, 40.94914], [140.643053, 40.950338], [140.64406, 40.950357], [140.647079, 40.949669], [140.649983, 40.94931], [140.650674, 40.949499], [140.651913, 40.950263], [140.652601, 40.949934], [140.653672, 40.950168], [140.654406, 40.949851], [140.655624, 40.949634], [140.657112, 40.949099], [140.657228, 40.949551], [140.658382, 40.949716], [140.658956, 40.948834], [140.659413, 40.949158], [140.659695, 40.948418], [140.660792, 40.948453]]]]}}, {"type": "Feature", "properties": {"OBJECTID": 14, "N03_001": "青森県", "N03_002": null, "N03_003": null, "N03_004": "弘前市", "N03_007": "02202", "Shape_Leng": 1.844958863372238, "Shape_Area": 0.055774986306591, "id": "gci:02202A1968", "code": "02202", "name": "弘前市"}, "geometry": {"type": "MultiPolygon", "coordinates": [[[[140.339623, 40.759222], [140.34058, 40.758974], [140.343122, 40.759115], [140.346621, 40.758481], [140.349565, 40.757615], [140.351134, 40.756988], [140.353409, 40.756268], [140.356379, 40.75558], [140.355518, 40.755057], [140.35481, 40.753418], [140.35436, 40.752788], [140.354464, 40.750719], [140.355572, 40.749387], [140.356838, 40.748737], [140.358092, 40.748936], [140.360402, 40.748213], [140.361919, 40.748466], [140.362291, 40.748988], [140.362697, 40.748988], [140.363624, 40.749805], [140.365031, 40.749242], [140.365311, 40.748363], [140.367477, 40.748124], [140.371233, 40.748156], [140.373375, 40.747702], [140.373111, 40.747055], [140.372433, 40.746507], [140.373272, 40.746157], [140.373438, 40.745797], [140.377069, 40.745666], [140.377217, 40.745002], [140.377993, 40.744826], [140.378931, 40.746206], [140.379949, 40.747128], [140.381732, 40.747822], [140.383172, 40.747738], [140.383446, 40.747316], [140.382821, 40.746256], [140.383881, 40.745887], [140.385096, 40.745962], [140.385445, 40.745278], [140.386188, 40.745145], [140.386722, 40.744192], [140.387281, 40.744005], [140.387541, 40.743171], [140.387237, 40.742786], [140.385694, 40.741937], [140.385511, 40.741675], [140.386949, 40.741343], [140.38732, 40.741989], [140.388929, 40.742165], [140.389001, 40.742618], [140.390898, 40.743553], [140.391252, 40.744], [140.392207, 40.744091], [140.392524, 40.744696], [140.393066, 40.744535], [140.393385, 40.745068], [140.394235, 40.745714], [140.39462, 40.746517], [140.395164, 40.746944], [140.394751, 40.747509], [140.395225, 40.748035], [140.395931, 40.748102], [140.397151, 40.747614], [140.396663, 40.747274], [140.396659, 40.746815], [140.397496, 40.74686], [140.399362, 40.746683], [140.399271, 40.746076], [140.398427, 40.745534], [140.400676, 40.745599], [140.401316, 40.745959], [140.401244, 40.74495], [140.402024, 40.744453], [140.401819, 40.742491], [140.403045, 40.740683], [140.402846, 40.740197], [140.401696, 40.738499], [140.40193, 40.738068], [140.403497, 40.73858], [140.403834, 40.737954], [140.402487, 40.736337], [140.403384, 40.734647], [140.404496, 40.734962], [140.405012, 40.734], [140.405652, 40.734196], [140.406655, 40.735332], [140.407053, 40.736203], [140.407636, 40.736325], [140.408943, 40.738499], [140.409297, 40.73827], [140.409262, 40.737489], [140.410117, 40.738319], [140.411035, 40.738444], [140.410941, 40.737863], [140.411671, 40.737555], [140.412451, 40.737843], [140.414344, 40.737278], [140.41564, 40.737251], [140.417211, 40.737415], [140.417165, 40.73701], [140.420439, 40.736654], [140.420177, 40.735649], [140.420126, 40.733719], [140.419989, 40.732607], [140.419691, 40.732061], [140.419794, 40.730634], [140.419576, 40.729294], [140.418411, 40.727281], [140.418553, 40.725659], [140.419038, 40.724882], [140.41979, 40.724128], [140.421005, 40.723567], [140.42297, 40.723429], [140.42585, 40.72263], [140.426545, 40.722009], [140.42703, 40.720747], [140.427316, 40.718625], [140.427926, 40.71704], [140.429428, 40.715124], [140.431222, 40.713298], [140.432961, 40.711787], [140.434198, 40.710395], [140.435772, 40.708073], [140.436631, 40.707441], [140.438261, 40.706898], [140.440025, 40.706473], [140.44169, 40.705515], [140.442383, 40.704468], [140.442899, 40.703368], [140.443889, 40.700786], [140.444726, 40.699398], [140.44562, 40.698306], [140.446382, 40.697753], [140.447368, 40.69735], [140.450775, 40.696589], [140.452853, 40.695377], [140.453634, 40.694641], [140.454158, 40.69331], [140.454565, 40.691262], [140.454777, 40.689661], [140.455432, 40.688346], [140.456081, 40.68757], [140.45953, 40.685963], [140.461219, 40.685379], [140.461877, 40.684999], [140.462371, 40.684348], [140.462439, 40.683814], [140.462172, 40.682891], [140.462351, 40.682726], [140.467505, 40.683022], [140.468464, 40.681325], [140.466429, 40.680614], [140.463416, 40.67909], [140.463466, 40.677322], [140.463684, 40.675956], [140.463437, 40.67537], [140.463396, 40.674156], [140.464255, 40.67242], [140.46547, 40.67051], [140.465186, 40.669967], [140.463931, 40.669253], [140.462841, 40.669271], [140.462496, 40.66898], [140.461691, 40.667479], [140.461075, 40.665625], [140.461335, 40.665421], [140.461016, 40.663746], [140.460944, 40.662501], [140.460572, 40.661605], [140.460797, 40.661386], [140.464296, 40.661629], [140.46493, 40.661522], [140.465658, 40.660691], [140.466447, 40.65727], [140.46724, 40.655347], [140.468877, 40.654204], [140.470352, 40.652806], [140.471812, 40.650805], [140.473093, 40.651345], [140.473661, 40.651914], [140.474745, 40.650784], [140.47523, 40.650008], [140.475438, 40.649009], [140.476441, 40.648515], [140.476522, 40.646473], [140.477459, 40.646081], [140.478019, 40.645572], [140.479614, 40.645518], [140.480445, 40.645771], [140.481192, 40.646854], [140.481516, 40.648583], [140.481821, 40.64935], [140.482792, 40.650766], [140.482886, 40.651503], [140.483559, 40.651574], [140.485832, 40.6523], [140.487871, 40.652096], [140.490666, 40.651483], [140.493802, 40.650655], [140.494801, 40.64971], [140.495054, 40.645516], [140.495529, 40.644148], [140.497056, 40.642615], [140.498407, 40.640783], [140.498798, 40.639839], [140.499299, 40.637801], [140.499067, 40.636347], [140.498468, 40.6355], [140.498995, 40.634468], [140.498905, 40.634246], [140.499563, 40.63306], [140.499825, 40.632195], [140.501416, 40.630981], [140.501694, 40.630287], [140.50408, 40.630331], [140.504976, 40.630194], [140.506156, 40.629259], [140.505776, 40.62742], [140.504786, 40.62652], [140.504412, 40.625887], [140.504441, 40.624501], [140.505051, 40.623806], [140.506215, 40.623043], [140.509467, 40.621994], [140.511443, 40.621019], [140.511655, 40.620409], [140.511504, 40.61887], [140.511666, 40.617263], [140.511994, 40.616355], [140.513069, 40.615408], [140.513836, 40.61524], [140.513119, 40.61422], [140.511126, 40.614105], [140.508912, 40.613227], [140.509988, 40.61127], [140.510385, 40.610947], [140.510551, 40.611546], [140.511515, 40.612058], [140.512018, 40.612031], [140.513215, 40.612689], [140.514369, 40.614044], [140.515016, 40.614497], [140.519813, 40.614106], [140.521538, 40.614271], [140.523603, 40.613884], [140.524724, 40.613157], [140.525316, 40.611907], [140.525334, 40.611169], [140.525893, 40.60942], [140.526357, 40.60853], [140.526601, 40.606873], [140.526166, 40.605617], [140.526075, 40.603892], [140.526062, 40.600918], [140.525819, 40.598071], [140.526125, 40.596555], [140.527124, 40.593595], [140.527331, 40.591867], [140.52722, 40.590279], [140.528195, 40.588086], [140.528072, 40.586659], [140.5276, 40.584594], [140.527637, 40.58311], [140.527467, 40.582439], [140.52626, 40.580561], [140.525981, 40.579859], [140.525989, 40.579145], [140.526295, 40.577866], [140.52816, 40.574637], [140.529244, 40.573038], [140.5308, 40.573371], [140.530861, 40.574201], [140.533569, 40.576016], [140.533324, 40.576264], [140.533857, 40.576693], [140.534847, 40.576403], [140.535885, 40.576877], [140.538733, 40.574327], [140.5341, 40.571286], [140.533431, 40.571773], [140.531602, 40.571958], [140.53038, 40.571282], [140.530205, 40.57036], [140.531103, 40.569653], [140.531739, 40.568766], [140.533328, 40.566957], [140.53469, 40.56375], [140.535076, 40.563196], [140.537518, 40.561036], [140.538156, 40.559068], [140.538779, 40.558461], [140.540195, 40.557703], [140.541292, 40.557461], [140.541867, 40.557539], [140.542953, 40.556837], [140.54398, 40.557449], [140.545278, 40.556254], [140.546926, 40.555979], [140.546788, 40.5554], [140.548213, 40.554935], [140.548484, 40.555866], [140.550928, 40.555452], [140.552687, 40.560759], [140.557608, 40.559821], [140.557554, 40.560577], [140.558631, 40.560715], [140.559628, 40.563963], [140.560618, 40.563848], [140.561169, 40.565295], [140.562587, 40.565524], [140.561912, 40.563224], [140.563625, 40.563061], [140.56427, 40.563745], [140.569534, 40.56269], [140.569932, 40.562349], [140.570192, 40.562856], [140.570695, 40.56284], [140.571097, 40.564239], [140.572026, 40.564436], [140.572896, 40.564279], [140.573991, 40.56286], [140.575029, 40.563622], [140.575923, 40.563417], [140.575964, 40.562959], [140.576524, 40.562555], [140.576904, 40.562809], [140.577944, 40.562851], [140.579489, 40.563511], [140.580665, 40.562546], [140.581045, 40.561191], [140.582105, 40.559711], [140.58358, 40.558583], [140.584872, 40.558293], [140.586242, 40.557825], [140.587689, 40.557062], [140.590427, 40.556568], [140.591122, 40.556196], [140.592082, 40.555263], [140.592475, 40.554436], [140.592654, 40.55334], [140.592969, 40.552961], [140.593172, 40.550778], [140.595775, 40.549481], [140.597178, 40.54963], [140.597808, 40.5495], [140.598691, 40.548143], [140.598369, 40.547006], [140.597978, 40.546412], [140.597987, 40.545392], [140.598496, 40.544475], [140.598149, 40.542837], [140.596708, 40.542502], [140.595839, 40.541875], [140.594497, 40.542157], [140.592995, 40.541488], [140.590945, 40.542223], [140.589634, 40.541129], [140.588036, 40.540781], [140.585206, 40.541508], [140.584616, 40.540772], [140.583421, 40.539944], [140.583027, 40.538302], [140.58122, 40.537898], [140.579177, 40.537257], [140.57782, 40.537135], [140.576447, 40.537435], [140.575813, 40.537931], [140.57502, 40.539314], [140.574157, 40.540145], [140.573029, 40.541626], [140.571978, 40.542659], [140.570691, 40.543643], [140.569246, 40.544197], [140.56746, 40.543751], [140.567122, 40.543054], [140.566545, 40.542845], [140.566029, 40.54301], [140.565144, 40.542761], [140.564069, 40.54292], [140.563334, 40.543834], [140.562135, 40.544786], [140.561579, 40.544843], [140.56135, 40.54559], [140.560485, 40.545701], [140.560135, 40.54598], [140.559829, 40.547476], [140.559302, 40.548746], [140.558227, 40.549258], [140.558539, 40.549676], [140.557344, 40.549817], [140.557224, 40.549472], [140.554142, 40.549983], [140.553653, 40.549994], [140.553544, 40.549219], [140.554811, 40.546349], [140.555423, 40.545169], [140.553884, 40.545404], [140.553609, 40.545027], [140.553884, 40.544618], [140.554092, 40.543312], [140.55418, 40.541694], [140.553388, 40.541175], [140.55343, 40.540891], [140.554387, 40.53925], [140.554451, 40.53874], [140.553491, 40.538519], [140.553766, 40.537205], [140.553126, 40.537061], [140.55105, 40.536118], [140.550171, 40.538024], [140.548915, 40.540242], [140.5474, 40.541718], [140.546032, 40.543299], [140.546148, 40.545475], [140.546388, 40.547103], [140.546218, 40.547352], [140.544297, 40.547266], [140.543521, 40.546515], [140.5425, 40.546321], [140.54141, 40.545376], [140.541432, 40.544708], [140.541875, 40.544142], [140.541357, 40.543202], [140.54143, 40.542509], [140.541854, 40.541374], [140.54153, 40.54058], [140.541657, 40.539689], [140.540619, 40.538951], [140.539255, 40.538674], [140.538123, 40.535382], [140.537362, 40.534651], [140.536779, 40.532519], [140.534921, 40.529431], [140.534438, 40.52902], [140.533739, 40.528909], [140.533228, 40.527785], [140.532506, 40.527293], [140.531125, 40.526947], [140.53005, 40.527035], [140.52852, 40.527766], [140.527808, 40.527249], [140.527135, 40.525225], [140.525054, 40.524766], [140.52399, 40.523777], [140.52206, 40.523508], [140.520078, 40.52287], [140.518428, 40.523243], [140.517276, 40.523259], [140.516247, 40.52346], [140.515224, 40.523204], [140.513624, 40.522081], [140.512505, 40.521945], [140.51193, 40.522103], [140.5112, 40.5237], [140.510425, 40.524242], [140.509153, 40.524044], [140.508416, 40.523661], [140.507245, 40.523841], [140.503763, 40.523057], [140.502286, 40.522619], [140.501875, 40.522349], [140.499296, 40.521877], [140.498614, 40.521162], [140.497644, 40.52074], [140.496516, 40.52096], [140.493863, 40.521913], [140.492465, 40.521717], [140.48968, 40.520079], [140.48838, 40.519699], [140.487713, 40.519748], [140.485502, 40.519289], [140.484293, 40.518504], [140.483581, 40.516753], [140.482787, 40.515942], [140.481872, 40.51461], [140.482106, 40.513757], [140.483102, 40.513387], [140.485034, 40.51189], [140.484569, 40.510023], [140.483915, 40.508354], [140.484086, 40.50787], [140.482575, 40.507005], [140.481083, 40.506894], [140.480049, 40.506099], [140.479181, 40.505811], [140.478207, 40.504926], [140.477145, 40.504289], [140.475757, 40.504209], [140.474996, 40.503959], [140.473449, 40.503748], [140.471932, 40.504167], [140.470365, 40.503716], [140.469329, 40.503584], [140.467981, 40.503683], [140.465767, 40.503552], [140.463427, 40.503182], [140.462928, 40.503222], [140.462026, 40.502694], [140.461822, 40.502336], [140.462041, 40.501445], [140.461936, 40.500088], [140.462633, 40.498322], [140.461973, 40.497083], [140.459869, 40.494717], [140.458435, 40.49378], [140.458732, 40.492823], [140.460959, 40.491352], [140.461777, 40.4897], [140.462985, 40.488672], [140.463512, 40.487894], [140.464646, 40.486884], [140.464438, 40.485697], [140.464106, 40.485045], [140.46434, 40.483828], [140.463995, 40.483431], [140.462832, 40.482899], [140.462196, 40.482337], [140.461527, 40.480888], [140.460564, 40.480332], [140.459263, 40.480228], [140.457076, 40.481], [140.454355, 40.481234], [140.453321, 40.480701], [140.45225, 40.480588], [140.451179, 40.480114], [140.450047, 40.478589], [140.44904, 40.478011], [140.448373, 40.477947], [140.447558, 40.478694], [140.445939, 40.479425], [140.445206, 40.479945], [140.444383, 40.480252], [140.441364, 40.479874], [140.440962, 40.479659], [140.440304, 40.478703], [140.437206, 40.478256], [140.437269, 40.478454], [140.436384, 40.479469], [140.435737, 40.479972], [140.434117, 40.480608], [140.432118, 40.480586], [140.431187, 40.481715], [140.42965, 40.481594], [140.429021, 40.481701], [140.427743, 40.482436], [140.427076, 40.482591], [140.423656, 40.481555], [140.421302, 40.481353], [140.420236, 40.480618], [140.419108, 40.48042], [140.417497, 40.479953], [140.416177, 40.478876], [140.41392, 40.47763], [140.412165, 40.476516], [140.410906, 40.476438], [140.409324, 40.475299], [140.40725, 40.474677], [140.406115, 40.474638], [140.404505, 40.475444], [140.402236, 40.474907], [140.401895, 40.475919], [140.401664, 40.47727], [140.401303, 40.47758], [140.400256, 40.477559], [140.39846, 40.477735], [140.396724, 40.478228], [140.396596, 40.478672], [140.39691, 40.479706], [140.39592, 40.480845], [140.395673, 40.482043], [140.3941, 40.482771], [140.394133, 40.485023], [140.393532, 40.485215], [140.392198, 40.484754], [140.39116, 40.485278], [140.389707, 40.485575], [140.389412, 40.486021], [140.388282, 40.487018], [140.386962, 40.487057], [140.386121, 40.486427], [140.383752, 40.485125], [140.383478, 40.48404], [140.382108, 40.481968], [140.381807, 40.480374], [140.381308, 40.479327], [140.380581, 40.478765], [140.378622, 40.478132], [140.378133, 40.477304], [140.377947, 40.47654], [140.375375, 40.476307], [140.37258, 40.476187], [140.371528, 40.476472], [140.370204, 40.476479], [140.369374, 40.477109], [140.368617, 40.477239], [140.367192, 40.477018], [140.36481, 40.478544], [140.364085, 40.478354], [140.363099, 40.478457], [140.361301, 40.478391], [140.359897, 40.477235], [140.359902, 40.475916], [140.357819, 40.474717], [140.356733, 40.474593], [140.354969, 40.473272], [140.353903, 40.472292], [140.353308, 40.46988], [140.352522, 40.468848], [140.352161, 40.46871], [140.349486, 40.468416], [140.347808, 40.467547], [140.346665, 40.468615], [140.346297, 40.469568], [140.345817, 40.46995], [140.345989, 40.470751], [140.345581, 40.471085], [140.345336, 40.471787], [140.344328, 40.472246], [140.343826, 40.472999], [140.342305, 40.472958], [140.340751, 40.473649], [140.339809, 40.474367], [140.3393, 40.474533], [140.338113, 40.474316], [140.337588, 40.474642], [140.336998, 40.475863], [140.337053, 40.476986], [140.336539, 40.478593], [140.336456, 40.479441], [140.335755, 40.479462], [140.334752, 40.480241], [140.334476, 40.480975], [140.333235, 40.481364], [140.33226, 40.482059], [140.331054, 40.481756], [140.329679, 40.481725], [140.327336, 40.481432], [140.327955, 40.482649], [140.328287, 40.48289], [140.32818, 40.484036], [140.32721, 40.485358], [140.328069, 40.486731], [140.327046, 40.487886], [140.327509, 40.488558], [140.329636, 40.489919], [140.330324, 40.490947], [140.329747, 40.491793], [140.329631, 40.492614], [140.328943, 40.492702], [140.327376, 40.494043], [140.327896, 40.49505], [140.3278, 40.495496], [140.324655, 40.496013], [140.32306, 40.497197], [140.322312, 40.497427], [140.321737, 40.498392], [140.320669, 40.499068], [140.320127, 40.49974], [140.320162, 40.501116], [140.320583, 40.501796], [140.320588, 40.50269], [140.319156, 40.504143], [140.319904, 40.505422], [140.32014, 40.506444], [140.32132, 40.507783], [140.322059, 40.508441], [140.323129, 40.508944], [140.323282, 40.509466], [140.322686, 40.510741], [140.321938, 40.511676], [140.32167, 40.512521], [140.320902, 40.513554], [140.320382, 40.513935], [140.319825, 40.515108], [140.318922, 40.515232], [140.317454, 40.51499], [140.316344, 40.515274], [140.31524, 40.515279], [140.314246, 40.515483], [140.313529, 40.516303], [140.311678, 40.517876], [140.311459, 40.518239], [140.312226, 40.519059], [140.312143, 40.519411], [140.311177, 40.520455], [140.30918, 40.520949], [140.308098, 40.521399], [140.307573, 40.521996], [140.305945, 40.521365], [140.305287, 40.521993], [140.304523, 40.523061], [140.304265, 40.524722], [140.303113, 40.525461], [140.302945, 40.526662], [140.302033, 40.527573], [140.30225, 40.528577], [140.301531, 40.530107], [140.301592, 40.531155], [140.301417, 40.531821], [140.30173, 40.533085], [140.301721, 40.533958], [140.3014, 40.535176], [140.301907, 40.535948], [140.30155, 40.537226], [140.30159, 40.537802], [140.302339, 40.538828], [140.302411, 40.539496], [140.302027, 40.541059], [140.301559, 40.541907], [140.302379, 40.542773], [140.302682, 40.544895], [140.302446, 40.546077], [140.302643, 40.546844], [140.303537, 40.547627], [140.304981, 40.547896], [140.305193, 40.548303], [140.306063, 40.54864], [140.307853, 40.5491], [140.308251, 40.549413], [140.30899, 40.551309], [140.310135, 40.552486], [140.309864, 40.554305], [140.310185, 40.554623], [140.309973, 40.555281], [140.310506, 40.556081], [140.310159, 40.557838], [140.310519, 40.558473], [140.309951, 40.559455], [140.310299, 40.559999], [140.308673, 40.560786], [140.309014, 40.562043], [140.310235, 40.562941], [140.31022, 40.563774], [140.310825, 40.564392], [140.309505, 40.565662], [140.309844, 40.567185], [140.310259, 40.567576], [140.308091, 40.568584], [140.306981, 40.569911], [140.307215, 40.570321], [140.306986, 40.571156], [140.306382, 40.57189], [140.3056, 40.572342], [140.305331, 40.572869], [140.303919, 40.573695], [140.303983, 40.575303], [140.305401, 40.576296], [140.306734, 40.577396], [140.308817, 40.578835], [140.307785, 40.579583], [140.306299, 40.580177], [140.30605, 40.581023], [140.303557, 40.582631], [140.304151, 40.583039], [140.302302, 40.583169], [140.301806, 40.583537], [140.30098, 40.583643], [140.298937, 40.584483], [140.298773, 40.585214], [140.299743, 40.585775], [140.299715, 40.586685], [140.302838, 40.586781], [140.304188, 40.585044], [140.304568, 40.584894], [140.305373, 40.585203], [140.30642, 40.58532], [140.30739, 40.585092], [140.307136, 40.585668], [140.307663, 40.586014], [140.310474, 40.588393], [140.311238, 40.589651], [140.311225, 40.590275], [140.310495, 40.591507], [140.308408, 40.593055], [140.307873, 40.59393], [140.307069, 40.594014], [140.305252, 40.593816], [140.303294, 40.594175], [140.30148, 40.594206], [140.300687, 40.594633], [140.299459, 40.594851], [140.299262, 40.596561], [140.299083, 40.597082], [140.29843, 40.597706], [140.297562, 40.598908], [140.296224, 40.600436], [140.296032, 40.601507], [140.294987, 40.603167], [140.295549, 40.603228], [140.297199, 40.602626], [140.298292, 40.603405], [140.297295, 40.603998], [140.297002, 40.604409], [140.297247, 40.604982], [140.29808, 40.60494], [140.298395, 40.605252], [140.29763, 40.605939], [140.297662, 40.606536], [140.297009, 40.60715], [140.296161, 40.607087], [140.29492, 40.60768], [140.293274, 40.607352], [140.29217, 40.606624], [140.291215, 40.606791], [140.289515, 40.606442], [140.288737, 40.607118], [140.287821, 40.60717], [140.287262, 40.607503], [140.287386, 40.60793], [140.286792, 40.608673], [140.287201, 40.608871], [140.286989, 40.609479], [140.286471, 40.609917], [140.285944, 40.610941], [140.28488, 40.611335], [140.284403, 40.611825], [140.283256, 40.611346], [140.281783, 40.611586], [140.281626, 40.612256], [140.280404, 40.61222], [140.279925, 40.612563], [140.278507, 40.612907], [140.277537, 40.613687], [140.275858, 40.613873], [140.275668, 40.614623], [140.274781, 40.614789], [140.272521, 40.615511], [140.270801, 40.615803], [140.269505, 40.615803], [140.268904, 40.616011], [140.268168, 40.615653], [140.267499, 40.61579], [140.26624, 40.615372], [140.264688, 40.615378], [140.263864, 40.615217], [140.262568, 40.614269], [140.261578, 40.614069], [140.261196, 40.613631], [140.260095, 40.613477], [140.259258, 40.613907], [140.257365, 40.613074], [140.256996, 40.612646], [140.256886, 40.611926], [140.255282, 40.61203], [140.254301, 40.611446], [140.252714, 40.610729], [140.252559, 40.61018], [140.251685, 40.609328], [140.251086, 40.609369], [140.249952, 40.60887], [140.249434, 40.607945], [140.248656, 40.607477], [140.248601, 40.606354], [140.248739, 40.605366], [140.249025, 40.604824], [140.248398, 40.604137], [140.247659, 40.602796], [140.24484, 40.602749], [140.243531, 40.603136], [140.242919, 40.603625], [140.241805, 40.603388], [140.240594, 40.603429], [140.239224, 40.604066], [140.238411, 40.60395], [140.238102, 40.60435], [140.237202, 40.604304], [140.236975, 40.603697], [140.236356, 40.603493], [140.236004, 40.602467], [140.23621, 40.601917], [140.235692, 40.601309], [140.235972, 40.600128], [140.235941, 40.598263], [140.236605, 40.5979], [140.236599, 40.597572], [140.23583, 40.596916], [140.235301, 40.596739], [140.235082, 40.59586], [140.233784, 40.594982], [140.232951, 40.593272], [140.231902, 40.592134], [140.231393, 40.590971], [140.23023, 40.590328], [140.228469, 40.590198], [140.227429, 40.590446], [140.22627, 40.589747], [140.224393, 40.58927], [140.223536, 40.589191], [140.221978, 40.589307], [140.221528, 40.588825], [140.220582, 40.586819], [140.219902, 40.585763], [140.218394, 40.585088], [140.21778, 40.58502], [140.216351, 40.584511], [140.215782, 40.583708], [140.215083, 40.583328], [140.213514, 40.583198], [140.210933, 40.581687], [140.210072, 40.580893], [140.209536, 40.579868], [140.209823, 40.579524], [140.2104, 40.577736], [140.211492, 40.576885], [140.211619, 40.575857], [140.210568, 40.575071], [140.210813, 40.574063], [140.210465, 40.573274], [140.211193, 40.571962], [140.210568, 40.571333], [140.209971, 40.570301], [140.209731, 40.569281], [140.209198, 40.568368], [140.208243, 40.567613], [140.207989, 40.567003], [140.207401, 40.567103], [140.205106, 40.566506], [140.202486, 40.566364], [140.201874, 40.565682], [140.202067, 40.565154], [140.201334, 40.564575], [140.20114, 40.563883], [140.199831, 40.562781], [140.198659, 40.561595], [140.19838, 40.560764], [140.198913, 40.559683], [140.199086, 40.558807], [140.198804, 40.557899], [140.198262, 40.557315], [140.198052, 40.556594], [140.197239, 40.556338], [140.19515, 40.556583], [140.194085, 40.556437], [140.192271, 40.555987], [140.190141, 40.555774], [140.188436, 40.556907], [140.186703, 40.557583], [140.186093, 40.558553], [140.185044, 40.55879], [140.18419, 40.559246], [140.183486, 40.559908], [140.182553, 40.560286], [140.182164, 40.56007], [140.1805, 40.560311], [140.181053, 40.561072], [140.181512, 40.562464], [140.18047, 40.563148], [140.179854, 40.56378], [140.179913, 40.564622], [140.178765, 40.564824], [140.178588, 40.565201], [140.178735, 40.566043], [140.178114, 40.566783], [140.176357, 40.566763], [140.175472, 40.567293], [140.175225, 40.567198], [140.175142, 40.566301], [140.17335, 40.565921], [140.173251, 40.565334], [140.172596, 40.564093], [140.172587, 40.563516], [140.171698, 40.562437], [140.170858, 40.562404], [140.170065, 40.561624], [140.170098, 40.561056], [140.169315, 40.561146], [140.166157, 40.560646], [140.165209, 40.55918], [140.16386, 40.558193], [140.163712, 40.557497], [140.163214, 40.556951], [140.162626, 40.557821], [140.160753, 40.55839], [140.160403, 40.55872], [140.160128, 40.560013], [140.160449, 40.560345], [140.161463, 40.560365], [140.161496, 40.562067], [140.161896, 40.563331], [140.162071, 40.565248], [140.161776, 40.566027], [140.161078, 40.567157], [140.159177, 40.567873], [140.15841, 40.568442], [140.15709, 40.569025], [140.156152, 40.570852], [140.155053, 40.571437], [140.155053, 40.572148], [140.155506, 40.573907], [140.155366, 40.576054], [140.155086, 40.577372], [140.155628, 40.579736], [140.157252, 40.581775], [140.157136, 40.582154], [140.155678, 40.584363], [140.154734, 40.585602], [140.154767, 40.585802], [140.15711, 40.58752], [140.1603, 40.587665], [140.162127, 40.587971], [140.16489, 40.587376], [140.167713, 40.588449], [140.168636, 40.589769], [140.171418, 40.591229], [140.171684, 40.591922], [140.172554, 40.591914], [140.173289, 40.592546], [140.173055, 40.59328], [140.173883, 40.594188], [140.174613, 40.594227], [140.175472, 40.593716], [140.176545, 40.593856], [140.17701, 40.594223], [140.177937, 40.594439], [140.17892, 40.594894], [140.179816, 40.594564], [140.180957, 40.594464], [140.181842, 40.595203], [140.182196, 40.595843], [140.183584, 40.595819], [140.183855, 40.594981], [140.184651, 40.594085], [140.185217, 40.594408], [140.186386, 40.594317], [140.187771, 40.593712], [140.188947, 40.593986], [140.18931, 40.593851], [140.189907, 40.593049], [140.19061, 40.593198], [140.190809, 40.593541], [140.190554, 40.594657], [140.191133, 40.594965], [140.191821, 40.598862], [140.192778, 40.599817], [140.193049, 40.601352], [140.192774, 40.602166], [140.191771, 40.603634], [140.190835, 40.604375], [140.190184, 40.60456], [140.189391, 40.605706], [140.191301, 40.606189], [140.193952, 40.606629], [140.19671, 40.606086], [140.197763, 40.606936], [140.199315, 40.607249], [140.200963, 40.607823], [140.203308, 40.608245], [140.204838, 40.609223], [140.205063, 40.611011], [140.204785, 40.612037], [140.205196, 40.613188], [140.206252, 40.614894], [140.206481, 40.615526], [140.206551, 40.616948], [140.207849, 40.61837], [140.208372, 40.619595], [140.209855, 40.620417], [140.211514, 40.62084], [140.212342, 40.621729], [140.212465, 40.622102], [140.213667, 40.622316], [140.214093, 40.622093], [140.215415, 40.621905], [140.21573, 40.622102], [140.216574, 40.621799], [140.215981, 40.622759], [140.217032, 40.622809], [140.217384, 40.623035], [140.217679, 40.623877], [140.218062, 40.624254], [140.218949, 40.624492], [140.21927, 40.62496], [140.21938, 40.625752], [140.218613, 40.625847], [140.218693, 40.626791], [140.21776, 40.627567], [140.217476, 40.628274], [140.216191, 40.628766], [140.215743, 40.629153], [140.216917, 40.629862], [140.217153, 40.630325], [140.217017, 40.63094], [140.216595, 40.631236], [140.215063, 40.630983], [140.214589, 40.631473], [140.214355, 40.632848], [140.214351, 40.63399], [140.21568, 40.634081], [140.217083, 40.634336], [140.21766, 40.634762], [140.217343, 40.636007], [140.217035, 40.636569], [140.216943, 40.637477], [140.217161, 40.637725], [140.217963, 40.63765], [140.219367, 40.637948], [140.220107, 40.638951], [140.220096, 40.640866], [140.220872, 40.640426], [140.221854, 40.640273], [140.222334, 40.641033], [140.221604, 40.641983], [140.22186, 40.642374], [140.223034, 40.642717], [140.225274, 40.642825], [140.227217, 40.643346], [140.228764, 40.643523], [140.231043, 40.644829], [140.232894, 40.645038], [140.234516, 40.644535], [140.237136, 40.644706], [140.240087, 40.645045], [140.241477, 40.645818], [140.24637, 40.648911], [140.250474, 40.648427], [140.251853, 40.648665], [140.254738, 40.648873], [140.256169, 40.648873], [140.257369, 40.649536], [140.258617, 40.64985], [140.25926, 40.64985], [140.260344, 40.650212], [140.262752, 40.651446], [140.263279, 40.651396], [140.266199, 40.651732], [140.266878, 40.650709], [140.269031, 40.651222], [140.268834, 40.653343], [140.270412, 40.653651], [140.271962, 40.654153], [140.273404, 40.654403], [140.27689, 40.654653], [140.279552, 40.654578], [140.278175, 40.662356], [140.288252, 40.666117], [140.290339, 40.666932], [140.288739, 40.669281], [140.303192, 40.677738], [140.314715, 40.680656], [140.315568, 40.680996], [140.31748, 40.68222], [140.318721, 40.683561], [140.322139, 40.687534], [140.323293, 40.688262], [140.324242, 40.68865], [140.325411, 40.689403], [140.326065, 40.690045], [140.326757, 40.690141], [140.327697, 40.691239], [140.328495, 40.691725], [140.329474, 40.691888], [140.329928, 40.692532], [140.331082, 40.692908], [140.331987, 40.692789], [140.333154, 40.694138], [140.333989, 40.695861], [140.336076, 40.697978], [140.337132, 40.699436], [140.334695, 40.699738], [140.332728, 40.700228], [140.329959, 40.700743], [140.327739, 40.701039], [140.324316, 40.701231], [140.321936, 40.70122], [140.31503, 40.701591], [140.313398, 40.701993], [140.311988, 40.703145], [140.311422, 40.703426], [140.308935, 40.703858], [140.307632, 40.703217], [140.304536, 40.700682], [140.300759, 40.698182], [140.299236, 40.697227], [140.294758, 40.694099], [140.292577, 40.693007], [140.292312, 40.692975], [140.292433, 40.694553], [140.29278, 40.695153], [140.292942, 40.696112], [140.292896, 40.69727], [140.291467, 40.698769], [140.290641, 40.701384], [140.291124, 40.701848], [140.290638, 40.702964], [140.289338, 40.703586], [140.289045, 40.704146], [140.289041, 40.705212], [140.288792, 40.705538], [140.289058, 40.706345], [140.288623, 40.70722], [140.28832, 40.708596], [140.288776, 40.709449], [140.288781, 40.710082], [140.288352, 40.710402], [140.288623, 40.713716], [140.288261, 40.715258], [140.287701, 40.716039], [140.287911, 40.716953], [140.287083, 40.717925], [140.287389, 40.718962], [140.286925, 40.719668], [140.286818, 40.72038], [140.287048, 40.721598], [140.287955, 40.722535], [140.288027, 40.723697], [140.287804, 40.72433], [140.288108, 40.725419], [140.288011, 40.726076], [140.288199, 40.726936], [140.289117, 40.727624], [140.289327, 40.728162], [140.290197, 40.728729], [140.290634, 40.729271], [140.292422, 40.730555], [140.293571, 40.730811], [140.294848, 40.731329], [140.295794, 40.731964], [140.296071, 40.732584], [140.298692, 40.733091], [140.301448, 40.733248], [140.302092, 40.73371], [140.302842, 40.734704], [140.30306, 40.735871], [140.304031, 40.736476], [140.30513, 40.737902], [140.305027, 40.738645], [140.305893, 40.738947], [140.306024, 40.739543], [140.307377, 40.740158], [140.307514, 40.741309], [140.307073, 40.742348], [140.307619, 40.74256], [140.307864, 40.74346], [140.308723, 40.744017], [140.309186, 40.744022], [140.309894, 40.744649], [140.311068, 40.744425], [140.311853, 40.743703], [140.3127, 40.743787], [140.313968, 40.744899], [140.314438, 40.7448], [140.314604, 40.74398], [140.314921, 40.743792], [140.315432, 40.744132], [140.315917, 40.743889], [140.316838, 40.744097], [140.316523, 40.744846], [140.316695, 40.745259], [140.315939, 40.746438], [140.315605, 40.746689], [140.316276, 40.747995], [140.316304, 40.748442], [140.316953, 40.748498], [140.317456, 40.749251], [140.318179, 40.749845], [140.319611, 40.750538], [140.32024, 40.751115], [140.320686, 40.752155], [140.32245, 40.75363], [140.325042, 40.755237], [140.325741, 40.755527], [140.326725, 40.756328], [140.328337, 40.756498], [140.329463, 40.757101], [140.330645, 40.757857], [140.330713, 40.759136], [140.330422, 40.759842], [140.331347, 40.760131], [140.333115, 40.761421], [140.33433, 40.760957], [140.334717, 40.760115], [140.33608, 40.759626], [140.338281, 40.760122], [140.339085, 40.75931], [140.339623, 40.759222]]]]}}, {"type": "Feature", "properties": {"N03_001": "青森県", "N03_002": null, "N03_003": null, "N03_004": "八戸市", "N03_007": "02203", "id": "gci:02203A1968", "code": "02203", "name": "八戸市"}, "geometry": {"type": "MultiPolygon", "coordinates": [[[[141.60073, 40.518117], [141.601121, 40.517753], [141.6004, 40.51781], [141.60073, 40.518117]]], [[[141.535005, 40.537531], [141.536248, 40.536613], [141.544181, 40.536116], [141.546837, 40.537862], [141.546717, 40.537642], [141.544216, 40.536015], [141.536233, 40.536522], [141.535005, 40.537531]]], [[[141.550316, 40.53887], [141.55522, 40.538515], [141.549348, 40.538868], [141.550316, 40.53887]]], [[[141.506544, 40.541682], [141.506793, 40.541523], [141.506386, 40.540918], [141.505999, 40.541351], [141.506544, 40.541682]]], [[[141.571657, 40.543676], [141.571677, 40.543091], [141.571038, 40.543624], [141.571657, 40.543676]]], [[[141.530914, 40.544086], [141.532977, 40.542439], [141.532898, 40.542383], [141.530839, 40.544032], [141.529985, 40.54341], [141.531617, 40.542102], [141.531517, 40.54203], [141.529884, 40.543337], [141.529043, 40.542723], [141.528767, 40.539998], [141.533333, 40.536339], [141.531947, 40.537343], [141.528982, 40.535186], [141.530282, 40.53417], [141.529926, 40.533947], [141.526822, 40.534202], [141.526405, 40.534445], [141.52352, 40.536703], [141.520898, 40.54028], [141.520804, 40.540592], [141.521708, 40.541244], [141.525129, 40.538502], [141.527913, 40.540523], [141.52474, 40.543066], [141.524062, 40.54491], [141.524375, 40.545363], [141.528308, 40.546255], [141.528853, 40.54614], [141.530935, 40.544471], [141.530914, 40.544086]]], [[[141.549579, 40.549444], [141.54956, 40.547532], [141.550191, 40.546546], [141.550827, 40.546318], [141.56036, 40.544711], [141.560334, 40.544617], [141.558236, 40.544942], [141.55046, 40.546262], [141.54966, 40.546776], [141.549361, 40.547535], [141.549402, 40.549857], [141.549579, 40.549444]]], [[[141.535075, 40.563008], [141.535022, 40.557745], [141.535531, 40.556175], [141.536312, 40.555346], [141.542977, 40.550011], [141.544732, 40.549213], [141.54348, 40.54961], [141.542599, 40.550105], [141.536036, 40.555365], [141.535346, 40.55614], [141.534836, 40.557793], [141.534911, 40.56592], [141.535088, 40.565923], [141.535075, 40.563008]]], [[[141.480858, 40.585049], [141.480991, 40.584646], [141.479258, 40.58748], [141.479365, 40.587516], [141.480858, 40.585049]]], [[[141.646524, 40.474702], [141.644249, 40.474073], [141.643842, 40.474057], [141.643541, 40.473491], [141.641735, 40.473713], [141.640549, 40.473725], [141.639345, 40.473487], [141.637961, 40.474213], [141.637043, 40.47395], [141.63573, 40.473875], [141.633925, 40.47397], [141.633195, 40.474437], [141.632286, 40.474617], [141.63139, 40.474514], [141.630675, 40.474168], [141.630749, 40.473658], [141.629464, 40.472177], [141.628671, 40.472126], [141.628398, 40.471801], [141.627646, 40.471738], [141.627561, 40.471057], [141.626118, 40.47024], [141.62567, 40.469357], [141.625006, 40.468519], [141.623957, 40.468105], [141.62341, 40.467417], [141.621417, 40.467071], [141.61942, 40.466282], [141.61801, 40.466237], [141.612022, 40.464716], [141.610807, 40.464446], [141.608602, 40.463781], [141.605638, 40.463107], [141.604161, 40.463107], [141.602583, 40.463322], [141.600682, 40.463862], [141.598435, 40.465688], [141.597375, 40.466194], [141.59611, 40.466522], [141.593328, 40.467868], [141.593693, 40.469374], [141.594602, 40.470347], [141.595262, 40.471813], [141.594844, 40.473909], [141.594805, 40.476125], [141.594936, 40.476741], [141.594724, 40.477322], [141.591107, 40.476716], [141.588041, 40.476298], [141.58687, 40.47578], [141.584855, 40.476026], [141.582298, 40.477192], [141.580971, 40.477627], [141.579605, 40.477897], [141.57681, 40.478696], [141.576248, 40.479063], [141.574716, 40.479217], [141.571991, 40.479071], [141.570387, 40.479574], [141.568014, 40.4783], [141.565312, 40.476962], [141.562946, 40.476314], [141.556879, 40.474245], [141.556553, 40.473687], [141.5572, 40.471649], [141.557425, 40.469709], [141.557111, 40.468575], [141.558387, 40.467508], [141.558514, 40.465869], [141.557465, 40.464885], [141.556857, 40.463955], [141.554728, 40.464213], [141.553247, 40.464594], [141.552908, 40.464485], [141.552322, 40.462881], [141.552311, 40.461594], [141.551977, 40.460772], [141.552007, 40.459763], [141.551734, 40.45886], [141.552696, 40.458096], [141.552473, 40.45712], [141.551795, 40.45639], [141.549606, 40.455866], [141.549805, 40.45497], [141.549451, 40.454592], [141.549236, 40.453434], [141.548266, 40.452753], [141.547943, 40.452244], [141.548004, 40.451539], [141.547739, 40.451317], [141.545313, 40.454427], [141.544948, 40.454411], [141.54063, 40.45291], [141.539599, 40.45291], [141.538241, 40.452572], [141.537675, 40.452926], [141.537677, 40.454009], [141.536305, 40.454986], [141.536257, 40.455716], [141.536795, 40.456668], [141.536412, 40.457316], [141.535234, 40.457649], [141.534246, 40.458662], [141.533471, 40.459917], [141.532568, 40.459712], [141.530605, 40.459606], [141.52738, 40.459249], [141.525979, 40.459747], [141.525172, 40.459352], [141.522928, 40.458769], [141.521774, 40.458219], [141.521027, 40.457489], [141.518771, 40.456841], [141.519162, 40.455007], [141.519798, 40.453161], [141.519615, 40.449198], [141.519774, 40.447061], [141.520432, 40.445132], [141.520699, 40.443685], [141.520882, 40.441736], [141.52128, 40.43921], [141.52126, 40.437298], [141.521494, 40.435917], [141.52135, 40.433941], [141.521101, 40.433155], [141.521204, 40.431478], [141.521134, 40.429349], [141.521767, 40.427698], [141.521783, 40.426832], [141.522146, 40.425606], [141.521984, 40.423807], [141.521625, 40.423115], [141.52133, 40.420851], [141.520878, 40.418577], [141.519761, 40.417293], [141.519221, 40.416469], [141.518933, 40.4153], [141.519123, 40.412815], [141.520004, 40.411661], [141.519757, 40.411452], [141.519027, 40.409721], [141.520004, 40.409307], [141.52008, 40.40873], [141.519796, 40.407423], [141.520205, 40.406424], [141.520045, 40.404436], [141.520338, 40.403453], [141.521046, 40.402447], [141.521759, 40.400304], [141.523131, 40.398077], [141.523634, 40.397108], [141.526702, 40.395396], [141.5292, 40.393396], [141.52934, 40.393036], [141.531313, 40.390948], [141.531731, 40.390329], [141.533755, 40.389036], [141.5345, 40.386816], [141.535697, 40.385762], [141.536655, 40.385209], [141.537675, 40.384289], [141.538071, 40.383541], [141.537839, 40.382644], [141.538486, 40.380583], [141.539533, 40.379763], [141.540446, 40.379466], [141.542529, 40.379526], [141.542798, 40.379297], [141.542101, 40.378598], [141.542997, 40.376761], [141.543047, 40.376297], [141.54362, 40.376046], [141.543788, 40.375294], [141.544452, 40.374706], [141.545176, 40.374401], [141.545709, 40.373686], [141.545193, 40.372746], [141.545235, 40.371739], [141.545475, 40.371115], [141.545165, 40.370913], [141.546511, 40.369533], [141.547545, 40.36885], [141.547921, 40.368338], [141.54824, 40.366903], [141.548909, 40.366318], [141.549925, 40.365824], [141.549903, 40.364372], [141.550707, 40.363081], [141.551566, 40.361292], [141.553699, 40.358658], [141.552877, 40.357637], [141.551527, 40.357274], [141.549997, 40.356532], [141.549239, 40.35563], [141.547713, 40.354811], [141.547514, 40.354044], [141.546782, 40.353175], [141.545681, 40.351418], [141.544804, 40.350956], [141.543659, 40.35134], [141.543073, 40.351291], [141.543294, 40.350263], [141.541415, 40.349266], [141.540261, 40.348769], [141.53903, 40.347973], [141.537201, 40.347384], [141.535785, 40.347369], [141.536032, 40.348733], [141.535088, 40.348821], [141.534412, 40.349139], [141.533857, 40.349709], [141.533368, 40.350734], [141.531678, 40.351449], [141.53016, 40.350402], [141.527587, 40.349908], [141.526346, 40.349965], [141.524781, 40.350614], [141.523992, 40.351397], [141.522143, 40.351501], [141.518172, 40.351836], [141.516695, 40.35291], [141.515154, 40.353502], [141.514437, 40.354376], [141.513273, 40.355312], [141.512114, 40.356749], [141.511262, 40.358215], [141.509782, 40.358852], [141.508926, 40.3596], [141.508493, 40.360625], [141.50768, 40.36142], [141.507794, 40.362424], [141.50721, 40.362929], [141.505884, 40.362685], [141.504264, 40.363684], [141.503641, 40.363753], [141.501895, 40.362891], [141.501299, 40.362796], [141.499356, 40.361965], [141.498949, 40.362122], [141.497629, 40.363462], [141.496904, 40.363705], [141.496735, 40.364951], [141.497052, 40.365931], [141.496434, 40.36741], [141.494875, 40.368123], [141.494497, 40.36847], [141.493322, 40.368983], [141.492013, 40.369775], [141.491077, 40.370691], [141.490345, 40.37115], [141.489117, 40.371522], [141.488028, 40.372258], [141.487469, 40.372265], [141.486466, 40.371814], [141.485319, 40.372033], [141.484892, 40.372472], [141.484641, 40.373384], [141.484044, 40.37379], [141.483778, 40.374355], [141.483085, 40.374917], [141.482373, 40.375112], [141.481074, 40.374885], [141.48062, 40.375418], [141.480467, 40.37613], [141.479597, 40.376413], [141.478111, 40.376371], [141.477383, 40.37599], [141.476769, 40.376007], [141.475853, 40.376497], [141.473003, 40.377092], [141.472427, 40.376714], [141.471192, 40.376364], [141.469961, 40.376751], [141.467656, 40.377068], [141.466808, 40.3774], [141.466082, 40.377375], [141.464871, 40.376822], [141.463036, 40.375061], [141.462063, 40.374837], [141.460667, 40.375117], [141.459904, 40.375108], [141.456427, 40.37463], [141.455006, 40.373327], [141.454309, 40.373001], [141.452504, 40.373355], [141.45137, 40.373408], [141.450758, 40.373625], [141.449591, 40.373657], [141.448258, 40.373511], [141.447425, 40.373963], [141.446127, 40.374018], [141.444988, 40.375069], [141.443362, 40.375844], [141.441603, 40.37604], [141.440517, 40.375291], [141.439516, 40.374267], [141.437726, 40.373521], [141.435484, 40.373892], [141.433954, 40.373717], [141.434089, 40.372366], [141.433477, 40.370992], [141.432442, 40.369569], [141.431792, 40.368087], [141.430818, 40.367715], [141.429631, 40.367741], [141.429343, 40.367528], [141.429187, 40.366527], [141.427417, 40.365005], [141.427146, 40.36439], [141.427201, 40.363593], [141.42695, 40.362886], [141.427288, 40.36181], [141.426587, 40.361684], [141.42578, 40.361054], [141.424817, 40.360846], [141.423606, 40.360873], [141.423, 40.362238], [141.422937, 40.363128], [141.422592, 40.363373], [141.421062, 40.363771], [141.419241, 40.363524], [141.417913, 40.362978], [141.415266, 40.361538], [141.414173, 40.360633], [141.412842, 40.359988], [141.411717, 40.35968], [141.410793, 40.358996], [141.409647, 40.358604], [141.408187, 40.357542], [141.406981, 40.357164], [141.406113, 40.358019], [141.405143, 40.359802], [141.405536, 40.360931], [141.404171, 40.361317], [141.404157, 40.362448], [141.403076, 40.364665], [141.401211, 40.366667], [141.398137, 40.367259], [141.397254, 40.367248], [141.396983, 40.3668], [141.396032, 40.365991], [141.395606, 40.365275], [141.39471, 40.364661], [141.393921, 40.363893], [141.3936, 40.362573], [141.392909, 40.36175], [141.393099, 40.360686], [141.391644, 40.361285], [141.391622, 40.361892], [141.390776, 40.362051], [141.389939, 40.362663], [141.389447, 40.363385], [141.388641, 40.363593], [141.387721, 40.364646], [141.386617, 40.365307], [141.385328, 40.365588], [141.384331, 40.365424], [141.38314, 40.364444], [141.38194, 40.363937], [141.381208, 40.363923], [141.380424, 40.36344], [141.37923, 40.363373], [141.378378, 40.363502], [141.376717, 40.363373], [141.376061, 40.363115], [141.37517, 40.363464], [141.374687, 40.363428], [141.373133, 40.363814], [141.37289, 40.364132], [141.372788, 40.365532], [141.374931, 40.365342], [141.375668, 40.365412], [141.376925, 40.365807], [141.378037, 40.365571], [141.378913, 40.366035], [141.379569, 40.366839], [141.38154, 40.367383], [141.382021, 40.367726], [141.382126, 40.368271], [141.383223, 40.369287], [141.383064, 40.37012], [141.383765, 40.370891], [141.383494, 40.371253], [141.384211, 40.372991], [141.384279, 40.373985], [141.383765, 40.375225], [141.382196, 40.375929], [141.379187, 40.376783], [141.377939, 40.376861], [141.376835, 40.377315], [141.376531, 40.377628], [141.375803, 40.377553], [141.374656, 40.377754], [141.374011, 40.378412], [141.372724, 40.379159], [141.371553, 40.379206], [141.371111, 40.379468], [141.37095, 40.380064], [141.370537, 40.380166], [141.368692, 40.379494], [141.368065, 40.378685], [141.367252, 40.378452], [141.366338, 40.378727], [141.365318, 40.378554], [141.364054, 40.379028], [141.36358, 40.379649], [141.363679, 40.380567], [141.364269, 40.38069], [141.365807, 40.380504], [141.366872, 40.381046], [141.367669, 40.381058], [141.368801, 40.381622], [141.371443, 40.38143], [141.372591, 40.381077], [141.373509, 40.381072], [141.375019, 40.380804], [141.376632, 40.380662], [141.378297, 40.379982], [141.380321, 40.378507], [141.381971, 40.378048], [141.383929, 40.377894], [141.384768, 40.377617], [141.385096, 40.378733], [141.384526, 40.379575], [141.384458, 40.38034], [141.385214, 40.382535], [141.385258, 40.383856], [141.386276, 40.384153], [141.38668, 40.384814], [141.386189, 40.385525], [141.386746, 40.385975], [141.386941, 40.387484], [141.38538, 40.387831], [141.38529, 40.388155], [141.386261, 40.389325], [141.386211, 40.389527], [141.383944, 40.390687], [141.383826, 40.391686], [141.38401, 40.392727], [141.384318, 40.39315], [141.385415, 40.393059], [141.387472, 40.393162], [141.388726, 40.392716], [141.389172, 40.393091], [141.388265, 40.39358], [141.387664, 40.39364], [141.385747, 40.394464], [141.384742, 40.395714], [141.383603, 40.396469], [141.383708, 40.397179], [141.384143, 40.397741], [141.385065, 40.398023], [141.384867, 40.398921], [141.38349, 40.399082], [141.382865, 40.39935], [141.383339, 40.399743], [141.384676, 40.399534], [141.38637, 40.399963], [141.387087, 40.399884], [141.388534, 40.400344], [141.390118, 40.40242], [141.388328, 40.40399], [141.387603, 40.404931], [141.387295, 40.405681], [141.387581, 40.406353], [141.389386, 40.407927], [141.391241, 40.407822], [141.393971, 40.408437], [141.394751, 40.409204], [141.396205, 40.410369], [141.398069, 40.412029], [141.398558, 40.412835], [141.400519, 40.413802], [141.401229, 40.414939], [141.399131, 40.417573], [141.398491, 40.418974], [141.398211, 40.42014], [141.397369, 40.421512], [141.395947, 40.423397], [141.396924, 40.423245], [141.397885, 40.422841], [141.399028, 40.422624], [141.40148, 40.422743], [141.40386, 40.423628], [141.405917, 40.42453], [141.408144, 40.425296], [141.410465, 40.425459], [141.411761, 40.425693], [141.41274, 40.425324], [141.413905, 40.42557], [141.416038, 40.425324], [141.416232, 40.425632], [141.417736, 40.42614], [141.419781, 40.4273], [141.42113, 40.427105], [141.422712, 40.427391], [141.424294, 40.427341], [141.427406, 40.428117], [141.430304, 40.428087], [141.432522, 40.428372], [141.434671, 40.429239], [141.437842, 40.42942], [141.440123, 40.429405], [141.440532, 40.429649], [141.443063, 40.432526], [141.44409, 40.434806], [141.443989, 40.436291], [141.443738, 40.437239], [141.443963, 40.438841], [141.445692, 40.440609], [141.446313, 40.441384], [141.448172, 40.442391], [141.450915, 40.444188], [141.452126, 40.445292], [141.453256, 40.447959], [141.453496, 40.448347], [141.453208, 40.448865], [141.451059, 40.449008], [141.450616, 40.449367], [141.448817, 40.44993], [141.448179, 40.449973], [141.447215, 40.450603], [141.446776, 40.45047], [141.446116, 40.450826], [141.445589, 40.451577], [141.444317, 40.452156], [141.442975, 40.452334], [141.441391, 40.452754], [141.439798, 40.453996], [141.438377, 40.454697], [141.437387, 40.45499], [141.435921, 40.456823], [141.435239, 40.457499], [141.43355, 40.458164], [141.432175, 40.458154], [141.431563, 40.458516], [141.430394, 40.458484], [141.429664, 40.458242], [141.427937, 40.459013], [141.427354, 40.459564], [141.42762, 40.460073], [141.426834, 40.46021], [141.425935, 40.461487], [141.425387, 40.462597], [141.424347, 40.463008], [141.424108, 40.46345], [141.423582, 40.463285], [141.423173, 40.463565], [141.42314, 40.464324], [141.423833, 40.464023], [141.424369, 40.464438], [141.425317, 40.464616], [141.424554, 40.465335], [141.424334, 40.465823], [141.424978, 40.46638], [141.425063, 40.467111], [141.425444, 40.467436], [141.423566, 40.468811], [141.423678, 40.47], [141.422262, 40.470804], [141.422083, 40.472161], [141.422631, 40.472498], [141.41958, 40.475891], [141.418601, 40.476566], [141.418149, 40.476535], [141.417465, 40.475753], [141.416606, 40.474148], [141.415692, 40.47275], [141.414971, 40.47128], [141.414438, 40.470833], [141.413048, 40.4703], [141.411986, 40.470109], [141.41097, 40.470161], [141.409564, 40.470817], [141.408043, 40.472343], [141.408205, 40.47309], [141.40883, 40.474059], [141.408771, 40.475037], [141.408238, 40.475242], [141.407241, 40.475076], [141.404898, 40.473972], [141.404048, 40.474645], [141.401244, 40.473325], [141.400707, 40.473915], [141.400276, 40.475305], [141.399054, 40.475725], [141.398803, 40.476603], [141.398161, 40.477413], [141.397029, 40.47812], [141.394299, 40.479169], [141.393779, 40.479787], [141.393136, 40.480162], [141.393239, 40.481099], [141.393608, 40.481513], [141.393906, 40.483633], [141.391596, 40.487637], [141.390474, 40.487956], [141.388372, 40.488821], [141.38741, 40.48909], [141.385028, 40.489375], [141.384641, 40.490962], [141.383741, 40.491807], [141.381291, 40.493469], [141.381195, 40.49431], [141.38203, 40.495628], [141.382336, 40.497435], [141.382054, 40.498913], [141.382163, 40.500313], [141.381733, 40.501663], [141.381068, 40.502952], [141.381239, 40.504246], [141.380622, 40.504062], [141.378013, 40.502481], [141.377318, 40.502252], [141.376623, 40.501721], [141.375419, 40.500384], [141.374918, 40.500101], [141.374254, 40.500396], [141.373646, 40.499816], [141.371232, 40.498361], [141.370753, 40.498385], [141.369109, 40.497282], [141.368447, 40.495831], [141.366434, 40.495483], [141.365217, 40.4947], [141.363622, 40.494763], [141.364336, 40.495105], [141.365136, 40.495842], [141.366413, 40.4967], [141.367132, 40.498251], [141.366537, 40.499405], [141.365766, 40.499626], [141.364942, 40.499567], [141.363259, 40.499915], [141.362752, 40.500709], [141.362208, 40.501125], [141.360953, 40.502718], [141.359708, 40.502991], [141.358307, 40.504], [141.358001, 40.504521], [141.356744, 40.505893], [141.354869, 40.505408], [141.354484, 40.505806], [141.354725, 40.506201], [141.357452, 40.50865], [141.358407, 40.510383], [141.358368, 40.510864], [141.356611, 40.512679], [141.356281, 40.513272], [141.355828, 40.51502], [141.354897, 40.516355], [141.354762, 40.517066], [141.359306, 40.517885], [141.360588, 40.518235], [141.361526, 40.518678], [141.362999, 40.519615], [141.364669, 40.519819], [141.366347, 40.520158], [141.368876, 40.52043], [141.370993, 40.521816], [141.371817, 40.522138], [141.374304, 40.522496], [141.376337, 40.523352], [141.37704, 40.524193], [141.379145, 40.524061], [141.380594, 40.524325], [141.381671, 40.524268], [141.384635, 40.523882], [141.384515, 40.524599], [141.38484, 40.52545], [141.38559, 40.526565], [141.386978, 40.527495], [141.38922, 40.529661], [141.39106, 40.531282], [141.392765, 40.532515], [141.395962, 40.534083], [141.397413, 40.534726], [141.398637, 40.535426], [141.401559, 40.536768], [141.40266, 40.537189], [141.405054, 40.537765], [141.406942, 40.537846], [141.409265, 40.537269], [141.411636, 40.5375], [141.414645, 40.538828], [141.416499, 40.539273], [141.418518, 40.539448], [141.418343, 40.539835], [141.419777, 40.540483], [141.420795, 40.540738], [141.422194, 40.540624], [141.423324, 40.540284], [141.422391, 40.540809], [141.421256, 40.540922], [141.421278, 40.541328], [141.42019, 40.540819], [141.419805, 40.540931], [141.418018, 40.540246], [141.417563, 40.540671], [141.415828, 40.541697], [141.413911, 40.542397], [141.414366, 40.543143], [141.416433, 40.543696], [141.41659, 40.543999], [141.41545, 40.543653], [141.413841, 40.543375], [141.41319, 40.543786], [141.41234, 40.544688], [141.411385, 40.545312], [141.410441, 40.546692], [141.410679, 40.547179], [141.412606, 40.548591], [141.413131, 40.549323], [141.413666, 40.549556], [141.414254, 40.549437], [141.414442, 40.548355], [141.415793, 40.547618], [141.415782, 40.547013], [141.416335, 40.54707], [141.415786, 40.547948], [141.415996, 40.548497], [141.416964, 40.547967], [141.417493, 40.547416], [141.417615, 40.546654], [141.418053, 40.547203], [141.417423, 40.548143], [141.415786, 40.549324], [141.415478, 40.550297], [141.417191, 40.551167], [141.418525, 40.550591], [141.418413, 40.551379], [141.417703, 40.551999], [141.41849, 40.553284], [141.418809, 40.552788], [141.420522, 40.551502], [141.420948, 40.549952], [141.421383, 40.54913], [141.420859, 40.548591], [141.421763, 40.5488], [141.422653, 40.548398], [141.423208, 40.547859], [141.423365, 40.547032], [141.422834, 40.545642], [141.421407, 40.544604], [141.421984, 40.544481], [141.423055, 40.545468], [141.42401, 40.546867], [141.423842, 40.547382], [141.424366, 40.547939], [141.422992, 40.549603], [141.424412, 40.55137], [141.424285, 40.551724], [141.423608, 40.551975], [141.422107, 40.551952], [141.421337, 40.552566], [141.419847, 40.554092], [141.419707, 40.555089], [141.419904, 40.55587], [141.419696, 40.557239], [141.420022, 40.557812], [141.42097, 40.556469], [141.421838, 40.555618], [141.423317, 40.554536], [141.424768, 40.554234], [141.425221, 40.55362], [141.42528, 40.554324], [141.426351, 40.554059], [141.426661, 40.554215], [141.425758, 40.55449], [141.424657, 40.554546], [141.423538, 40.554919], [141.422037, 40.556256], [141.422356, 40.556729], [141.423636, 40.556682], [141.422386, 40.557078], [141.421466, 40.558004], [141.421606, 40.558658], [141.422432, 40.559272], [141.422926, 40.56034], [141.423114, 40.561526], [141.42351, 40.56231], [141.423422, 40.562674], [141.422821, 40.562759], [141.423114, 40.563511], [141.420492, 40.572465], [141.420295, 40.57299], [141.418896, 40.572956], [141.418315, 40.573759], [141.416503, 40.573268], [141.415996, 40.574081], [141.417465, 40.574512], [141.417843, 40.575059], [141.416794, 40.574407], [141.416077, 40.574237], [141.414825, 40.574439], [141.414285, 40.574312], [141.413841, 40.57375], [141.413225, 40.573571], [141.41196, 40.572758], [141.411477, 40.572706], [141.411, 40.573845], [141.411483, 40.574123], [141.411354, 40.574562], [141.410738, 40.574388], [141.409601, 40.57443], [141.410434, 40.573684], [141.409713, 40.573494], [141.409311, 40.573991], [141.408681, 40.57349], [141.409066, 40.572833], [141.408517, 40.572058], [141.408244, 40.572408], [141.406905, 40.573216], [141.407027, 40.573825], [141.407709, 40.574525], [141.407324, 40.575918], [141.406533, 40.577119], [141.40666, 40.57814], [141.409678, 40.579255], [141.409969, 40.57944], [141.411295, 40.581047], [141.411599, 40.580947], [141.411726, 40.582079], [141.411518, 40.583204], [141.411783, 40.583688], [141.412606, 40.58373], [141.413745, 40.583372], [141.414235, 40.583948], [141.4151, 40.583922], [141.415266, 40.583135], [141.415581, 40.582983], [141.416005, 40.583644], [141.415762, 40.584278], [141.416612, 40.584632], [141.417283, 40.584456], [141.417948, 40.583822], [141.417733, 40.584594], [141.418734, 40.584778], [141.418879, 40.585234], [141.419569, 40.584866], [141.419757, 40.585475], [141.420304, 40.585028], [141.420363, 40.586113], [141.420752, 40.586199], [141.421167, 40.585302], [141.421785, 40.585288], [141.421728, 40.586041], [141.422515, 40.586187], [141.422852, 40.586678], [141.424167, 40.587018], [141.424447, 40.587384], [141.423853, 40.588318], [141.424106, 40.589081], [141.424747, 40.589826], [141.425011, 40.591867], [141.428785, 40.591329], [141.430822, 40.591888], [141.432557, 40.592737], [141.434221, 40.593921], [141.435739, 40.594665], [141.440043, 40.595887], [141.443032, 40.59662], [141.445565, 40.596582], [141.447143, 40.596718], [141.448096, 40.5971], [141.449374, 40.597892], [141.451628, 40.599866], [141.452615, 40.600345], [141.45479, 40.600629], [141.456831, 40.600272], [141.459178, 40.59968], [141.460247, 40.599711], [141.461331, 40.600219], [141.462511, 40.601462], [141.462994, 40.603467], [141.463685, 40.603579], [141.464537, 40.601879], [141.465457, 40.601611], [141.465861, 40.600862], [141.46693, 40.597841], [141.467741, 40.59608], [141.468062, 40.594882], [141.468394, 40.594457], [141.468613, 40.59345], [141.469275, 40.592054], [141.469258, 40.591681], [141.469972, 40.590532], [141.470114, 40.589361], [141.470667, 40.588386], [141.471753, 40.58723], [141.472824, 40.586477], [141.473836, 40.586789], [141.474691, 40.585423], [141.476784, 40.586092], [141.476752, 40.585834], [141.475783, 40.585488], [141.477309, 40.582858], [141.479402, 40.579394], [141.477169, 40.578611], [141.4772, 40.578344], [141.479166, 40.574595], [141.481922, 40.569779], [141.482357, 40.568866], [141.488944, 40.571208], [141.491934, 40.566296], [141.503622, 40.559414], [141.521107, 40.555425], [141.527723, 40.558635], [141.527784, 40.558572], [141.521057, 40.555293], [141.516667, 40.556278], [141.503534, 40.559288], [141.500136, 40.561288], [141.500175, 40.561325], [141.491866, 40.566209], [141.49116, 40.565916], [141.491988, 40.56474], [141.483518, 40.5613], [141.484086, 40.560497], [141.48512, 40.560921], [141.485745, 40.560107], [141.485273, 40.559914], [141.48536, 40.559503], [141.485989, 40.559766], [141.486464, 40.559101], [141.486009, 40.558913], [141.487491, 40.556788], [141.492843, 40.558985], [141.493407, 40.558186], [141.500125, 40.556773], [141.501294, 40.555198], [141.496871, 40.553298], [141.498328, 40.551335], [141.501598, 40.552751], [141.504904, 40.552725], [141.506126, 40.551085], [141.500368, 40.548596], [141.501821, 40.546637], [141.505829, 40.548366], [141.506034, 40.548172], [141.507551, 40.549108], [141.509979, 40.54585], [141.512285, 40.54678], [141.514527, 40.552487], [141.514621, 40.552466], [141.512368, 40.546722], [141.502852, 40.542939], [141.503058, 40.541899], [141.504529, 40.540385], [141.505276, 40.540123], [141.510445, 40.542178], [141.514346, 40.543075], [141.517442, 40.540596], [141.515082, 40.538894], [141.516168, 40.538349], [141.518719, 40.536364], [141.518483, 40.536115], [141.5235, 40.532161], [141.524257, 40.532885], [141.524508, 40.532707], [141.52533, 40.533225], [141.522454, 40.531033], [141.523734, 40.530095], [141.5255, 40.531277], [141.523809, 40.52997], [141.52432, 40.529586], [141.526383, 40.530705], [141.527963, 40.531444], [141.531167, 40.531563], [141.531167, 40.531477], [141.534474, 40.531546], [141.5345, 40.530831], [141.533073, 40.530783], [141.531154, 40.531234], [141.528127, 40.531167], [141.527799, 40.530257], [141.530708, 40.529609], [141.530653, 40.529474], [141.527753, 40.53013], [141.527218, 40.528813], [141.534563, 40.527182], [141.536021, 40.531005], [141.537205, 40.531528], [141.538952, 40.531796], [141.539185, 40.530906], [141.536521, 40.530504], [141.536954, 40.527257], [141.540304, 40.527518], [141.540451, 40.527433], [141.543661, 40.527619], [141.543349, 40.528351], [141.542988, 40.53099], [141.545195, 40.531163], [141.545414, 40.529554], [141.548941, 40.529855], [141.54923, 40.529823], [141.550399, 40.533476], [141.551946, 40.533593], [141.550784, 40.529956], [141.552292, 40.529463], [141.553435, 40.53063], [141.553942, 40.531519], [141.555561, 40.535099], [141.556101, 40.53606], [141.55751, 40.535677], [141.558492, 40.53681], [141.557541, 40.537526], [141.556239, 40.537092], [141.555937, 40.537621], [141.55668, 40.537657], [141.556531, 40.538463], [141.557034, 40.539369], [141.558452, 40.539914], [141.558153, 40.539076], [141.558315, 40.53848], [141.559202, 40.538155], [141.56045, 40.538261], [141.561728, 40.539171], [141.56267, 40.540999], [141.563037, 40.540529], [141.563708, 40.540357], [141.564858, 40.540896], [141.564733, 40.541193], [141.565697, 40.541535], [141.565063, 40.542565], [141.563693, 40.542189], [141.566093, 40.543], [141.566814, 40.542651], [141.56769, 40.542878], [141.568206, 40.54251], [141.569198, 40.54288], [141.569445, 40.542439], [141.569992, 40.542485], [141.56976, 40.542963], [141.570673, 40.542567], [141.571301, 40.542585], [141.571965, 40.542057], [141.572319, 40.542323], [141.572887, 40.541782], [141.573755, 40.542651], [141.575857, 40.542791], [141.575934, 40.543106], [141.576603, 40.54235], [141.576159, 40.541628], [141.576729, 40.541379], [141.577197, 40.540789], [141.577466, 40.54126], [141.578423, 40.540492], [141.578808, 40.540426], [141.579024, 40.539827], [141.580329, 40.539823], [141.581636, 40.53942], [141.581345, 40.538859], [141.580794, 40.538771], [141.582258, 40.538325], [141.581408, 40.538283], [141.581273, 40.537676], [141.582414, 40.537831], [141.582134, 40.537609], [141.580844, 40.537316], [141.579892, 40.536708], [141.579691, 40.535723], [141.580554, 40.535028], [141.58006, 40.534754], [141.580549, 40.534045], [141.581137, 40.533891], [141.58183, 40.534158], [141.583373, 40.533994], [141.582274, 40.533328], [141.582232, 40.532442], [141.581869, 40.531766], [141.582514, 40.531833], [141.582508, 40.531496], [141.581891, 40.531493], [141.581804, 40.530816], [141.582776, 40.529078], [141.58534, 40.525331], [141.585954, 40.524331], [141.587766, 40.52218], [141.588911, 40.521409], [141.590664, 40.519731], [141.591743, 40.518977], [141.593, 40.518786], [141.593566, 40.518937], [141.594342, 40.519724], [141.5943, 40.519336], [141.594978, 40.519514], [141.595006, 40.520238], [141.595271, 40.519665], [141.595826, 40.519499], [141.597622, 40.520475], [141.597913, 40.520208], [141.597168, 40.519593], [141.597624, 40.519304], [141.598905, 40.520127], [141.598999, 40.518793], [141.600035, 40.518948], [141.599279, 40.51836], [141.599043, 40.517446], [141.60075, 40.51705], [141.601412, 40.517089], [141.601235, 40.516418], [141.601844, 40.516102], [141.602367, 40.51645], [141.602791, 40.516015], [141.604417, 40.516003], [141.606121, 40.514985], [141.606491, 40.515166], [141.607022, 40.514867], [141.607441, 40.514182], [141.607645, 40.514409], [141.608615, 40.513958], [141.608261, 40.513601], [141.610147, 40.512742], [141.610031, 40.511652], [141.610918, 40.511909], [141.611165, 40.511429], [141.61065, 40.510987], [141.611471, 40.510666], [141.610534, 40.509833], [141.61042, 40.508958], [141.61112, 40.508717], [141.611358, 40.508037], [141.610864, 40.507841], [141.610698, 40.507183], [141.611141, 40.5063], [141.612741, 40.505233], [141.614153, 40.504886], [141.615049, 40.504228], [141.617337, 40.50515], [141.616649, 40.506136], [141.616797, 40.50625], [141.617521, 40.505044], [141.617964, 40.505161], [141.618248, 40.504663], [141.618889, 40.504383], [141.618692, 40.504926], [141.619162, 40.505432], [141.619652, 40.505412], [141.621092, 40.505815], [141.621804, 40.505492], [141.619909, 40.504774], [141.619234, 40.504378], [141.619114, 40.503894], [141.620159, 40.503595], [141.620897, 40.502624], [141.621295, 40.502877], [141.621577, 40.502295], [141.621111, 40.502168], [141.621485, 40.501448], [141.620989, 40.500262], [141.620965, 40.499781], [141.621756, 40.498661], [141.622342, 40.498367], [141.623026, 40.498526], [141.623013, 40.498186], [141.624081, 40.498217], [141.624248, 40.497629], [141.625183, 40.497539], [141.624991, 40.497043], [141.625705, 40.49712], [141.625581, 40.496467], [141.62623, 40.496406], [141.626479, 40.495857], [141.627187, 40.495577], [141.627486, 40.495783], [141.627893, 40.495331], [141.628811, 40.495137], [141.629224, 40.495553], [141.631116, 40.494528], [141.631376, 40.494029], [141.632526, 40.494332], [141.632251, 40.494943], [141.631899, 40.494953], [141.63156, 40.49608], [141.63017, 40.497321], [141.632178, 40.495732], [141.632766, 40.495627], [141.632519, 40.495174], [141.632898, 40.494344], [141.632653, 40.494041], [141.631564, 40.493753], [141.631809, 40.493093], [141.631011, 40.493037], [141.630646, 40.492523], [141.630209, 40.491163], [141.630282, 40.490445], [141.630642, 40.489787], [141.631689, 40.489312], [141.632447, 40.489207], [141.633505, 40.48864], [141.634183, 40.488086], [141.634226, 40.487637], [141.633641, 40.487348], [141.63385, 40.48703], [141.633219, 40.486448], [141.633584, 40.485772], [141.633262, 40.485244], [141.633564, 40.484228], [141.634368, 40.483218], [141.635218, 40.482538], [141.637233, 40.482045], [141.637059, 40.48131], [141.637297, 40.480625], [141.638525, 40.479916], [141.639675, 40.479791], [141.640203, 40.479311], [141.641001, 40.479514], [141.642157, 40.479152], [141.642756, 40.47846], [141.643523, 40.478324], [141.643434, 40.478], [141.644196, 40.477565], [141.643298, 40.476981], [141.643903, 40.476633], [141.644406, 40.477136], [141.645272, 40.477069], [141.645191, 40.47635], [141.64603, 40.475908], [141.646043, 40.475499], [141.646581, 40.475518], [141.646039, 40.474978], [141.646524, 40.474702]]]]}}, {"type": "Feature", "properties": {"OBJECTID": 278, "N03_001": "青森県", "N03_002": null, "N03_003": null, "N03_004": "黒石市", "N03_007": "02204", "Shape_Leng": 0.876584001624446, "Shape_Area": 0.023098721140995, "id": "gci:02204A1968", "code": "02204", "name": "黒石市"}, "geometry": {"type": "MultiPolygon", "coordinates": [[[[140.844267, 40.605921], [140.843786, 40.605002], [140.842646, 40.603382], [140.842344, 40.603196], [140.841092, 40.603258], [140.839864, 40.602645], [140.835641, 40.601516], [140.834171, 40.600036], [140.833421, 40.599569], [140.832335, 40.599461], [140.831544, 40.599018], [140.830315, 40.598613], [140.829485, 40.598727], [140.828746, 40.598502], [140.826253, 40.59809], [140.825337, 40.598038], [140.825013, 40.597573], [140.823923, 40.59472], [140.820916, 40.588446], [140.819812, 40.587084], [140.818999, 40.584962], [140.817214, 40.581595], [140.815852, 40.579536], [140.815105, 40.577834], [140.814512, 40.575946], [140.813273, 40.574451], [140.812587, 40.573421], [140.811523, 40.572504], [140.809702, 40.571946], [140.808328, 40.571714], [140.806328, 40.571847], [140.805841, 40.571171], [140.804997, 40.570712], [140.804486, 40.570083], [140.803736, 40.569773], [140.803323, 40.56913], [140.802696, 40.568779], [140.80157, 40.568944], [140.800779, 40.568739], [140.798895, 40.568554], [140.798058, 40.568122], [140.797422, 40.567482], [140.796196, 40.56791], [140.794629, 40.568084], [140.791961, 40.567631], [140.790575, 40.566682], [140.789078, 40.566268], [140.78712, 40.567008], [140.786045, 40.567556], [140.784723, 40.567711], [140.783521, 40.567307], [140.781807, 40.567182], [140.781127, 40.566807], [140.779904, 40.566818], [140.779265, 40.566457], [140.777397, 40.566388], [140.775729, 40.566524], [140.775268, 40.566834], [140.774549, 40.568249], [140.773078, 40.568669], [140.769645, 40.569298], [140.768255, 40.569711], [140.767551, 40.570143], [140.766135, 40.568946], [140.764863, 40.568735], [140.762962, 40.568054], [140.761968, 40.567285], [140.759642, 40.565875], [140.759127, 40.564952], [140.758314, 40.564367], [140.757286, 40.563333], [140.756605, 40.562895], [140.755971, 40.561953], [140.75526, 40.561305], [140.754218, 40.560944], [140.752542, 40.559702], [140.752529, 40.55908], [140.753276, 40.557022], [140.754061, 40.556287], [140.755077, 40.555646], [140.75646, 40.554039], [140.755634, 40.553104], [140.755848, 40.552104], [140.755534, 40.551395], [140.755466, 40.550198], [140.754941, 40.548905], [140.754797, 40.548135], [140.753947, 40.54683], [140.753219, 40.546309], [140.751766, 40.54595], [140.749718, 40.545815], [140.748971, 40.544699], [140.747821, 40.542003], [140.747664, 40.539588], [140.746558, 40.537268], [140.745712, 40.537087], [140.744797, 40.536621], [140.741864, 40.535814], [140.7405, 40.53587], [140.739407, 40.536612], [140.738907, 40.536739], [140.737615, 40.536518], [140.735856, 40.53573], [140.735047, 40.535537], [140.733952, 40.535002], [140.732871, 40.534747], [140.732145, 40.535031], [140.731076, 40.535098], [140.730224, 40.535518], [140.729109, 40.535328], [140.726887, 40.535447], [140.725777, 40.5359], [140.723467, 40.535601], [140.719719, 40.53619], [140.718807, 40.536866], [140.717039, 40.536507], [140.716296, 40.536634], [140.715831, 40.537012], [140.714631, 40.537193], [140.712939, 40.537242], [140.712327, 40.537099], [140.711368, 40.537495], [140.709917, 40.537494], [140.70807, 40.538669], [140.706542, 40.539396], [140.706177, 40.539906], [140.704938, 40.540317], [140.703054, 40.541377], [140.703063, 40.542584], [140.702394, 40.543404], [140.701074, 40.544171], [140.698878, 40.544206], [140.69793, 40.54477], [140.695268, 40.54521], [140.694684, 40.545782], [140.694306, 40.546735], [140.692951, 40.548535], [140.692097, 40.5492], [140.68978, 40.550615], [140.690014, 40.551196], [140.690781, 40.55145], [140.693071, 40.551783], [140.69334, 40.552711], [140.692713, 40.554053], [140.692558, 40.556603], [140.692055, 40.557195], [140.690066, 40.557423], [140.689026, 40.557889], [140.688069, 40.558754], [140.686688, 40.559371], [140.6857, 40.560133], [140.684749, 40.562136], [140.684719, 40.563505], [140.685894, 40.566617], [140.685488, 40.567297], [140.682758, 40.568225], [140.682419, 40.569682], [140.681661, 40.570421], [140.68037, 40.570125], [140.679471, 40.56963], [140.679703, 40.568854], [140.678733, 40.568472], [140.678553, 40.568023], [140.677089, 40.567206], [140.675334, 40.567254], [140.673848, 40.566668], [140.673168, 40.566166], [140.672987, 40.565164], [140.672694, 40.564659], [140.671534, 40.564619], [140.671031, 40.564195], [140.670587, 40.562943], [140.669582, 40.560573], [140.669117, 40.560323], [140.667985, 40.560368], [140.667058, 40.559328], [140.666702, 40.558348], [140.665878, 40.558277], [140.665307, 40.558496], [140.664953, 40.559014], [140.663782, 40.559329], [140.662954, 40.560431], [140.662453, 40.560333], [140.660115, 40.558719], [140.659665, 40.558601], [140.658731, 40.558817], [140.657429, 40.558291], [140.656159, 40.558047], [140.654675, 40.558624], [140.654218, 40.559246], [140.65419, 40.559981], [140.652437, 40.561073], [140.651935, 40.561869], [140.65212, 40.563693], [140.6512, 40.56573], [140.653115, 40.567495], [140.653596, 40.568262], [140.654135, 40.569846], [140.655232, 40.570743], [140.65655, 40.571394], [140.656874, 40.572164], [140.656507, 40.57347], [140.656946, 40.574707], [140.65685, 40.57575], [140.657411, 40.577235], [140.658867, 40.578289], [140.659468, 40.578483], [140.65973, 40.579219], [140.659638, 40.579914], [140.659846, 40.581295], [140.659538, 40.582036], [140.658563, 40.582493], [140.657446, 40.582577], [140.656821, 40.584632], [140.655777, 40.586702], [140.656371, 40.588438], [140.655296, 40.589347], [140.654321, 40.589437], [140.653663, 40.589709], [140.653506, 40.59013], [140.652603, 40.590767], [140.65143, 40.592293], [140.651616, 40.593106], [140.651543, 40.594155], [140.650239, 40.593743], [140.649434, 40.593834], [140.648672, 40.594405], [140.646932, 40.594425], [140.645807, 40.594883], [140.645437, 40.595796], [140.644884, 40.596197], [140.644541, 40.597041], [140.643348, 40.597829], [140.642242, 40.597899], [140.642045, 40.598621], [140.641412, 40.598963], [140.640846, 40.599645], [140.640048, 40.600102], [140.639246, 40.601266], [140.638026, 40.601793], [140.636064, 40.601673], [140.63418, 40.601773], [140.63194, 40.602867], [140.629984, 40.602803], [140.628496, 40.602602], [140.626389, 40.603224], [140.624719, 40.605585], [140.624179, 40.606821], [140.623209, 40.607766], [140.622849, 40.608795], [140.622095, 40.609599], [140.6215, 40.609965], [140.620624, 40.609947], [140.618762, 40.61075], [140.618344, 40.611119], [140.617053, 40.611318], [140.615859, 40.611179], [140.61511, 40.611282], [140.613925, 40.611764], [140.612162, 40.611918], [140.61106, 40.611813], [140.610083, 40.611493], [140.609356, 40.612141], [140.60807, 40.612126], [140.607749, 40.611934], [140.606814, 40.612308], [140.607334, 40.613684], [140.60806, 40.61404], [140.60776, 40.614445], [140.608886, 40.615088], [140.609517, 40.6157], [140.610673, 40.616048], [140.611377, 40.617135], [140.608357, 40.617096], [140.608387, 40.616312], [140.604209, 40.616205], [140.603492, 40.616278], [140.603413, 40.617842], [140.602082, 40.61786], [140.60212, 40.618594], [140.60118, 40.618647], [140.602021, 40.619392], [140.598686, 40.619321], [140.598524, 40.62218], [140.595174, 40.622115], [140.595172, 40.622529], [140.591868, 40.622471], [140.591603, 40.627456], [140.589245, 40.62737], [140.589142, 40.629829], [140.587055, 40.629785], [140.587031, 40.629881], [140.582894, 40.630047], [140.583012, 40.631182], [140.582077, 40.630955], [140.58094, 40.631063], [140.581465, 40.634088], [140.581714, 40.634971], [140.581364, 40.635317], [140.579837, 40.636043], [140.579332, 40.636126], [140.578482, 40.636679], [140.577365, 40.637042], [140.575953, 40.636806], [140.575346, 40.636887], [140.57457, 40.637508], [140.573556, 40.637616], [140.572452, 40.639561], [140.573066, 40.639634], [140.573248, 40.640842], [140.573564, 40.640998], [140.575346, 40.643378], [140.575713, 40.644026], [140.57573, 40.644759], [140.576585, 40.644849], [140.575225, 40.645682], [140.573228, 40.647155], [140.574756, 40.649338], [140.574544, 40.649847], [140.57384, 40.650443], [140.574168, 40.650985], [140.573958, 40.651499], [140.572352, 40.651654], [140.57186, 40.651513], [140.571093, 40.651804], [140.569875, 40.65264], [140.568547, 40.653293], [140.567554, 40.653517], [140.566774, 40.654252], [140.566779, 40.655517], [140.566224, 40.655743], [140.56581, 40.656674], [140.565817, 40.658323], [140.565402, 40.659645], [140.564838, 40.66028], [140.567447, 40.661888], [140.569377, 40.660086], [140.570592, 40.660682], [140.572931, 40.658524], [140.573171, 40.658453], [140.576001, 40.660183], [140.573615, 40.662399], [140.574391, 40.663001], [140.57207, 40.665126], [140.568241, 40.668743], [140.568691, 40.669244], [140.569856, 40.669346], [140.57097, 40.670738], [140.570487, 40.671256], [140.571327, 40.672585], [140.57203, 40.672326], [140.575295, 40.677625], [140.576556, 40.677182], [140.576618, 40.679891], [140.578375, 40.679916], [140.57816, 40.68112], [140.578248, 40.681688], [140.577835, 40.684029], [140.577935, 40.684865], [140.579022, 40.685074], [140.578246, 40.687317], [140.579987, 40.687547], [140.580921, 40.688065], [140.581655, 40.688802], [140.58176, 40.689278], [140.58233, 40.689479], [140.583537, 40.689453], [140.58582, 40.689579], [140.587748, 40.69029], [140.592429, 40.6908], [140.59256, 40.691493], [140.594637, 40.691418], [140.596413, 40.691753], [140.596601, 40.691401], [140.598155, 40.691703], [140.598516, 40.692104], [140.602902, 40.691887], [140.602825, 40.690741], [140.606744, 40.69055], [140.606683, 40.689713], [140.613034, 40.689437], [140.612957, 40.688384], [140.615438, 40.688285], [140.615383, 40.687432], [140.618178, 40.687248], [140.61877, 40.688], [140.61921, 40.688118], [140.620416, 40.687632], [140.622879, 40.687522], [140.624053, 40.687688], [140.625349, 40.688207], [140.626262, 40.688395], [140.628393, 40.688551], [140.630316, 40.689237], [140.631715, 40.688914], [140.632261, 40.688977], [140.633747, 40.690016], [140.634403, 40.68985], [140.635577, 40.688562], [140.636272, 40.68799], [140.636532, 40.686671], [140.636129, 40.685674], [140.636053, 40.683669], [140.637008, 40.682546], [140.637425, 40.681269], [140.638564, 40.679907], [140.638686, 40.679325], [140.640011, 40.678422], [140.640837, 40.677071], [140.641792, 40.676375], [140.64332, 40.675928], [140.645018, 40.674931], [140.646438, 40.673424], [140.647201, 40.67302], [140.648587, 40.671887], [140.652217, 40.670142], [140.653283, 40.669348], [140.653504, 40.668504], [140.655086, 40.667378], [140.656896, 40.665864], [140.65685, 40.665494], [140.657737, 40.664391], [140.658283, 40.663265], [140.6586, 40.662168], [140.659457, 40.661807], [140.659754, 40.661379], [140.661024, 40.660929], [140.661511, 40.660085], [140.662803, 40.659133], [140.66527, 40.657795], [140.668203, 40.656674], [140.669259, 40.656513], [140.670839, 40.656646], [140.673217, 40.657603], [140.676991, 40.658374], [140.679812, 40.658239], [140.681327, 40.65891], [140.681843, 40.658831], [140.682833, 40.659089], [140.68431, 40.659258], [140.688469, 40.659096], [140.688853, 40.658803], [140.690565, 40.658239], [140.691231, 40.658318], [140.692514, 40.659614], [140.69338, 40.659596], [140.693882, 40.659946], [140.695462, 40.660519], [140.696896, 40.659574], [140.69812, 40.659438], [140.700537, 40.657768], [140.701394, 40.656878], [140.701807, 40.656844], [140.702906, 40.657435], [140.703822, 40.658651], [140.7042, 40.660132], [140.705041, 40.661425], [140.705542, 40.661763], [140.707168, 40.661718], [140.708385, 40.662006], [140.709331, 40.661319], [140.710247, 40.661229], [140.711488, 40.66196], [140.713468, 40.661983], [140.714943, 40.662129], [140.715669, 40.661904], [140.716244, 40.662185], [140.716917, 40.663655], [140.718882, 40.66344], [140.720077, 40.664442], [140.721716, 40.664206], [140.723246, 40.665843], [140.723821, 40.665978], [140.724929, 40.665697], [140.726745, 40.665776], [140.728489, 40.666384], [140.729684, 40.666282], [140.729981, 40.665123], [140.731177, 40.664527], [140.732027, 40.663621], [140.731863, 40.662799], [140.733399, 40.662337], [140.73569, 40.662292], [140.736783, 40.661763], [140.738505, 40.661296], [140.740513, 40.661049], [140.741503, 40.661352], [140.743673, 40.661522], [140.745225, 40.662107], [140.746488, 40.662051], [140.748354, 40.663003], [140.750039, 40.663138], [140.751733, 40.663025], [140.752922, 40.662633], [140.754155, 40.662518], [140.758119, 40.661569], [140.760191, 40.661276], [140.760945, 40.660925], [140.761972, 40.662172], [140.762149, 40.664159], [140.762953, 40.665199], [140.764074, 40.666046], [140.766402, 40.665939], [140.766756, 40.66555], [140.767919, 40.665002], [140.768581, 40.664035], [140.769232, 40.663903], [140.770777, 40.662095], [140.771291, 40.661099], [140.77246, 40.660421], [140.772897, 40.659104], [140.7739, 40.658354], [140.774733, 40.657486], [140.775651, 40.655774], [140.777637, 40.655157], [140.779532, 40.65526], [140.780201, 40.655165], [140.78083, 40.654679], [140.781541, 40.653587], [140.783339, 40.652161], [140.783805, 40.651058], [140.784342, 40.650515], [140.7862, 40.649263], [140.788079, 40.64865], [140.78903, 40.648735], [140.791213, 40.648471], [140.79348, 40.647506], [140.794915, 40.64746], [140.796624, 40.647973], [140.797566, 40.648095], [140.798491, 40.647569], [140.800338, 40.646766], [140.802289, 40.646648], [140.804739, 40.64587], [140.805873, 40.645245], [140.8072, 40.643891], [140.80838, 40.642874], [140.810819, 40.641296], [140.81158, 40.640998], [140.813168, 40.638595], [140.815245, 40.63662], [140.817312, 40.63441], [140.818665, 40.633226], [140.82066, 40.630997], [140.822546, 40.628622], [140.823108, 40.627333], [140.824043, 40.626706], [140.824786, 40.625445], [140.826058, 40.624277], [140.827855, 40.623776], [140.827999, 40.623299], [140.827966, 40.621671], [140.827815, 40.620441], [140.828748, 40.620457], [140.830602, 40.620093], [140.831288, 40.62011], [140.832123, 40.619346], [140.833012, 40.619022], [140.833368, 40.618187], [140.833871, 40.617623], [140.836074, 40.616455], [140.836905, 40.615004], [140.838161, 40.613694], [140.839392, 40.613719], [140.840314, 40.613224], [140.841136, 40.613134], [140.842058, 40.612477], [140.84385, 40.612129], [140.843249, 40.611429], [140.843435, 40.611124], [140.844191, 40.610994], [140.844311, 40.610512], [140.843572, 40.609531], [140.844621, 40.608873], [140.845043, 40.607606], [140.844267, 40.605921]]]]}}, {"type": "Feature", "properties": {"N03_001": "青森県", "N03_002": null, "N03_003": null, "N03_004": "五所川原市", "N03_007": "02205", "id": "gci:02205A1968", "code": "02205", "name": "五所川原市"}, "geometry": {"type": "MultiPolygon", "coordinates": [[[[140.553596, 40.969264], [140.553456, 40.967224], [140.553485, 40.96591], [140.553268, 40.965067], [140.553404, 40.964447], [140.553227, 40.963245], [140.552899, 40.962516], [140.552772, 40.961362], [140.553948, 40.96067], [140.556638, 40.959875], [140.555926, 40.957075], [140.555021, 40.956262], [140.55506, 40.955892], [140.555685, 40.955375], [140.558671, 40.954142], [140.559816, 40.954106], [140.560504, 40.953742], [140.562194, 40.953238], [140.562873, 40.952388], [140.563258, 40.95101], [140.565391, 40.949744], [140.56642, 40.948598], [140.566516, 40.948126], [140.565273, 40.947327], [140.565343, 40.946817], [140.566481, 40.945378], [140.566722, 40.944546], [140.567233, 40.944164], [140.568658, 40.943666], [140.571171, 40.94219], [140.5725, 40.941881], [140.573501, 40.941474], [140.574174, 40.940988], [140.574965, 40.939937], [140.576119, 40.939465], [140.577063, 40.939592], [140.578292, 40.940092], [140.579933, 40.940317], [140.581006, 40.939437], [140.581849, 40.939113], [140.582658, 40.938225], [140.582778, 40.937564], [140.582225, 40.936926], [140.582291, 40.936252], [140.582923, 40.935651], [140.583764, 40.935451], [140.585525, 40.93559], [140.586859, 40.935314], [140.587726, 40.934206], [140.58751, 40.933205], [140.587687, 40.932791], [140.586494, 40.931656], [140.586837, 40.930654], [140.585541, 40.929155], [140.58428, 40.928192], [140.582912, 40.927767], [140.582759, 40.925969], [140.583663, 40.925131], [140.58527, 40.924636], [140.585309, 40.92369], [140.58605, 40.922605], [140.584972, 40.921516], [140.583899, 40.920745], [140.583773, 40.919888], [140.582509, 40.91821], [140.582376, 40.91729], [140.582485, 40.916518], [140.582855, 40.916031], [140.583517, 40.91401], [140.583294, 40.913725], [140.581817, 40.913678], [140.58091, 40.912843], [140.579535, 40.912373], [140.578709, 40.911767], [140.580331, 40.910301], [140.58004, 40.908509], [140.579465, 40.907085], [140.57848, 40.906731], [140.577975, 40.906001], [140.576694, 40.905329], [140.576259, 40.904856], [140.575005, 40.90431], [140.574771, 40.903257], [140.574264, 40.902613], [140.573761, 40.901015], [140.574675, 40.899465], [140.574578, 40.898137], [140.57526, 40.897053], [140.576919, 40.896966], [140.577562, 40.896745], [140.578038, 40.895601], [140.579054, 40.895151], [140.58013, 40.893974], [140.584229, 40.894333], [140.583799, 40.893551], [140.583563, 40.892463], [140.584229, 40.892076], [140.584839, 40.891387], [140.585355, 40.890142], [140.585178, 40.889659], [140.586419, 40.888097], [140.585965, 40.886894], [140.585984, 40.886269], [140.586946, 40.885744], [140.587385, 40.885125], [140.58989, 40.883304], [140.589859, 40.881701], [140.589558, 40.881196], [140.587757, 40.879997], [140.58737, 40.879455], [140.587455, 40.878838], [140.58878, 40.878562], [140.589094, 40.877547], [140.588961, 40.876706], [140.590749, 40.875874], [140.590982, 40.875516], [140.590596, 40.87507], [140.590714, 40.874468], [140.591426, 40.873706], [140.591559, 40.872671], [140.591063, 40.871789], [140.591638, 40.870879], [140.591028, 40.870218], [140.589912, 40.869846], [140.590032, 40.869395], [140.591437, 40.868991], [140.592101, 40.868605], [140.592086, 40.867438], [140.591251, 40.866919], [140.591184, 40.86586], [140.591745, 40.864839], [140.590766, 40.863586], [140.591483, 40.863017], [140.591529, 40.861817], [140.5911, 40.861418], [140.590766, 40.860102], [140.590145, 40.859921], [140.589903, 40.859363], [140.588425, 40.857993], [140.589103, 40.856646], [140.589916, 40.855349], [140.589796, 40.854183], [140.590032, 40.853191], [140.589308, 40.852438], [140.588924, 40.851437], [140.588769, 40.849066], [140.58723, 40.848837], [140.58673, 40.846942], [140.585189, 40.844624], [140.585099, 40.843551], [140.584229, 40.843021], [140.583329, 40.843075], [140.582826, 40.842494], [140.581847, 40.841908], [140.579909, 40.840957], [140.579741, 40.840479], [140.580558, 40.839223], [140.580599, 40.838763], [140.581155, 40.837788], [140.58082, 40.836789], [140.581002, 40.836261], [140.581533, 40.835821], [140.581463, 40.835434], [140.580661, 40.834996], [140.580442, 40.834576], [140.581865, 40.83327], [140.581987, 40.832894], [140.580831, 40.83181], [140.579404, 40.831102], [140.578844, 40.830646], [140.57797, 40.82955], [140.577199, 40.828973], [140.577188, 40.827904], [140.577719, 40.826271], [140.577682, 40.825361], [140.577385, 40.824427], [140.577203, 40.822968], [140.577701, 40.821505], [140.577719, 40.820845], [140.577199, 40.820505], [140.577074, 40.819438], [140.577828, 40.817677], [140.57782, 40.817065], [140.577221, 40.816144], [140.577509, 40.814981], [140.576722, 40.813938], [140.576143, 40.812692], [140.574891, 40.812046], [140.574526, 40.811066], [140.57356, 40.809859], [140.573689, 40.809157], [140.57509, 40.808129], [140.575634, 40.807452], [140.575516, 40.807091], [140.574406, 40.805989], [140.57436, 40.805517], [140.575, 40.80447], [140.575013, 40.803929], [140.574447, 40.802679], [140.574482, 40.801386], [140.574917, 40.801077], [140.575387, 40.79981], [140.57707, 40.799136], [140.577557, 40.797632], [140.57742, 40.797423], [140.57493, 40.796801], [140.573853, 40.795808], [140.573735, 40.794967], [140.572867, 40.793619], [140.573036, 40.791462], [140.573287, 40.791063], [140.574631, 40.79027], [140.575232, 40.789554], [140.575131, 40.788894], [140.576379, 40.788162], [140.576609, 40.787217], [140.576191, 40.786477], [140.57611, 40.785713], [140.575689, 40.785323], [140.575059, 40.784073], [140.574259, 40.783333], [140.573932, 40.782569], [140.573031, 40.78155], [140.572096, 40.780039], [140.572122, 40.779464], [140.572922, 40.778501], [140.573036, 40.777753], [140.572588, 40.776294], [140.57278, 40.775899], [140.573722, 40.775565], [140.574205, 40.775107], [140.57511, 40.774746], [140.575837, 40.773082], [140.576517, 40.772272], [140.576362, 40.77146], [140.576362, 40.77014], [140.577267, 40.769313], [140.577837, 40.767954], [140.578012, 40.767086], [140.577577, 40.765074], [140.573444, 40.760562], [140.571823, 40.75987], [140.570334, 40.759426], [140.569054, 40.759474], [140.566226, 40.760554], [140.564189, 40.760743], [140.563594, 40.760623], [140.562312, 40.759189], [140.559403, 40.757914], [140.558223, 40.757497], [140.557543, 40.756771], [140.556857, 40.756347], [140.556487, 40.755315], [140.55753, 40.753967], [140.557272, 40.752399], [140.557012, 40.751954], [140.556365, 40.751708], [140.556472, 40.750705], [140.556372, 40.7496], [140.555956, 40.749221], [140.555683, 40.748398], [140.553701, 40.747415], [140.551876, 40.747235], [140.550005, 40.746895], [140.548808, 40.746809], [140.549367, 40.746365], [140.549009, 40.745732], [140.547859, 40.745259], [140.547313, 40.744767], [140.547239, 40.743755], [140.545921, 40.742952], [140.544308, 40.743415], [140.544605, 40.746441], [140.543611, 40.746006], [140.542966, 40.745382], [140.541917, 40.744001], [140.540966, 40.741968], [140.539688, 40.74036], [140.539104, 40.74001], [140.538676, 40.739235], [140.536576, 40.738006], [140.535391, 40.73758], [140.533392, 40.737362], [140.531007, 40.736625], [140.529908, 40.736662], [140.528964, 40.737325], [140.527945, 40.737627], [140.527685, 40.738165], [140.523935, 40.736927], [140.525773, 40.73358], [140.527567, 40.730607], [140.527047, 40.730782], [140.526276, 40.7306], [140.523507, 40.729325], [140.522029, 40.730062], [140.52147, 40.730477], [140.520998, 40.730412], [140.520738, 40.729797], [140.520239, 40.729689], [140.519614, 40.730505], [140.519531, 40.731003], [140.519027, 40.731255], [140.518452, 40.732146], [140.515353, 40.733922], [140.51391, 40.734883], [140.513305, 40.735545], [140.512186, 40.735862], [140.513001, 40.736352], [140.512418, 40.737013], [140.513371, 40.737539], [140.513733, 40.73879], [140.51428, 40.739452], [140.515067, 40.739651], [140.515471, 40.740059], [140.515429, 40.740639], [140.514632, 40.741228], [140.513607, 40.741672], [140.51296, 40.743023], [140.513495, 40.743748], [140.512097, 40.744483], [140.511524, 40.746005], [140.5116, 40.747366], [140.51259, 40.747755], [140.512791, 40.748198], [140.512311, 40.748797], [140.512571, 40.749296], [140.51362, 40.749676], [140.514179, 40.750139], [140.513084, 40.750928], [140.512822, 40.752097], [140.513248, 40.753275], [140.514136, 40.753722], [140.514264, 40.75425], [140.51339, 40.754697], [140.513384, 40.755335], [140.513727, 40.757101], [140.513305, 40.75776], [140.512193, 40.758197], [140.510796, 40.75841], [140.509933, 40.757752], [140.509795, 40.7573], [140.509179, 40.756979], [140.508434, 40.757524], [140.508685, 40.758177], [140.508639, 40.759396], [140.50813, 40.759712], [140.507256, 40.75921], [140.505295, 40.760265], [140.503846, 40.759938], [140.503868, 40.759426], [140.503348, 40.759031], [140.50351, 40.757758], [140.502105, 40.757513], [140.501324, 40.75978], [140.501036, 40.760047], [140.499023, 40.759933], [140.497745, 40.759466], [140.497972, 40.7583], [140.497338, 40.758013], [140.49899, 40.756948], [140.494274, 40.756016], [140.492797, 40.758068], [140.491195, 40.759937], [140.490607, 40.760755], [140.489693, 40.769246], [140.488422, 40.769077], [140.485574, 40.768859], [140.485869, 40.764904], [140.484995, 40.764589], [140.484437, 40.763836], [140.483762, 40.763995], [140.483683, 40.763606], [140.482049, 40.763826], [140.480117, 40.763136], [140.479584, 40.763304], [140.478393, 40.763229], [140.47761, 40.76188], [140.477916, 40.760577], [140.478646, 40.759294], [140.478043, 40.75892], [140.477844, 40.757708], [140.477245, 40.757778], [140.47726, 40.758744], [140.476823, 40.758618], [140.476847, 40.758046], [140.476231, 40.757313], [140.475652, 40.75614], [140.475239, 40.756853], [140.475551, 40.757277], [140.474754, 40.757307], [140.474677, 40.756656], [140.474205, 40.757129], [140.47351, 40.757355], [140.472914, 40.756375], [140.471895, 40.757085], [140.470125, 40.757533], [140.469609, 40.757213], [140.46957, 40.757611], [140.468886, 40.75902], [140.469139, 40.759397], [140.468333, 40.759361], [140.467614, 40.761306], [140.466204, 40.761246], [140.465848, 40.762105], [140.462249, 40.761275], [140.458959, 40.769489], [140.459362, 40.770773], [140.457904, 40.770433], [140.456341, 40.770809], [140.455963, 40.771215], [140.456051, 40.771996], [140.455559, 40.77253], [140.456044, 40.772913], [140.455716, 40.773414], [140.455168, 40.773577], [140.454436, 40.773323], [140.455004, 40.771978], [140.453769, 40.771711], [140.454344, 40.770343], [140.453109, 40.770046], [140.452567, 40.771409], [140.451695, 40.771209], [140.450851, 40.771545], [140.450594, 40.771066], [140.450087, 40.771069], [140.448948, 40.771663], [140.447597, 40.771541], [140.446164, 40.771797], [140.445088, 40.771275], [140.444721, 40.771324], [140.444216, 40.773383], [140.443961, 40.775043], [140.443521, 40.775201], [140.444147, 40.776329], [140.443657, 40.776993], [140.443723, 40.777496], [140.444765, 40.778398], [140.444682, 40.778919], [140.444063, 40.779695], [140.444136, 40.780283], [140.44341, 40.780779], [140.442354, 40.780767], [140.442062, 40.780513], [140.441074, 40.781173], [140.440582, 40.780999], [140.439767, 40.7813], [140.439249, 40.780984], [140.438947, 40.781336], [140.439142, 40.78213], [140.438432, 40.782948], [140.439269, 40.783166], [140.438963, 40.784025], [140.438252, 40.784649], [140.437131, 40.784377], [140.437083, 40.785207], [140.436305, 40.784701], [140.435916, 40.784967], [140.436301, 40.785333], [140.437754, 40.785532], [140.437413, 40.786023], [140.437962, 40.786283], [140.437636, 40.786837], [140.437723, 40.78732], [140.438287, 40.788011], [140.438585, 40.789237], [140.43749, 40.789643], [140.437861, 40.792243], [140.437876, 40.793603], [140.43752, 40.795055], [140.436224, 40.796663], [140.435975, 40.797722], [140.43686, 40.799444], [140.437142, 40.800884], [140.437883, 40.803402], [140.437826, 40.804692], [140.438137, 40.806035], [140.438167, 40.80735], [140.438019, 40.80804], [140.437236, 40.809583], [140.432277, 40.80899], [140.431373, 40.809232], [140.430516, 40.80971], [140.429084, 40.809105], [140.428781, 40.809583], [140.428341, 40.809473], [140.42743, 40.811145], [140.42493, 40.810395], [140.426197, 40.807976], [140.425782, 40.807602], [140.4229, 40.806501], [140.422218, 40.807693], [140.420817, 40.810441], [140.421892, 40.810873], [140.421656, 40.811081], [140.420369, 40.810776], [140.41871, 40.815234], [140.423872, 40.816324], [140.422736, 40.819077], [140.424016, 40.819377], [140.424504, 40.819849], [140.425085, 40.821024], [140.423713, 40.821497], [140.42272, 40.82209], [140.421145, 40.823697], [140.420013, 40.825385], [140.419558, 40.825708], [140.418944, 40.827027], [140.417259, 40.829728], [140.416468, 40.830293], [140.415229, 40.831571], [140.413126, 40.832879], [140.411999, 40.833904], [140.411245, 40.834826], [140.410755, 40.835991], [140.40897, 40.843217], [140.408113, 40.845426], [140.40744, 40.846377], [140.405595, 40.847142], [140.402783, 40.847739], [140.401364, 40.848234], [140.400713, 40.848855], [140.400416, 40.849572], [140.400285, 40.851118], [140.399996, 40.852471], [140.399808, 40.854201], [140.399249, 40.857124], [140.399268, 40.857899], [140.400451, 40.861625], [140.40047, 40.863085], [140.399705, 40.866303], [140.399957, 40.867377], [140.401384, 40.869028], [140.40304, 40.870163], [140.404513, 40.870792], [140.406675, 40.87146], [140.407197, 40.871906], [140.407394, 40.872797], [140.40704, 40.874749], [140.406423, 40.876297], [140.405016, 40.878369], [140.403814, 40.879557], [140.403386, 40.880748], [140.403563, 40.881151], [140.404356, 40.881448], [140.406349, 40.881798], [140.411948, 40.882452], [140.413681, 40.882781], [140.415825, 40.883771], [140.416571, 40.884857], [140.4192, 40.886387], [140.421341, 40.887257], [140.422021, 40.888032], [140.422004, 40.888435], [140.421247, 40.890184], [140.419337, 40.891078], [140.419097, 40.891577], [140.419311, 40.892277], [140.420019, 40.893154], [140.421164, 40.89361], [140.42191, 40.893561], [140.424156, 40.893044], [140.425087, 40.893165], [140.425347, 40.89366], [140.42519, 40.895166], [140.424779, 40.896255], [140.423997, 40.896406], [140.420662, 40.896611], [140.420382, 40.896788], [140.420764, 40.898108], [140.42163, 40.89885], [140.422795, 40.899394], [140.424499, 40.89954], [140.427902, 40.899441], [140.427976, 40.900158], [140.427697, 40.900783], [140.426318, 40.902969], [140.426224, 40.903491], [140.426615, 40.903962], [140.426457, 40.904888], [140.427314, 40.905935], [140.42833, 40.90684], [140.428346, 40.908066], [140.429065, 40.908914], [140.42882, 40.909874], [140.427587, 40.910634], [140.426252, 40.910752], [140.423245, 40.910756], [140.419956, 40.910328], [140.418544, 40.910396], [140.417554, 40.910839], [140.416835, 40.912086], [140.41659, 40.912857], [140.416577, 40.914363], [140.416872, 40.915694], [140.41704, 40.917302], [140.417034, 40.919421], [140.418537, 40.920665], [140.419009, 40.921871], [140.419578, 40.921822], [140.419145, 40.920108], [140.42163, 40.920298], [140.421741, 40.919344], [140.430809, 40.920048], [140.430494, 40.922261], [140.43504, 40.922591], [140.434673, 40.925249], [140.434375, 40.925691], [140.434867, 40.92576], [140.434456, 40.926507], [140.433962, 40.926412], [140.431993, 40.929938], [140.434638, 40.930615], [140.43766, 40.931552], [140.440842, 40.932933], [140.441061, 40.933523], [140.443441, 40.934504], [140.444455, 40.9348], [140.447156, 40.936103], [140.448874, 40.935756], [140.449639, 40.935469], [140.45102, 40.935487], [140.452724, 40.935183], [140.453743, 40.934618], [140.456107, 40.934409], [140.460756, 40.93467], [140.461659, 40.934957], [140.463411, 40.935088], [140.464041, 40.935574], [140.466272, 40.936746], [140.466547, 40.93764], [140.467714, 40.938083], [140.468506, 40.937944], [140.469965, 40.938205], [140.470892, 40.938699], [140.472918, 40.939516], [140.473049, 40.94087], [140.474022, 40.941244], [140.474004, 40.942346], [140.476192, 40.942077], [140.476913, 40.942207], [140.477383, 40.943006], [140.479053, 40.943345], [140.480388, 40.94305], [140.481668, 40.942989], [140.483546, 40.942052], [140.484461, 40.941938], [140.485989, 40.942555], [140.487421, 40.942416], [140.488096, 40.943614], [140.489132, 40.944343], [140.489934, 40.945403], [140.490294, 40.94641], [140.490889, 40.946696], [140.492034, 40.946654], [140.492836, 40.947122], [140.493876, 40.947313], [140.496416, 40.947209], [140.498411, 40.947797], [140.499344, 40.947802], [140.501617, 40.948141], [140.502151, 40.948343], [140.502393, 40.949261], [140.502996, 40.950101], [140.50434, 40.950413], [140.504885, 40.951222], [140.505951, 40.951718], [140.506705, 40.95248], [140.507968, 40.952761], [140.508427, 40.953188], [140.507922, 40.954533], [140.508722, 40.956388], [140.509446, 40.957087], [140.510055, 40.958222], [140.511555, 40.960163], [140.51204, 40.960963], [140.512689, 40.96252], [140.512909, 40.963461], [140.513733, 40.964679], [140.51339, 40.966213], [140.513893, 40.967046], [140.514111, 40.968971], [140.5153, 40.969618], [140.515069, 40.970564], [140.513736, 40.97179], [140.513052, 40.972933], [140.512645, 40.974209], [140.512562, 40.975133], [140.512169, 40.97571], [140.514498, 40.976699], [140.514282, 40.978571], [140.514533, 40.979356], [140.51553, 40.98022], [140.515836, 40.981368], [140.517457, 40.982772], [140.517779, 40.983294], [140.516843, 40.984508], [140.515816, 40.984946], [140.515989, 40.986101], [140.516843, 40.986753], [140.517149, 40.987362], [140.516341, 40.989249], [140.516323, 40.989917], [140.517079, 40.991681], [140.51918, 40.992962], [140.520832, 40.994419], [140.521658, 40.99569], [140.5219, 40.99515], [140.524814, 40.99382], [140.527497, 40.993644], [140.527836, 40.993398], [140.528618, 40.991717], [140.527677, 40.990498], [140.527331, 40.989036], [140.527567, 40.988687], [140.530328, 40.988482], [140.531545, 40.988633], [140.532972, 40.988303], [140.533503, 40.987613], [140.534801, 40.986398], [140.53616, 40.986083], [140.53625, 40.985422], [140.537255, 40.984641], [140.538497, 40.984121], [140.539495, 40.982698], [140.540796, 40.982577], [140.542704, 40.983534], [140.543646, 40.983606], [140.545783, 40.983042], [140.546347, 40.982407], [140.546694, 40.981547], [140.547518, 40.981095], [140.548069, 40.980493], [140.54994, 40.978973], [140.550816, 40.978434], [140.551161, 40.977875], [140.549638, 40.976753], [140.549747, 40.97635], [140.54935, 40.975617], [140.549028, 40.974045], [140.548653, 40.973314], [140.54777, 40.970556], [140.548795, 40.970099], [140.551813, 40.96964], [140.553596, 40.969264]]], [[[140.39125, 41.127054], [140.393741, 41.126093], [140.395933, 41.125702], [140.397146, 41.124886], [140.397398, 41.124238], [140.398447, 41.12291], [140.39924, 41.12215], [140.400383, 41.121844], [140.401985, 41.122273], [140.404478, 41.12209], [140.406303, 41.121457], [140.406858, 41.120968], [140.409404, 41.121431], [140.41091, 41.121561], [140.412128, 41.1212], [140.414234, 41.121259], [140.416216, 41.120873], [140.419252, 41.119434], [140.420089, 41.119357], [140.421706, 41.11958], [140.42314, 41.119626], [140.424032, 41.119895], [140.42679, 41.121402], [140.427581, 41.121224], [140.429513, 41.120074], [140.430227, 41.11988], [140.431526, 41.119885], [140.433466, 41.120126], [140.434327, 41.119531], [140.435409, 41.119058], [140.436198, 41.118424], [140.437608, 41.11784], [140.438672, 41.117609], [140.440267, 41.117681], [140.441762, 41.116526], [140.442809, 41.115966], [140.443347, 41.115895], [140.446669, 41.116314], [140.449516, 41.117065], [140.450856, 41.116973], [140.452154, 41.116638], [140.453413, 41.117072], [140.454082, 41.117672], [140.457146, 41.11698], [140.458745, 41.116917], [140.461462, 41.117316], [140.462157, 41.116395], [140.462858, 41.115889], [140.462885, 41.11506], [140.463693, 41.114078], [140.463975, 41.11324], [140.464441, 41.112592], [140.464524, 41.111765], [140.463298, 41.111243], [140.46231, 41.110637], [140.461346, 41.110254], [140.460804, 41.109757], [140.460207, 41.108648], [140.458973, 41.108252], [140.458883, 41.107974], [140.459268, 41.106475], [140.458695, 41.105394], [140.458651, 41.104593], [140.458136, 41.10426], [140.456728, 41.104145], [140.455802, 41.104885], [140.455096, 41.105124], [140.453808, 41.104585], [140.452792, 41.104701], [140.451715, 41.104573], [140.450825, 41.104078], [140.449715, 41.102449], [140.449496, 41.101892], [140.448076, 41.100836], [140.448889, 41.099952], [140.448981, 41.098502], [140.448596, 41.097046], [140.447429, 41.096413], [140.44676, 41.095077], [140.447932, 41.09431], [140.449018, 41.093927], [140.449413, 41.09347], [140.449593, 41.091847], [140.449236, 41.091675], [140.448069, 41.091721], [140.447866, 41.09153], [140.449363, 41.090443], [140.449254, 41.089508], [140.450701, 41.088995], [140.452152, 41.088169], [140.451789, 41.087028], [140.450639, 41.086273], [140.449669, 41.085965], [140.450814, 41.085623], [140.451787, 41.084768], [140.452309, 41.084538], [140.453177, 41.083465], [140.453085, 41.083087], [140.452095, 41.082467], [140.451946, 41.082078], [140.452628, 41.080515], [140.452672, 41.079741], [140.452453, 41.078803], [140.451671, 41.078207], [140.450336, 41.077812], [140.448777, 41.076862], [140.447294, 41.076384], [140.446516, 41.076426], [140.445222, 41.077357], [140.444743, 41.077322], [140.443624, 41.076272], [140.441104, 41.074939], [140.440322, 41.073834], [140.439649, 41.073298], [140.437621, 41.072536], [140.436983, 41.071793], [140.436495, 41.070105], [140.434837, 41.06814], [140.434734, 41.067581], [140.434111, 41.066707], [140.43285, 41.065267], [140.431654, 41.064695], [140.430514, 41.063196], [140.429045, 41.062057], [140.427834, 41.060741], [140.427083, 41.060111], [140.425649, 41.05945], [140.4238, 41.058894], [140.422755, 41.058742], [140.421007, 41.057373], [140.420255, 41.056033], [140.419536, 41.055224], [140.419329, 41.053974], [140.41772, 41.052475], [140.417351, 41.051867], [140.417152, 41.050723], [140.416428, 41.05028], [140.416238, 41.049278], [140.416708, 41.04818], [140.416269, 41.046269], [140.415766, 41.045814], [140.415812, 41.045206], [140.415382, 41.044728], [140.414641, 41.044911], [140.413231, 41.044887], [140.412809, 41.045064], [140.411544, 41.044851], [140.410213, 41.044841], [140.409271, 41.04428], [140.407016, 41.043619], [140.406572, 41.043271], [140.404865, 41.043209], [140.40412, 41.043426], [140.402852, 41.044174], [140.402206, 41.04423], [140.400236, 41.044997], [140.398788, 41.045095], [140.398058, 41.044688], [140.396193, 41.044269], [140.395328, 41.044622], [140.394559, 41.044661], [140.393365, 41.044344], [140.391114, 41.044052], [140.388828, 41.043996], [140.38823, 41.043719], [140.387493, 41.043719], [140.386053, 41.043234], [140.385233, 41.043134], [140.384589, 41.042698], [140.38425, 41.041777], [140.385944, 41.040627], [140.386481, 41.039936], [140.391827, 41.040113], [140.393778, 41.04025], [140.396578, 41.040125], [140.399222, 41.04012], [140.401436, 41.039936], [140.403115, 41.039654], [140.403067, 41.03924], [140.404955, 41.0375], [140.405313, 41.037393], [140.406109, 41.03609], [140.406487, 41.034898], [140.406852, 41.034414], [140.407553, 41.032236], [140.408371, 41.031753], [140.409804, 41.031606], [140.410797, 41.031068], [140.414228, 41.027534], [140.414859, 41.027889], [140.415421, 41.026862], [140.415342, 41.026024], [140.414973, 41.024702], [140.413996, 41.023357], [140.414057, 41.023014], [140.413539, 41.022294], [140.413384, 41.021439], [140.413668, 41.020642], [140.41338, 41.020282], [140.411124, 41.019611], [140.411835, 41.016553], [140.411367, 41.016524], [140.408873, 41.017256], [140.408211, 41.017746], [140.404808, 41.022749], [140.399653, 41.023392], [140.398796, 41.020177], [140.397924, 41.018678], [140.397518, 41.0183], [140.395804, 41.018193], [140.393387, 41.018352], [140.392187, 41.018837], [140.392039, 41.019114], [140.391954, 41.022914], [140.39182, 41.023109], [140.390481, 41.022938], [140.387135, 41.022206], [140.384359, 41.020895], [140.382353, 41.020052], [140.37756, 41.019315], [140.371507, 41.016667], [140.371013, 41.016338], [140.367007, 41.012064], [140.366237, 41.011506], [140.36547, 41.011653], [140.363936, 41.010747], [140.362975, 41.010794], [140.362444, 41.010267], [140.361626, 41.008339], [140.359989, 41.006759], [140.359753, 41.006294], [140.359744, 41.005132], [140.360123, 41.004807], [140.361054, 41.00456], [140.362065, 41.003321], [140.363556, 41.002371], [140.365059, 41.00219], [140.366281, 41.000752], [140.366576, 40.99982], [140.36646, 40.99918], [140.36603, 40.998759], [140.362942, 40.997214], [140.362354, 40.996408], [140.361434, 40.996003], [140.360555, 40.996336], [140.359452, 40.993772], [140.358455, 40.993996], [140.357981, 40.993173], [140.356976, 40.993425], [140.357209, 40.993948], [140.356678, 40.994146], [140.357198, 40.995078], [140.353223, 40.996561], [140.351033, 40.997554], [140.347436, 40.999425], [140.343288, 41.002637], [140.342379, 41.003475], [140.340395, 41.005582], [140.339505, 41.006906], [140.338299, 41.00809], [140.33575, 41.00761], [140.332765, 41.007448], [140.331701, 41.007671], [140.331159, 41.008044], [140.329769, 41.008393], [140.329052, 41.008361], [140.328112, 41.008021], [140.327284, 41.006773], [140.326025, 41.006131], [140.325831, 41.005016], [140.325249, 41.004922], [140.324135, 41.002956], [140.323031, 41.001937], [140.322443, 41.001212], [140.322172, 41.000487], [140.32075, 40.999777], [140.318949, 40.999812], [140.319362, 41.002122], [140.319419, 41.003586], [140.319812, 41.006075], [140.320234, 41.01035], [140.320544, 41.012193], [140.320741, 41.01408], [140.320806, 41.016355], [140.321283, 41.019222], [140.32141, 41.020693], [140.319679, 41.020687], [140.319744, 41.021333], [140.321077, 41.021338], [140.32106, 41.023666], [140.321766, 41.023669], [140.322107, 41.027435], [140.322146, 41.029083], [140.322459, 41.030186], [140.322535, 41.031599], [140.322358, 41.033615], [140.322094, 41.035157], [140.321611, 41.035691], [140.320579, 41.035617], [140.32132, 41.035957], [140.322032, 41.037606], [140.32255, 41.037931], [140.322821, 41.038653], [140.322972, 41.041263], [140.322957, 41.042382], [140.32325, 41.043382], [140.323584, 41.047038], [140.323621, 41.048695], [140.32387, 41.051886], [140.323866, 41.053573], [140.324111, 41.055718], [140.324113, 41.058682], [140.323918, 41.068003], [140.323671, 41.071015], [140.323691, 41.072523], [140.32337, 41.073019], [140.323129, 41.074809], [140.323293, 41.07559], [140.323018, 41.076059], [140.323158, 41.076782], [140.322911, 41.077407], [140.32321, 41.078349], [140.323223, 41.079599], [140.322952, 41.08046], [140.32193, 41.085389], [140.321178, 41.08763], [140.320251, 41.090851], [140.319646, 41.091818], [140.31948, 41.092654], [140.318888, 41.093483], [140.317841, 41.093816], [140.317458, 41.09473], [140.316309, 41.095329], [140.315609, 41.095382], [140.314969, 41.095019], [140.313675, 41.096114], [140.312731, 41.095382], [140.312296, 41.095615], [140.313048, 41.096205], [140.312311, 41.096438], [140.311568, 41.097385], [140.311888, 41.098082], [140.311385, 41.099082], [140.310023, 41.099225], [140.310325, 41.099622], [140.309774, 41.099946], [140.309951, 41.100907], [140.309265, 41.101435], [140.307322, 41.103529], [140.306754, 41.104506], [140.306411, 41.106093], [140.305869, 41.106627], [140.307346, 41.107687], [140.308231, 41.108155], [140.308876, 41.108854], [140.309774, 41.109246], [140.310104, 41.108891], [140.310419, 41.107925], [140.311551, 41.107304], [140.311794, 41.106845], [140.313223, 41.106117], [140.31354, 41.106177], [140.315437, 41.107887], [140.316709, 41.107945], [140.317707, 41.108595], [140.318947, 41.108605], [140.320789, 41.108298], [140.324646, 41.10937], [140.325514, 41.109313], [140.326134, 41.108902], [140.326716, 41.107027], [140.32712, 41.106759], [140.328082, 41.10672], [140.329657, 41.106146], [140.331314, 41.106529], [140.332516, 41.106988], [140.334395, 41.106988], [140.335447, 41.106702], [140.336192, 41.10675], [140.33754, 41.107237], [140.338222, 41.107802], [140.339704, 41.1085], [140.34133, 41.109753], [140.34319, 41.110404], [140.344138, 41.110394], [140.345637, 41.109993], [140.34732, 41.109965], [140.348712, 41.109142], [140.350312, 41.109209], [140.351477, 41.109744], [140.351844, 41.110338], [140.352078, 41.111582], [140.352469, 41.112347], [140.353544, 41.113016], [140.354095, 41.113935], [140.354316, 41.115973], [140.355076, 41.11672], [140.356499, 41.117619], [140.357131, 41.11825], [140.357454, 41.119197], [140.358389, 41.120452], [140.359181, 41.121206], [140.361685, 41.122556], [140.363375, 41.123169], [140.364981, 41.123905], [140.367024, 41.12512], [140.369498, 41.125198], [140.372014, 41.125959], [140.372781, 41.127144], [140.374035, 41.127614], [140.376262, 41.127618], [140.37796, 41.127881], [140.379741, 41.127068], [140.38048, 41.126894], [140.381837, 41.127026], [140.382746, 41.127268], [140.385607, 41.126649], [140.386241, 41.126766], [140.387056, 41.127313], [140.389622, 41.12722], [140.39125, 41.127054]]]]}}, {"type": "Feature", "properties": {"OBJECTID": 313, "N03_001": "青森県", "N03_002": null, "N03_003": null, "N03_004": "十和田市", "N03_007": "02206", "Shape_Leng": 1.65308913923349, "Shape_Area": 0.077166138588674, "id": "gci:02206A1968", "code": "02206", "name": "十和田市"}, "geometry": {"type": "MultiPolygon", "coordinates": [[[[141.269927, 40.66449], [141.269626, 40.663767], [141.268935, 40.662775], [141.2668, 40.660635], [141.26544, 40.659005], [141.264501, 40.656506], [141.264053, 40.654869], [141.263583, 40.653805], [141.263154, 40.653575], [141.262934, 40.652555], [141.263148, 40.651317], [141.263714, 40.650791], [141.268817, 40.646408], [141.269197, 40.646196], [141.27156, 40.646403], [141.273293, 40.646459], [141.274521, 40.646823], [141.275668, 40.647478], [141.277913, 40.647321], [141.278754, 40.6474], [141.280074, 40.646734], [141.281069, 40.645937], [141.281855, 40.645647], [141.282907, 40.645608], [141.283009, 40.645035], [141.281877, 40.644212], [141.280688, 40.643646], [141.280061, 40.642318], [141.27948, 40.641938], [141.278686, 40.641024], [141.277845, 40.640396], [141.274901, 40.639891], [141.27069, 40.637516], [141.266629, 40.637134], [141.266402, 40.637197], [141.261415, 40.637201], [141.261146, 40.636535], [141.262438, 40.634961], [141.263135, 40.634714], [141.263259, 40.633969], [141.263978, 40.633241], [141.265207, 40.632713], [141.265945, 40.631543], [141.265744, 40.631274], [141.263729, 40.631452], [141.263535, 40.630316], [141.263141, 40.630204], [141.259199, 40.630483], [141.257955, 40.622387], [141.257632, 40.621042], [141.257313, 40.62047], [141.257051, 40.619109], [141.258384, 40.616332], [141.259138, 40.61642], [141.265849, 40.615574], [141.266015, 40.616471], [141.266767, 40.616505], [141.274372, 40.615597], [141.274488, 40.615495], [141.274372, 40.610021], [141.274427, 40.609842], [141.276691, 40.609567], [141.276953, 40.607853], [141.275476, 40.607258], [141.275078, 40.606858], [141.276125, 40.605964], [141.277342, 40.604446], [141.277238, 40.603567], [141.276816, 40.602906], [141.276492, 40.601863], [141.27703, 40.60133], [141.27875, 40.600754], [141.279862, 40.600759], [141.282148, 40.600486], [141.283809, 40.600149], [141.285232, 40.600079], [141.285745, 40.600541], [141.287483, 40.599026], [141.290044, 40.600766], [141.292221, 40.599766], [141.29402, 40.599138], [141.293377, 40.59869], [141.294454, 40.598429], [141.294597, 40.598208], [141.293561, 40.597928], [141.290647, 40.59561], [141.290696, 40.595271], [141.289607, 40.594471], [141.289183, 40.594543], [141.286672, 40.593095], [141.285761, 40.591609], [141.285142, 40.591268], [141.285839, 40.59024], [141.285564, 40.589351], [141.285499, 40.588167], [141.285783, 40.587687], [141.286773, 40.587077], [141.287927, 40.586908], [141.288938, 40.586176], [141.289542, 40.584994], [141.290573, 40.584503], [141.2907, 40.583459], [141.293502, 40.583427], [141.293401, 40.582923], [141.293642, 40.581429], [141.293349, 40.580619], [141.293572, 40.579958], [141.293998, 40.57975], [141.296124, 40.577715], [141.296673, 40.577373], [141.299352, 40.576083], [141.301911, 40.575407], [141.302565, 40.574827], [141.302805, 40.574121], [141.302501, 40.572464], [141.302938, 40.571839], [141.30298, 40.571074], [141.303395, 40.569681], [141.304497, 40.569227], [141.303671, 40.568063], [141.303177, 40.5673], [141.301378, 40.563077], [141.301164, 40.562851], [141.298808, 40.562332], [141.298836, 40.561278], [141.299225, 40.559321], [141.298679, 40.558366], [141.297787, 40.55817], [141.297278, 40.558389], [141.29596, 40.558457], [141.295163, 40.558223], [141.291989, 40.557884], [141.291146, 40.558042], [141.289559, 40.557177], [141.288418, 40.556116], [141.287964, 40.554475], [141.287806, 40.553353], [141.287371, 40.552489], [141.286777, 40.552803], [141.284736, 40.552766], [141.284541, 40.552645], [141.284087, 40.548943], [141.283752, 40.548318], [141.282511, 40.547505], [141.281101, 40.545684], [141.281359, 40.544171], [141.281239, 40.543862], [141.279486, 40.543064], [141.278957, 40.542298], [141.277585, 40.541876], [141.276398, 40.540445], [141.27571, 40.538986], [141.275395, 40.537593], [141.274755, 40.53623], [141.27437, 40.535912], [141.27383, 40.537786], [141.272681, 40.538486], [141.271798, 40.539453], [141.270738, 40.541077], [141.268428, 40.539949], [141.267222, 40.5402], [141.265298, 40.53969], [141.264531, 40.539721], [141.263238, 40.540061], [141.261802, 40.53931], [141.259632, 40.538985], [141.258502, 40.539052], [141.257085, 40.538938], [141.251722, 40.537764], [141.249843, 40.537223], [141.247819, 40.537203], [141.244545, 40.536471], [141.242766, 40.535901], [141.24201, 40.535462], [141.241283, 40.534438], [141.240931, 40.534228], [141.239423, 40.534109], [141.238422, 40.533619], [141.237482, 40.533719], [141.236861, 40.533369], [141.235976, 40.533268], [141.234488, 40.532151], [141.233629, 40.531843], [141.232451, 40.531894], [141.231913, 40.531497], [141.230104, 40.531243], [141.230115, 40.53189], [141.229304, 40.532119], [141.227593, 40.531388], [141.226343, 40.531542], [141.225589, 40.53114], [141.225268, 40.530555], [141.224669, 40.530186], [141.224879, 40.529605], [141.224026, 40.529514], [141.223683, 40.528886], [141.222243, 40.528956], [141.221058, 40.527906], [141.219644, 40.527612], [141.219327, 40.527085], [141.219203, 40.526219], [141.219258, 40.524932], [141.218792, 40.524599], [141.219002, 40.524165], [141.218182, 40.522935], [141.2187, 40.522923], [141.219559, 40.522459], [141.219876, 40.521887], [141.219194, 40.521096], [141.219319, 40.520104], [141.219002, 40.519596], [141.219334, 40.519176], [141.219148, 40.518767], [141.218235, 40.518209], [141.217732, 40.517493], [141.216008, 40.517425], [141.214863, 40.516483], [141.214019, 40.516251], [141.212843, 40.515654], [141.211899, 40.514468], [141.210321, 40.51357], [141.210227, 40.512716], [141.207961, 40.510896], [141.207233, 40.510676], [141.20571, 40.509936], [141.204519, 40.509168], [141.204069, 40.50922], [141.203334, 40.508562], [141.201702, 40.508737], [141.200642, 40.508028], [141.199953, 40.506439], [141.199326, 40.505799], [141.198129, 40.50526], [141.197346, 40.503991], [141.196938, 40.50262], [141.195827, 40.502425], [141.195303, 40.50122], [141.195655, 40.50062], [141.194809, 40.499836], [141.194228, 40.499556], [141.193082, 40.499405], [141.191974, 40.499034], [141.191577, 40.498063], [141.190117, 40.497063], [141.189695, 40.497462], [141.188799, 40.497484], [141.188264, 40.496826], [141.187735, 40.496669], [141.18596, 40.496885], [141.184957, 40.496257], [141.184966, 40.495846], [141.184824, 40.495427], [141.183036, 40.494908], [141.182085, 40.494838], [141.180514, 40.494421], [141.179316, 40.4947], [141.178564, 40.494348], [141.177443, 40.494445], [141.176287, 40.493964], [141.175623, 40.493975], [141.174969, 40.493405], [141.172828, 40.493041], [141.171938, 40.49373], [141.17095, 40.493472], [141.16979, 40.49356], [141.169029, 40.493383], [141.167465, 40.493917], [141.166298, 40.49377], [141.165926, 40.494327], [141.165122, 40.493698], [141.16425, 40.493499], [141.163109, 40.494105], [141.161232, 40.494283], [141.160683, 40.494654], [141.15926, 40.49485], [141.158498, 40.495268], [141.157162, 40.495475], [141.156472, 40.495061], [141.155233, 40.495094], [141.154435, 40.495481], [141.15395, 40.49534], [141.152031, 40.495483], [141.151196, 40.496378], [141.150506, 40.496859], [141.149994, 40.496916], [141.148982, 40.496439], [141.149181, 40.497344], [141.1478, 40.497737], [141.146528, 40.497092], [141.145542, 40.495691], [141.144587, 40.496096], [141.143836, 40.495904], [141.14401, 40.495303], [141.143182, 40.495214], [141.142026, 40.496194], [141.141071, 40.496206], [141.140112, 40.49587], [141.139423, 40.495056], [141.138529, 40.494727], [141.137255, 40.494532], [141.136836, 40.494852], [141.135815, 40.494858], [141.135107, 40.495336], [141.134619, 40.495332], [141.13276, 40.494647], [141.13158, 40.495441], [141.130887, 40.496092], [141.130089, 40.496212], [141.129298, 40.495985], [141.127923, 40.496436], [141.126077, 40.496107], [141.125406, 40.495625], [141.124136, 40.495328], [141.122722, 40.495502], [141.121985, 40.495407], [141.121096, 40.49575], [141.12001, 40.495643], [141.119203, 40.495793], [141.118384, 40.49651], [141.11681, 40.497181], [141.114747, 40.497881], [141.114026, 40.498527], [141.111882, 40.498666], [141.11059, 40.497274], [141.108857, 40.497161], [141.108503, 40.496361], [141.108127, 40.496088], [141.107518, 40.494717], [141.107183, 40.494375], [141.105459, 40.493838], [141.104126, 40.492619], [141.102404, 40.49267], [141.101176, 40.492902], [141.100168, 40.492823], [141.099185, 40.493046], [141.098332, 40.492871], [141.097786, 40.493057], [141.097161, 40.493738], [141.096258, 40.493796], [141.095443, 40.49347], [141.094305, 40.493638], [141.093343, 40.493564], [141.091446, 40.492568], [141.090699, 40.492467], [141.089289, 40.493207], [141.088476, 40.493227], [141.087862, 40.493579], [141.087294, 40.493144], [141.087182, 40.492559], [141.086255, 40.490737], [141.085029, 40.49008], [141.084422, 40.489518], [141.08303, 40.489292], [141.082385, 40.489043], [141.081465, 40.488335], [141.079192, 40.488135], [141.076952, 40.486845], [141.075936, 40.486725], [141.074172, 40.485354], [141.07245, 40.484793], [141.071687, 40.484678], [141.069648, 40.483516], [141.067994, 40.483084], [141.067596, 40.482235], [141.067915, 40.481928], [141.069004, 40.481614], [141.06962, 40.481194], [141.069506, 40.480552], [141.06825, 40.480027], [141.066958, 40.479822], [141.06594, 40.47986], [141.065085, 40.479637], [141.063732, 40.479624], [141.062139, 40.479981], [141.061143, 40.479971], [141.059779, 40.479359], [141.058371, 40.479501], [141.05758, 40.479249], [141.057016, 40.478809], [141.056037, 40.477537], [141.055362, 40.477124], [141.054138, 40.476973], [141.052464, 40.477034], [141.051443, 40.477323], [141.050423, 40.477836], [141.049732, 40.477734], [141.048605, 40.477231], [141.047151, 40.476009], [141.045508, 40.475673], [141.044354, 40.475784], [141.043073, 40.476139], [141.040567, 40.475512], [141.038663, 40.474787], [141.035951, 40.474868], [141.033748, 40.475136], [141.03266, 40.474723], [141.031086, 40.47451], [141.029674, 40.473768], [141.026993, 40.471819], [141.025131, 40.470948], [141.023666, 40.469984], [141.021877, 40.469069], [141.019901, 40.468445], [141.018662, 40.468682], [141.018666, 40.467491], [141.018144, 40.466668], [141.017311, 40.466075], [141.015974, 40.464818], [141.013642, 40.463397], [141.012103, 40.461378], [141.010757, 40.460527], [141.009537, 40.460195], [141.007761, 40.459158], [141.005737, 40.458417], [141.002181, 40.455461], [141.001165, 40.454707], [141.00101, 40.454079], [141.001429, 40.452748], [141.001209, 40.449226], [141.001443, 40.447987], [141.000877, 40.446824], [141.001154, 40.445159], [140.999491, 40.443977], [140.998658, 40.443151], [140.998418, 40.442459], [140.998606, 40.441588], [140.997585, 40.439738], [140.996864, 40.438986], [140.99618, 40.438682], [140.996099, 40.437789], [140.995819, 40.437175], [140.995953, 40.436302], [140.995544, 40.435328], [140.99495, 40.434744], [140.994969, 40.433945], [140.994261, 40.433542], [140.992508, 40.433289], [140.99168, 40.432545], [140.991446, 40.43152], [140.990786, 40.431119], [140.989239, 40.430672], [140.988404, 40.430299], [140.987705, 40.429699], [140.986033, 40.428685], [140.985364, 40.427767], [140.985174, 40.42708], [140.984228, 40.428178], [140.983262, 40.428319], [140.979896, 40.428465], [140.978804, 40.428947], [140.977164, 40.429098], [140.974424, 40.43016], [140.973508, 40.430247], [140.972949, 40.430737], [140.972208, 40.43085], [140.970755, 40.42996], [140.970036, 40.42971], [140.967697, 40.429288], [140.966506, 40.428708], [140.964758, 40.428448], [140.964377, 40.428149], [140.964109, 40.42738], [140.963484, 40.427079], [140.961875, 40.426933], [140.960881, 40.42719], [140.959812, 40.427036], [140.958898, 40.42668], [140.957139, 40.426701], [140.955207, 40.426472], [140.953625, 40.427179], [140.951909, 40.426436], [140.951265, 40.426308], [140.949717, 40.427113], [140.949186, 40.427613], [140.947414, 40.427934], [140.94593, 40.428008], [140.945663, 40.428662], [140.944599, 40.429148], [140.943104, 40.42912], [140.942667, 40.429254], [140.941955, 40.430201], [140.941192, 40.429837], [140.937472, 40.427587], [140.937645, 40.427075], [140.937346, 40.42543], [140.93547, 40.422844], [140.934522, 40.422387], [140.933718, 40.421682], [140.932962, 40.421274], [140.93198, 40.421382], [140.930802, 40.421181], [140.929058, 40.421349], [140.927987, 40.421068], [140.926775, 40.421106], [140.925924, 40.421551], [140.924902, 40.422488], [140.922095, 40.425443], [140.921132, 40.426191], [140.920644, 40.426968], [140.92003, 40.427305], [140.919226, 40.427316], [140.918232, 40.426965], [140.91677, 40.425958], [140.914425, 40.425123], [140.913714, 40.424173], [140.913028, 40.423741], [140.9115, 40.423306], [140.910945, 40.423298], [140.910202, 40.423777], [140.906719, 40.425266], [140.904225, 40.425104], [140.901653, 40.425253], [140.899478, 40.424955], [140.897789, 40.424928], [140.896777, 40.425195], [140.895623, 40.424597], [140.892922, 40.423395], [140.892325, 40.423351], [140.861323, 40.440629], [140.878107, 40.498417], [140.880061, 40.510247], [140.879492, 40.511066], [140.877692, 40.512766], [140.876404, 40.515143], [140.876249, 40.516247], [140.875786, 40.516707], [140.87562, 40.517912], [140.875052, 40.518817], [140.873039, 40.520535], [140.871483, 40.522328], [140.870003, 40.525377], [140.869308, 40.52774], [140.868731, 40.528877], [140.868231, 40.529376], [140.8682, 40.529885], [140.866085, 40.532242], [140.865315, 40.532809], [140.864537, 40.532935], [140.862946, 40.534525], [140.862793, 40.535589], [140.861602, 40.536719], [140.861222, 40.538492], [140.860737, 40.539696], [140.85813, 40.540102], [140.857177, 40.540433], [140.85627, 40.541264], [140.855719, 40.541405], [140.853918, 40.542781], [140.852574, 40.544027], [140.851696, 40.544463], [140.851449, 40.544953], [140.851894, 40.5464], [140.853357, 40.547586], [140.856115, 40.548309], [140.857032, 40.548789], [140.857841, 40.550401], [140.858042, 40.551329], [140.859852, 40.552369], [140.86209, 40.554221], [140.862531, 40.555048], [140.863853, 40.556342], [140.863991, 40.557345], [140.864428, 40.55873], [140.864467, 40.559469], [140.864135, 40.560506], [140.863488, 40.561193], [140.863257, 40.561854], [140.863499, 40.563515], [140.865368, 40.567727], [140.865811, 40.569914], [140.865855, 40.571242], [140.86655, 40.572967], [140.866683, 40.574039], [140.866375, 40.575474], [140.866603, 40.578162], [140.866891, 40.580009], [140.866852, 40.580594], [140.86525, 40.58164], [140.865427, 40.582813], [140.866408, 40.583557], [140.866677, 40.584317], [140.866316, 40.585174], [140.864741, 40.585859], [140.864089, 40.586536], [140.862455, 40.586401], [140.861535, 40.586515], [140.86054, 40.587414], [140.858761, 40.588525], [140.859559, 40.590232], [140.859788, 40.591482], [140.860663, 40.592522], [140.861135, 40.593985], [140.861969, 40.595693], [140.862774, 40.596481], [140.863029, 40.597541], [140.861366, 40.599708], [140.860245, 40.601377], [140.858346, 40.603828], [140.858088, 40.605137], [140.858597, 40.605729], [140.860466, 40.606649], [140.862916, 40.60964], [140.864802, 40.609827], [140.866797, 40.609851], [140.867647, 40.610282], [140.869098, 40.610749], [140.870042, 40.611529], [140.871365, 40.612952], [140.872693, 40.613438], [140.873751, 40.613528], [140.875174, 40.613905], [140.876686, 40.613885], [140.876269, 40.618879], [140.876151, 40.622512], [140.876225, 40.623817], [140.876905, 40.624779], [140.876616, 40.625317], [140.876898, 40.625984], [140.877866, 40.627085], [140.878806, 40.627899], [140.879182, 40.628587], [140.879499, 40.629913], [140.88034, 40.630823], [140.88196, 40.632293], [140.882657, 40.633182], [140.883693, 40.635559], [140.883776, 40.636268], [140.883662, 40.638047], [140.883876, 40.640012], [140.883793, 40.640666], [140.882403, 40.641451], [140.87977, 40.643808], [140.87838, 40.644524], [140.87697, 40.645007], [140.876317, 40.645719], [140.876286, 40.646537], [140.877254, 40.649206], [140.878072, 40.650551], [140.87914, 40.652699], [140.879309, 40.653441], [140.877318, 40.654884], [140.87704, 40.656313], [140.877598, 40.657396], [140.879121, 40.657457], [140.88012, 40.657067], [140.884259, 40.654657], [140.885828, 40.653589], [140.886927, 40.653172], [140.888649, 40.653111], [140.890516, 40.653872], [140.891141, 40.653794], [140.895018, 40.653919], [140.896775, 40.654366], [140.897688, 40.654237], [140.898613, 40.654344], [140.89947, 40.65417], [140.904833, 40.654245], [140.906452, 40.653755], [140.90704, 40.653182], [140.908489, 40.652925], [140.910589, 40.652972], [140.911424, 40.652753], [140.913072, 40.651558], [140.914335, 40.650157], [140.915152, 40.648865], [140.916442, 40.64796], [140.918177, 40.646564], [140.919726, 40.645747], [140.921009, 40.645427], [140.924744, 40.645055], [140.928405, 40.644947], [140.930509, 40.645051], [140.931089, 40.644822], [140.932885, 40.643543], [140.934072, 40.643112], [140.9362, 40.642756], [140.937258, 40.642954], [140.938943, 40.642903], [140.940215, 40.643673], [140.942396, 40.643986], [140.943769, 40.644389], [140.945694, 40.645368], [140.94697, 40.645489], [140.948343, 40.645431], [140.94906, 40.645696], [140.953013, 40.646362], [140.954995, 40.646991], [140.955046, 40.647489], [140.954628, 40.648657], [140.954809, 40.649494], [140.955981, 40.651219], [140.956519, 40.652279], [140.956407, 40.653518], [140.956103, 40.654768], [140.956215, 40.655982], [140.957012, 40.656669], [140.959963, 40.657688], [140.96076, 40.658214], [140.961114, 40.658856], [140.961093, 40.659402], [140.960538, 40.660642], [140.959305, 40.662649], [140.959349, 40.663604], [140.959744, 40.665251], [140.960487, 40.666111], [140.962153, 40.668559], [140.962528, 40.669356], [140.963468, 40.670059], [140.964978, 40.669787], [140.965464, 40.669885], [140.965966, 40.670435], [140.967006, 40.672223], [140.968045, 40.673401], [140.968246, 40.674165], [140.967216, 40.675436], [140.967321, 40.675785], [140.968652, 40.67732], [140.969024, 40.678874], [140.968814, 40.679755], [140.967959, 40.680727], [140.967568, 40.681997], [140.967833, 40.683473], [140.968486, 40.685287], [140.969091, 40.686167], [140.970103, 40.68815], [140.970261, 40.689528], [140.969907, 40.690604], [140.96983, 40.69142], [140.970234, 40.692359], [140.971047, 40.693324], [140.972586, 40.692929], [140.97353, 40.693103], [140.974214, 40.693577], [140.976019, 40.695701], [140.976928, 40.69642], [140.978967, 40.697617], [140.979981, 40.697337], [140.983113, 40.696189], [140.984492, 40.695807], [140.985655, 40.695141], [140.988981, 40.694384], [140.989901, 40.694304], [140.991267, 40.694605], [140.990592, 40.693493], [140.991112, 40.690904], [140.991759, 40.689001], [140.992063, 40.68862], [140.993339, 40.688092], [140.993573, 40.687612], [140.994325, 40.686987], [140.994484, 40.686103], [140.995203, 40.685557], [140.995474, 40.684899], [140.997212, 40.683687], [140.998619, 40.681894], [140.998936, 40.681219], [140.999135, 40.678706], [140.999637, 40.67671], [141.001014, 40.675155], [141.001578, 40.67416], [141.001676, 40.673022], [141.002513, 40.671644], [141.003737, 40.670689], [141.007612, 40.669154], [141.008591, 40.668664], [141.009937, 40.668549], [141.011605, 40.667888], [141.012754, 40.667865], [141.013609, 40.668247], [141.014252, 40.668276], [141.015812, 40.667452], [141.017742, 40.667048], [141.018657, 40.666706], [141.020082, 40.665764], [141.021306, 40.665381], [141.024726, 40.66497], [141.025985, 40.664522], [141.027493, 40.664392], [141.029058, 40.66462], [141.030579, 40.664974], [141.032985, 40.66503], [141.034705, 40.665219], [141.036134, 40.665852], [141.037317, 40.665611], [141.04004, 40.665298], [141.040938, 40.665413], [141.042925, 40.664799], [141.044564, 40.665142], [141.045947, 40.664648], [141.046391, 40.66347], [141.047645, 40.662019], [141.048709, 40.661706], [141.049221, 40.661354], [141.050838, 40.661174], [141.051293, 40.660592], [141.051509, 40.659465], [141.05119, 40.658555], [141.053104, 40.655932], [141.053268, 40.655319], [141.053087, 40.654386], [141.053725, 40.652616], [141.05501, 40.651798], [141.054822, 40.650862], [141.055283, 40.650473], [141.056634, 40.649874], [141.057703, 40.649569], [141.059235, 40.648468], [141.059298, 40.647776], [141.059862, 40.646921], [141.060448, 40.646478], [141.061274, 40.645061], [141.062594, 40.643191], [141.06401, 40.643042], [141.066822, 40.641536], [141.068678, 40.640345], [141.069408, 40.640165], [141.070955, 40.640151], [141.072203, 40.640626], [141.073187, 40.640456], [141.073495, 40.640174], [141.073586, 40.639288], [141.073932, 40.638534], [141.075687, 40.637644], [141.076727, 40.63635], [141.079135, 40.634919], [141.080068, 40.634512], [141.081236, 40.634333], [141.082403, 40.633308], [141.083143, 40.633123], [141.083825, 40.633487], [141.085414, 40.634693], [141.088362, 40.635219], [141.090259, 40.635274], [141.090742, 40.634849], [141.09232, 40.634738], [141.094176, 40.6349], [141.095166, 40.634753], [141.096265, 40.63484], [141.096566, 40.635104], [141.09816, 40.63503], [141.098525, 40.63468], [141.099447, 40.634489], [141.101654, 40.634522], [141.102987, 40.634961], [141.104285, 40.635002], [141.104723, 40.635326], [141.10651, 40.635294], [141.108355, 40.635566], [141.109834, 40.635358], [141.110945, 40.634915], [141.11181, 40.634342], [141.112129, 40.633862], [141.112629, 40.633779], [141.114109, 40.636887], [141.114566, 40.636988], [141.115545, 40.636683], [141.116972, 40.636979], [141.11822, 40.637561], [141.118858, 40.638172], [141.119791, 40.639576], [141.12242, 40.640985], [141.123091, 40.641456], [141.12652, 40.642769], [141.129451, 40.642421], [141.132237, 40.641618], [141.13305, 40.64106], [141.134088, 40.640641], [141.136431, 40.640023], [141.138413, 40.640123], [141.140219, 40.640071], [141.141453, 40.639835], [141.142332, 40.638881], [141.142883, 40.638843], [141.144284, 40.639199], [141.144856, 40.639946], [141.145851, 40.641648], [141.146591, 40.642236], [141.14768, 40.642808], [141.148438, 40.643398], [141.148399, 40.644154], [141.148674, 40.64478], [141.148644, 40.645658], [141.149081, 40.646281], [141.149502, 40.64642], [141.15061, 40.647671], [141.152092, 40.648071], [141.153318, 40.649318], [141.154813, 40.649831], [141.154573, 40.650266], [141.152593, 40.650737], [141.151786, 40.651073], [141.149754, 40.651117], [141.148687, 40.651007], [141.147201, 40.650496], [141.146314, 40.650025], [141.145147, 40.653755], [141.14672, 40.655693], [141.145523, 40.656824], [141.151771, 40.660345], [141.157012, 40.663224], [141.156712, 40.663588], [141.156887, 40.66479], [141.157744, 40.665407], [141.158181, 40.667112], [141.159597, 40.66936], [141.159752, 40.670072], [141.159501, 40.671071], [141.159791, 40.672061], [141.159809, 40.673499], [141.161044, 40.673301], [141.16138, 40.672487], [141.162812, 40.672318], [141.16338, 40.672787], [141.164287, 40.672223], [141.166586, 40.672135], [141.167406, 40.671814], [141.167646, 40.672438], [141.168446, 40.672577], [141.168682, 40.671887], [141.171103, 40.672393], [141.170977, 40.673222], [141.172279, 40.673017], [141.172364, 40.673736], [141.171344, 40.67391], [141.171121, 40.67548], [141.169637, 40.677236], [141.169445, 40.678248], [141.169694, 40.679282], [141.171217, 40.681386], [141.172799, 40.682434], [141.172828, 40.683132], [141.17488, 40.683056], [141.176799, 40.683802], [141.179131, 40.684339], [141.179515, 40.684771], [141.183126, 40.6855], [141.183665, 40.685331], [141.188124, 40.685856], [141.188904, 40.685841], [141.190359, 40.686486], [141.191988, 40.68782], [141.192499, 40.68799], [141.194107, 40.689105], [141.194934, 40.689334], [141.197469, 40.689312], [141.198404, 40.688791], [141.200727, 40.688344], [141.203448, 40.688308], [141.204576, 40.688645], [141.206919, 40.68984], [141.207642, 40.690974], [141.208298, 40.691583], [141.209965, 40.692808], [141.210245, 40.692506], [141.211073, 40.690424], [141.212557, 40.690416], [141.214557, 40.68938], [141.2153, 40.689321], [141.216928, 40.689813], [141.223189, 40.691537], [141.224461, 40.691757], [141.227263, 40.691548], [141.229171, 40.690924], [141.229776, 40.691849], [141.230878, 40.691679], [141.231498, 40.694767], [141.235996, 40.694236], [141.236245, 40.696033], [141.239923, 40.698499], [141.241811, 40.695733], [141.244211, 40.696613], [141.247376, 40.700423], [141.24953, 40.699355], [141.251449, 40.701672], [141.256334, 40.699223], [141.257551, 40.699365], [141.257763, 40.699899], [141.259055, 40.700271], [141.260394, 40.701119], [141.263589, 40.699824], [141.264291, 40.700282], [141.265344, 40.701568], [141.266909, 40.701214], [141.267298, 40.700777], [141.266684, 40.69939], [141.265493, 40.697797], [141.263113, 40.696091], [141.262512, 40.695175], [141.263039, 40.694775], [141.263891, 40.69508], [141.265657, 40.69488], [141.265808, 40.693869], [141.266133, 40.693105], [141.26626, 40.691618], [141.265921, 40.690712], [141.264643, 40.689732], [141.264418, 40.688989], [141.264029, 40.688903], [141.26364, 40.687244], [141.263804, 40.685948], [141.263616, 40.685156], [141.26423, 40.683623], [141.264831, 40.68305], [141.264868, 40.681935], [141.265344, 40.680763], [141.266559, 40.679518], [141.266972, 40.678928], [141.266874, 40.676792], [141.266472, 40.67582], [141.266398, 40.673959], [141.266922, 40.672538], [141.267086, 40.671228], [141.268415, 40.670598], [141.269479, 40.669702], [141.270382, 40.669521], [141.271593, 40.668995], [141.270895, 40.666866], [141.269927, 40.66449]]]]}}, {"type": "Feature", "properties": {"N03_001": "青森県", "N03_002": null, "N03_003": null, "N03_004": "三沢市", "N03_007": "02207", "id": "gci:02207A1968", "code": "02207", "name": "三沢市"}, "geometry": {"type": "MultiPolygon", "coordinates": [[[[141.446088, 40.684552], [141.447707, 40.681672], [141.447451, 40.681883], [141.445943, 40.684504], [141.446088, 40.684552]]], [[[141.438777, 40.670507], [141.434693, 40.669708], [141.432813, 40.669509], [141.431159, 40.669584], [141.430191, 40.669299], [141.429493, 40.668885], [141.428965, 40.668006], [141.427658, 40.667872], [141.427002, 40.668306], [141.425372, 40.668353], [141.424176, 40.668876], [141.423525, 40.668719], [141.4216, 40.669014], [141.42076, 40.668901], [141.419043, 40.669047], [141.418265, 40.669245], [141.416586, 40.669105], [141.416153, 40.668702], [141.415048, 40.668583], [141.413524, 40.668784], [141.412976, 40.669046], [141.411129, 40.668915], [141.409595, 40.668169], [141.408354, 40.667788], [141.406374, 40.667484], [141.405342, 40.667168], [141.402794, 40.667292], [141.40167, 40.667475], [141.39999, 40.667408], [141.399118, 40.667118], [141.397079, 40.666884], [141.395735, 40.666978], [141.393665, 40.666726], [141.392933, 40.666192], [141.392162, 40.666259], [141.390289, 40.66605], [141.387286, 40.665329], [141.385784, 40.665643], [141.384779, 40.665688], [141.383625, 40.665519], [141.380941, 40.66436], [141.378474, 40.663952], [141.378347, 40.665682], [141.37258, 40.666084], [141.368207, 40.666931], [141.367245, 40.669366], [141.364828, 40.673925], [141.363493, 40.673716], [141.362951, 40.673868], [141.363296, 40.672986], [141.364013, 40.672369], [141.364347, 40.670845], [141.364238, 40.669366], [141.364463, 40.667705], [141.362708, 40.668074], [141.361939, 40.666231], [141.361648, 40.665085], [141.362518, 40.665045], [141.361244, 40.66434], [141.359214, 40.663715], [141.358302, 40.663622], [141.357015, 40.663855], [141.355842, 40.663822], [141.355061, 40.663704], [141.35486, 40.664253], [141.35332, 40.664351], [141.352021, 40.663861], [141.351823, 40.665004], [141.351215, 40.66493], [141.350806, 40.664432], [141.348853, 40.66351], [141.347694, 40.663146], [141.347128, 40.663236], [141.346641, 40.662959], [141.345227, 40.661719], [141.344674, 40.660986], [141.34399, 40.661137], [141.341822, 40.663551], [141.339875, 40.664947], [141.336649, 40.668002], [141.336175, 40.668576], [141.336227, 40.668987], [141.334254, 40.669779], [141.333541, 40.670913], [141.333552, 40.671399], [141.333015, 40.671638], [141.332553, 40.674844], [141.33379, 40.676644], [141.333841, 40.677712], [141.333353, 40.678303], [141.333277, 40.678971], [141.334378, 40.68221], [141.335982, 40.684755], [141.339717, 40.68713], [141.340668, 40.68836], [141.339991, 40.688847], [141.336419, 40.690982], [141.3331, 40.692042], [141.331633, 40.692433], [141.329992, 40.691843], [141.325984, 40.692395], [141.325571, 40.692623], [141.322476, 40.696261], [141.322789, 40.697404], [141.322701, 40.698262], [141.324701, 40.700656], [141.32577, 40.702735], [141.326384, 40.70262], [141.32686, 40.703001], [141.327249, 40.704804], [141.328252, 40.706444], [141.330167, 40.706525], [141.331334, 40.70724], [141.332473, 40.707669], [141.334177, 40.70807], [141.33558, 40.709633], [141.335692, 40.710196], [141.336406, 40.711111], [141.33643, 40.711472], [141.337108, 40.712309], [141.33791, 40.712614], [141.340078, 40.711948], [141.340679, 40.712577], [141.340991, 40.713481], [141.34187, 40.714455], [141.34232, 40.715331], [141.342871, 40.718086], [141.343572, 40.719316], [141.343223, 40.720077], [141.342169, 40.720516], [141.341293, 40.720641], [141.340642, 40.720393], [141.339263, 40.720431], [141.338222, 40.72084], [141.33737, 40.720974], [141.336044, 40.720736], [141.335215, 40.720126], [141.334566, 40.718934], [141.333651, 40.718629], [141.332912, 40.717591], [141.332999, 40.716608], [141.33256, 40.715778], [141.331972, 40.715873], [141.33162, 40.715272], [141.331872, 40.713852], [141.331657, 40.712937], [141.33063, 40.713242], [141.326723, 40.713279], [141.323353, 40.713089], [141.321134, 40.712526], [141.320446, 40.712593], [141.318866, 40.713164], [141.318704, 40.713374], [141.316812, 40.711802], [141.315634, 40.711163], [141.31373, 40.710667], [141.31323, 40.71019], [141.312364, 40.710771], [141.312314, 40.7102], [141.311549, 40.710181], [141.310723, 40.710477], [141.311062, 40.711143], [141.310485, 40.711782], [141.310297, 40.712735], [141.310434, 40.714155], [141.310786, 40.714251], [141.310461, 40.715051], [141.310874, 40.715147], [141.310096, 40.716547], [141.313931, 40.719483], [141.316624, 40.72176], [141.318278, 40.722437], [141.320219, 40.72379], [141.321847, 40.724506], [141.324367, 40.72382], [141.32577, 40.723877], [141.326358, 40.724049], [141.328552, 40.725202], [141.330294, 40.724812], [141.332234, 40.723753], [141.336745, 40.722333], [141.337698, 40.724249], [141.339715, 40.723248], [141.341931, 40.722629], [141.342395, 40.721961], [141.344213, 40.721237], [141.345854, 40.720897], [141.34628, 40.720582], [141.34757, 40.720812], [141.349637, 40.721965], [141.351416, 40.723444], [141.352907, 40.725236], [141.353245, 40.725989], [141.354736, 40.727854], [141.356266, 40.730428], [141.357819, 40.734099], [141.35842, 40.73615], [141.359133, 40.740219], [141.35941, 40.742731], [141.35926, 40.743903], [141.359535, 40.744142], [141.359646, 40.745744], [141.359559, 40.748344], [141.35971, 40.751547], [141.359397, 40.756822], [141.35872, 40.761443], [141.358226, 40.766198], [141.357948, 40.768391], [141.357133, 40.771659], [141.356217, 40.773565], [141.355439, 40.77451], [141.353859, 40.775377], [141.351626, 40.776737], [141.350636, 40.777243], [141.349744, 40.777424], [141.348815, 40.77793], [141.348061, 40.779588], [141.348802, 40.782341], [141.349054, 40.7838], [141.348638, 40.784906], [141.348903, 40.785621], [141.348789, 40.786991], [141.348853, 40.788031], [141.348313, 40.788841], [141.348625, 40.790576], [141.3484, 40.791359], [141.348713, 40.793816], [141.348514, 40.794979], [141.347887, 40.796075], [141.348129, 40.797636], [141.348142, 40.801555], [141.34774, 40.804059], [141.34828, 40.806596], [141.349021, 40.807798], [141.349554, 40.808958], [141.349753, 40.810159], [141.35038, 40.810655], [141.351322, 40.812352], [141.352603, 40.813125], [141.353191, 40.813726], [141.353567, 40.813467], [141.354334, 40.813505], [141.35516, 40.813945], [141.356064, 40.813973], [141.357218, 40.815029], [141.35797, 40.815344], [141.358986, 40.816097], [141.36058, 40.819071], [141.361495, 40.819654], [141.362217, 40.820937], [141.363572, 40.823712], [141.363646, 40.824542], [141.3644, 40.825074], [141.36608, 40.827456], [141.36549, 40.82798], [141.365215, 40.828858], [141.365866, 40.829411], [141.366043, 40.830135], [141.366795, 40.830831], [141.365967, 40.831658], [141.366507, 40.832555], [141.366657, 40.833394], [141.367108, 40.834204], [141.367007, 40.834489], [141.367459, 40.835663], [141.367969, 40.836363], [141.36773, 40.83865], [141.370027, 40.838784], [141.371426, 40.838956], [141.372888, 40.839831], [141.374269, 40.841018], [141.375797, 40.842853], [141.377375, 40.844083], [141.378787, 40.844956], [141.379125, 40.845491], [141.379097, 40.846079], [141.378148, 40.847389], [141.377849, 40.84893], [141.378207, 40.851935], [141.378033, 40.852647], [141.376256, 40.855844], [141.374652, 40.860229], [141.374221, 40.862083], [141.374097, 40.86355], [141.374365, 40.86525], [141.376144, 40.873258], [141.376907, 40.875852], [141.376693, 40.877625], [141.376877, 40.878784], [141.377729, 40.880164], [141.379757, 40.882801], [141.380955, 40.883909], [141.382395, 40.884657], [141.385406, 40.885533], [141.392929, 40.886624], [141.39295, 40.885054], [141.39332, 40.884109], [141.393643, 40.882492], [141.393715, 40.881011], [141.394004, 40.879136], [141.394157, 40.87694], [141.39448, 40.875014], [141.394758, 40.871186], [141.395409, 40.866652], [141.395361, 40.866066], [141.39561, 40.864597], [141.395719, 40.862783], [141.396303, 40.858788], [141.396303, 40.857962], [141.39683, 40.854515], [141.397184, 40.850793], [141.397584, 40.847847], [141.398252, 40.845601], [141.398512, 40.845245], [141.400226, 40.845382], [141.400235, 40.845212], [141.39863, 40.845051], [141.399256, 40.84454], [141.399603, 40.840419], [141.399642, 40.839205], [141.399985, 40.836921], [141.399992, 40.836043], [141.400748, 40.83132], [141.400807, 40.830352], [141.401705, 40.825078], [141.402105, 40.822294], [141.402547, 40.820489], [141.402962, 40.817159], [141.403349, 40.815274], [141.403596, 40.813079], [141.404039, 40.811177], [141.404112, 40.810258], [141.404422, 40.809453], [141.404765, 40.807234], [141.405178, 40.803543], [141.405285, 40.803263], [141.406111, 40.798902], [141.406537, 40.79609], [141.406988, 40.793645], [141.407372, 40.79202], [141.408345, 40.787342], [141.40841, 40.786677], [141.408944, 40.784321], [141.410104, 40.777993], [141.410323, 40.777117], [141.411359, 40.771399], [141.412117, 40.768516], [141.412451, 40.76629], [141.412941, 40.764188], [141.413336, 40.761832], [141.413957, 40.759866], [141.415292, 40.753742], [141.41552, 40.751419], [141.415896, 40.750135], [141.415896, 40.749241], [141.416136, 40.747585], [141.416444, 40.746331], [141.416398, 40.745583], [141.416639, 40.74487], [141.41699, 40.742502], [141.417777, 40.738943], [141.418286, 40.73829], [141.419091, 40.738335], [141.419021, 40.737227], [141.419123, 40.73587], [141.419517, 40.7333], [141.420212, 40.729961], [141.420227, 40.729108], [141.420876, 40.725426], [141.420817, 40.724518], [141.421366, 40.723868], [141.421818, 40.721361], [141.422316, 40.720609], [141.423243, 40.720749], [141.422404, 40.720388], [141.422568, 40.719215], [141.422461, 40.718664], [141.422913, 40.717269], [141.423064, 40.715745], [141.423328, 40.714823], [141.423394, 40.713813], [141.423905, 40.711903], [141.424301, 40.711713], [141.424135, 40.710991], [141.424532, 40.709093], [141.424565, 40.706804], [141.4253, 40.705591], [141.425649, 40.70415], [141.426182, 40.704002], [141.426276, 40.703102], [141.427345, 40.699496], [141.427225, 40.699077], [141.428123, 40.69525], [141.428694, 40.694659], [141.430215, 40.689635], [141.430457, 40.68951], [141.431006, 40.688015], [141.431998, 40.68615], [141.436015, 40.686865], [141.43824, 40.686572], [141.439339, 40.682998], [141.441596, 40.681164], [141.441452, 40.681057], [141.439166, 40.682923], [141.438102, 40.68643], [141.436052, 40.686742], [141.436026, 40.686427], [141.433711, 40.686015], [141.434387, 40.683814], [141.436701, 40.684225], [141.436821, 40.68363], [141.43459, 40.683242], [141.435495, 40.680261], [141.437094, 40.680541], [141.437341, 40.680103], [141.43565, 40.679803], [141.436104, 40.678248], [141.43674, 40.678158], [141.438467, 40.678482], [141.439286, 40.680541], [141.439387, 40.680519], [141.43857, 40.678474], [141.440246, 40.677952], [141.440718, 40.678036], [141.44425, 40.681594], [141.444234, 40.681103], [141.441653, 40.678507], [141.441422, 40.678641], [141.44077, 40.67798], [141.437512, 40.67741], [141.437341, 40.676968], [141.438532, 40.676158], [141.439142, 40.6749], [141.44152, 40.675331], [141.441408, 40.675205], [141.438733, 40.674733], [141.438552, 40.674008], [141.438699, 40.672752], [141.438777, 40.670507]]]]}}, {"type": "Feature", "properties": {"N03_001": "青森県", "N03_002": null, "N03_003": null, "N03_004": "むつ市", "N03_007": "02208", "id": "gci:02208A1968", "code": "02208", "name": "むつ市"}, "geometry": {"type": "MultiPolygon", "coordinates": [[[[140.81415, 41.119504], [140.813977, 41.119112], [140.813531, 41.119331], [140.81415, 41.119504]]], [[[140.815155, 41.121063], [140.815417, 41.120569], [140.814724, 41.119876], [140.814071, 41.119734], [140.813997, 41.120349], [140.815155, 41.121063]]], [[[141.239764, 41.369707], [141.236278, 41.369289], [141.236306, 41.36941], [141.242196, 41.370194], [141.242231, 41.370036], [141.239764, 41.369707]]], [[[141.185954, 41.403199], [141.185816, 41.40295], [141.185154, 41.408023], [141.185311, 41.408036], [141.185954, 41.403199]]], [[[141.182208, 41.404381], [141.182114, 41.404309], [141.17811, 41.40749], [141.177675, 41.410526], [141.177806, 41.410536], [141.178237, 41.407553], [141.182208, 41.404381]]], [[[141.175868, 41.412843], [141.179089, 41.411974], [141.179041, 41.41187], [141.175822, 41.412742], [141.175868, 41.412843]]], [[[141.246578, 41.361155], [141.247557, 41.360027], [141.247631, 41.359368], [141.248125, 41.358015], [141.25, 41.352107], [141.249987, 41.35183], [141.248772, 41.350245], [141.247531, 41.347842], [141.247063, 41.346345], [141.245411, 41.344031], [141.240826, 41.339107], [141.239097, 41.336841], [141.238555, 41.33596], [141.236968, 41.333768], [141.238013, 41.333388], [141.239342, 41.333325], [141.240349, 41.332542], [141.241416, 41.332196], [141.242386, 41.332125], [141.244106, 41.33171], [141.244873, 41.331689], [141.243453, 41.329901], [141.2426, 41.329182], [141.241704, 41.329577], [141.240751, 41.329415], [141.240218, 41.328696], [141.238957, 41.328774], [141.238221, 41.328217], [141.23536, 41.326769], [141.234315, 41.326551], [141.234036, 41.325902], [141.234175, 41.324493], [141.234081, 41.323727], [141.233568, 41.323155], [141.233118, 41.321838], [141.232541, 41.321557], [141.230803, 41.32106], [141.22984, 41.320503], [141.228812, 41.319559], [141.228644, 41.318212], [141.228224, 41.317135], [141.227169, 41.316206], [141.226242, 41.315079], [141.225963, 41.313635], [141.226216, 41.312909], [141.226048, 41.312376], [141.228441, 41.309456], [141.230148, 41.309885], [141.232569, 41.309492], [141.234073, 41.308907], [141.234923, 41.30878], [141.235858, 41.309069], [141.238977, 41.309562], [141.239584, 41.309309], [141.240968, 41.309978], [141.240677, 41.311323], [141.241481, 41.311802], [141.242192, 41.311718], [141.242919, 41.311217], [141.244211, 41.311352], [141.244274, 41.310837], [141.245546, 41.310632], [141.245846, 41.310394], [141.246418, 41.310899], [141.246418, 41.309914], [141.247199, 41.308491], [141.247682, 41.30701], [141.248776, 41.305477], [141.249935, 41.304398], [141.251569, 41.303411], [141.252579, 41.302383], [141.252962, 41.301665], [141.253729, 41.299179], [141.253923, 41.298151], [141.254354, 41.294531], [141.254196, 41.292087], [141.254, 41.29184], [141.252562, 41.2911], [141.252216, 41.290523], [141.251198, 41.289803], [141.248936, 41.286219], [141.248908, 41.285796], [141.249318, 41.284837], [141.248488, 41.284127], [141.247695, 41.282578], [141.247544, 41.281859], [141.247834, 41.280083], [141.248647, 41.27685], [141.248853, 41.275749], [141.249609, 41.274368], [141.249823, 41.273406], [141.250468, 41.269187], [141.251141, 41.266994], [141.251255, 41.264904], [141.250955, 41.263783], [141.248936, 41.261368], [141.248545, 41.259875], [141.247518, 41.258598], [141.247526, 41.257732], [141.248114, 41.257303], [141.248339, 41.256425], [141.248339, 41.254959], [141.247651, 41.252194], [141.247096, 41.251479], [141.246818, 41.249885], [141.246514, 41.249198], [141.248433, 41.248597], [141.249242, 41.248454], [141.251148, 41.247559], [141.253394, 41.246673], [141.253421, 41.246387], [141.255062, 41.244823], [141.256981, 41.244813], [141.260364, 41.244653], [141.262081, 41.244004], [141.264195, 41.243915], [141.264914, 41.243571], [141.266037, 41.243391], [141.267617, 41.244287], [141.268146, 41.244297], [141.268828, 41.244773], [141.271265, 41.245171], [141.271857, 41.245409], [141.273588, 41.245704], [141.275216, 41.247334], [141.277159, 41.248955], [141.278018, 41.249297], [141.279508, 41.249593], [141.280428, 41.249917], [141.281792, 41.249803], [141.28274, 41.249889], [141.284583, 41.249232], [141.284873, 41.24924], [141.286805, 41.248478], [141.287411, 41.247866], [141.288357, 41.247486], [141.289898, 41.247267], [141.291502, 41.248097], [141.292538, 41.248315], [141.294708, 41.247782], [141.297182, 41.24763], [141.29794, 41.24782], [141.299922, 41.247648], [141.300641, 41.247896], [141.302145, 41.248735], [141.303469, 41.249308], [141.305338, 41.247496], [141.306778, 41.247458], [141.307307, 41.246705], [141.30708, 41.245856], [141.308531, 41.244722], [141.309202, 41.24395], [141.310489, 41.243254], [141.312168, 41.244103], [141.313531, 41.2454], [141.314049, 41.246334], [141.31526, 41.247374], [141.316952, 41.248136], [141.31882, 41.24854], [141.319237, 41.249778], [141.319983, 41.250131], [141.320765, 41.249588], [141.32108, 41.248482], [141.320955, 41.247243], [141.320678, 41.246165], [141.321687, 41.245679], [141.322253, 41.244926], [141.322784, 41.244708], [141.32464, 41.244965], [141.326685, 41.244254], [141.326609, 41.243177], [141.3269, 41.242395], [141.325993, 41.241957], [141.325512, 41.24107], [141.326106, 41.24024], [141.325322, 41.239725], [141.325361, 41.239391], [141.326775, 41.23839], [141.326762, 41.237627], [141.327809, 41.23636], [141.328049, 41.234509], [141.328454, 41.233794], [141.32834, 41.232992], [141.329312, 41.23265], [141.329942, 41.231829], [141.331598, 41.231175], [141.331546, 41.229459], [141.33166, 41.228992], [141.332494, 41.228152], [141.332556, 41.227782], [141.331725, 41.226656], [141.332127, 41.226189], [141.333692, 41.226303], [141.334942, 41.226198], [141.335045, 41.225865], [141.334474, 41.224832], [141.33445, 41.223668], [141.3356, 41.222705], [141.336055, 41.221408], [141.335436, 41.219759], [141.335624, 41.219187], [141.337493, 41.217455], [141.338515, 41.216225], [141.33897, 41.215254], [141.338692, 41.214491], [141.337884, 41.213471], [141.336218, 41.21327], [141.335801, 41.212546], [141.33555, 41.211071], [141.335687, 41.210137], [141.336332, 41.208783], [141.336168, 41.207896], [141.3356, 41.206772], [141.334728, 41.205512], [141.335222, 41.203843], [141.337141, 41.200011], [141.336736, 41.19812], [141.335727, 41.196862], [141.333758, 41.195555], [141.33237, 41.194232], [141.331257, 41.192802], [141.33011, 41.190839], [141.32987, 41.189254], [141.329959, 41.187795], [141.329138, 41.185878], [141.32867, 41.185161], [141.328596, 41.184599], [141.328987, 41.18335], [141.329972, 41.182768], [141.330211, 41.1821], [141.33001, 41.181528], [141.329402, 41.18087], [141.328683, 41.179144], [141.327068, 41.178165], [141.325892, 41.17641], [141.325553, 41.176077], [141.324518, 41.175829], [141.324391, 41.174868], [141.323318, 41.174362], [141.323267, 41.174057], [141.323886, 41.173381], [141.324303, 41.172142], [141.324391, 41.170902], [141.323938, 41.170359], [141.322334, 41.170197], [141.321047, 41.169387], [141.321248, 41.169078], [141.319329, 41.167491], [141.320112, 41.166673], [141.321154, 41.166066], [141.319349, 41.164939], [141.319526, 41.163665], [141.318499, 41.162398], [141.31865, 41.161947], [141.32014, 41.161783], [141.320606, 41.160255], [141.321705, 41.15975], [141.320914, 41.158546], [141.321408, 41.157763], [141.321137, 41.156607], [141.3207, 41.155622], [141.320962, 41.155051], [141.322275, 41.154776], [141.322955, 41.154107], [141.32193, 41.153615], [141.320905, 41.153347], [141.320214, 41.152966], [141.319312, 41.152846], [141.318639, 41.152508], [141.317316, 41.152402], [141.316777, 41.152627], [141.315509, 41.152557], [141.314287, 41.152233], [141.313579, 41.15229], [141.313094, 41.152007], [141.311986, 41.152007], [141.31057, 41.151691], [141.308791, 41.152409], [141.307161, 41.152275], [141.304977, 41.152452], [141.302379, 41.153383], [141.301065, 41.153988], [141.299901, 41.154348], [141.298613, 41.154495], [141.297962, 41.154787], [141.296406, 41.154632], [141.295184, 41.154886], [141.294076, 41.155767], [141.292361, 41.156146], [141.291187, 41.156696], [141.290674, 41.157204], [141.289937, 41.157401], [141.288764, 41.157168], [141.287972, 41.157831], [141.28731, 41.156795], [141.285643, 41.156851], [141.283824, 41.155223], [141.282828, 41.155058], [141.282037, 41.154205], [141.281403, 41.154451], [141.280927, 41.154205], [141.281141, 41.153797], [141.280155, 41.153218], [141.279408, 41.15336], [141.279316, 41.152828], [141.278662, 41.152905], [141.278542, 41.151983], [141.277832, 41.152094], [141.277366, 41.151524], [141.277041, 41.150362], [141.276326, 41.150699], [141.276634, 41.151885], [141.277067, 41.152454], [141.277804, 41.152832], [141.278346, 41.153952], [141.278383, 41.155534], [141.278964, 41.157081], [141.27906, 41.158343], [141.278533, 41.161181], [141.277716, 41.163037], [141.27609, 41.168263], [141.275443, 41.170018], [141.275212, 41.171047], [141.274611, 41.172379], [141.27385, 41.174927], [141.271394, 41.180507], [141.271101, 41.180886], [141.270242, 41.183586], [141.269014, 41.186796], [141.267602, 41.18923], [141.266618, 41.191569], [141.266205, 41.192311], [141.265008, 41.195075], [141.262674, 41.199618], [141.26096, 41.199262], [141.259765, 41.200996], [141.260864, 41.199652], [141.262154, 41.199932], [141.261697, 41.200956], [141.260582, 41.200718], [141.261459, 41.201118], [141.259688, 41.205659], [141.258183, 41.208109], [141.257944, 41.208722], [141.254677, 41.213845], [141.253646, 41.215154], [141.252503, 41.217067], [141.250977, 41.219227], [141.247662, 41.224181], [141.246287, 41.225818], [141.245476, 41.227095], [141.243918, 41.228852], [141.240467, 41.233395], [141.237727, 41.236673], [141.234888, 41.23992], [141.233703, 41.241514], [141.230698, 41.244627], [141.229805, 41.245393], [141.228957, 41.246408], [141.221793, 41.253195], [141.2194, 41.255347], [141.21125, 41.261997], [141.205054, 41.266478], [141.204274, 41.26721], [141.20217, 41.268779], [141.199735, 41.270338], [141.198835, 41.271132], [141.198166, 41.271355], [141.198273, 41.27204], [141.196439, 41.273129], [141.194656, 41.273815], [141.191948, 41.275226], [141.191686, 41.275262], [141.187892, 41.276994], [141.184955, 41.274886], [141.184026, 41.274305], [141.18059, 41.275102], [141.180752, 41.275135], [141.184011, 41.274387], [141.186823, 41.276413], [141.186718, 41.276677], [141.187785, 41.277445], [141.188163, 41.277361], [141.188974, 41.277911], [141.189321, 41.278442], [141.189024, 41.278873], [141.187737, 41.27941], [141.186058, 41.278304], [141.186463, 41.277618], [141.185241, 41.276796], [141.183807, 41.277982], [141.181574, 41.276523], [141.181027, 41.276429], [141.177406, 41.277322], [141.177408, 41.277416], [141.17241, 41.278604], [141.171112, 41.279617], [141.170085, 41.279477], [141.169182, 41.279098], [141.169429, 41.277979], [141.168068, 41.277871], [141.167574, 41.279264], [141.165703, 41.279041], [141.1656, 41.279327], [141.16505, 41.278908], [141.164945, 41.279411], [141.164184, 41.279713], [141.162534, 41.279595], [141.162762, 41.278509], [141.160036, 41.278188], [141.157359, 41.276129], [141.157204, 41.275241], [141.156957, 41.275151], [141.156675, 41.273602], [141.156113, 41.271706], [141.155799, 41.269713], [141.155018, 41.268237], [141.154236, 41.267187], [141.153862, 41.267068], [141.152601, 41.265795], [141.15176, 41.264324], [141.15054, 41.262541], [141.149299, 41.261412], [141.148788, 41.26067], [141.146969, 41.259043], [141.146082, 41.257746], [141.145352, 41.257003], [141.145291, 41.25658], [141.144399, 41.255631], [141.146132, 41.254117], [141.146014, 41.254041], [141.144277, 41.255553], [141.142548, 41.254432], [141.143825, 41.253353], [141.14372, 41.253278], [141.142487, 41.254396], [141.141119, 41.253508], [141.141099, 41.252694], [141.142253, 41.2527], [141.143495, 41.251607], [141.143342, 41.251511], [141.142107, 41.252593], [141.141097, 41.252627], [141.14108, 41.25189], [141.140562, 41.250708], [141.140013, 41.248931], [141.13877, 41.248608], [141.138682, 41.247049], [141.133935, 41.244494], [141.13323, 41.243863], [141.133481, 41.2416], [141.133861, 41.240253], [141.134497, 41.240006], [141.137876, 41.240144], [141.142859, 41.240434], [141.143381, 41.240762], [141.143973, 41.240692], [141.144574, 41.241095], [141.145929, 41.243383], [141.146517, 41.244863], [141.147254, 41.245613], [141.148504, 41.246497], [141.148993, 41.246574], [141.149957, 41.247476], [141.151082, 41.248125], [141.152542, 41.24932], [141.154186, 41.250126], [141.15421, 41.251233], [141.155593, 41.251159], [141.15645, 41.251648], [141.157597, 41.253057], [141.158242, 41.255003], [141.158347, 41.256364], [141.158111, 41.258254], [141.1585, 41.259207], [141.158181, 41.259561], [141.158067, 41.26101], [141.157591, 41.261527], [141.155967, 41.262607], [141.15629, 41.262793], [141.157311, 41.262574], [141.15819, 41.262082], [141.159372, 41.260435], [141.159442, 41.257503], [141.159256, 41.255529], [141.158987, 41.254223], [141.158382, 41.252253], [141.157348, 41.24977], [141.15518, 41.244973], [141.154345, 41.243628], [141.154319, 41.242796], [141.153893, 41.242882], [141.153191, 41.242317], [141.151893, 41.240778], [141.150123, 41.239398], [141.148705, 41.238634], [141.147151, 41.238058], [141.145612, 41.237149], [141.145254, 41.236535], [141.143761, 41.235459], [141.14372, 41.23489], [141.144297, 41.234602], [141.144264, 41.233896], [141.143602, 41.234029], [141.140118, 41.232833], [141.13627, 41.230362], [141.133074, 41.227521], [141.133046, 41.227293], [141.131927, 41.22645], [141.131566, 41.22593], [141.13029, 41.224679], [141.12928, 41.224039], [141.127576, 41.222454], [141.127001, 41.222159], [141.124046, 41.219972], [141.119907, 41.217639], [141.118054, 41.216715], [141.114992, 41.214655], [141.11462, 41.213962], [141.113351, 41.213353], [141.111954, 41.213618], [141.10919, 41.213947], [141.105365, 41.213783], [141.104607, 41.213611], [141.101501, 41.213523], [141.098811, 41.212906], [141.096201, 41.211812], [141.093891, 41.210655], [141.093572, 41.209771], [141.091704, 41.208644], [141.089188, 41.208146], [141.088758, 41.207929], [141.088338, 41.207156], [141.086655, 41.205821], [141.085906, 41.205459], [141.083183, 41.204863], [141.081948, 41.204187], [141.081415, 41.204156], [141.080243, 41.2037], [141.079579, 41.203167], [141.077999, 41.202246], [141.077431, 41.202091], [141.076777, 41.201524], [141.075431, 41.201012], [141.075195, 41.20062], [141.075717, 41.200319], [141.075184, 41.199992], [141.07514, 41.20035], [141.074305, 41.200102], [141.074764, 41.199706], [141.073307, 41.198798], [141.07318, 41.199035], [141.072085, 41.198698], [141.071394, 41.198228], [141.068835, 41.196021], [141.067115, 41.194333], [141.066337, 41.192837], [141.065666, 41.192105], [141.064753, 41.191458], [141.063133, 41.190562], [141.063214, 41.190188], [141.061719, 41.189216], [141.061014, 41.188009], [141.060611, 41.187679], [141.059868, 41.185714], [141.058867, 41.184636], [141.058159, 41.18344], [141.056804, 41.18312], [141.055591, 41.182555], [141.054929, 41.18248], [141.054136, 41.182738], [141.052444, 41.182547], [141.05103, 41.183022], [141.04945, 41.183351], [141.0485, 41.183284], [141.046546, 41.183919], [141.045342, 41.184152], [141.044144, 41.184885], [141.041963, 41.185388], [141.040687, 41.185248], [141.038796, 41.184632], [141.036366, 41.184939], [141.034699, 41.184995], [141.032904, 41.185572], [141.031541, 41.186198], [141.031007, 41.186594], [141.029598, 41.18709], [141.028429, 41.188154], [141.024152, 41.190596], [141.02189, 41.191618], [141.021385, 41.192037], [141.015427, 41.195494], [141.014131, 41.195721], [141.013637, 41.194853], [141.012942, 41.19519], [141.013314, 41.195846], [141.011865, 41.196316], [141.011983, 41.196741], [141.010661, 41.197079], [141.009566, 41.197516], [141.007061, 41.1978], [141.005921, 41.197796], [141.005337, 41.197597], [141.005232, 41.196907], [141.003951, 41.196737], [141.002907, 41.197085], [141.001934, 41.197178], [141.000254, 41.196846], [140.999286, 41.19631], [140.999008, 41.195894], [140.996888, 41.195151], [140.995964, 41.195692], [140.995048, 41.195577], [140.992266, 41.196365], [140.991127, 41.196988], [140.990657, 41.196524], [140.989477, 41.195913], [140.989298, 41.196004], [140.989851, 41.196905], [140.987617, 41.197701], [140.98421, 41.198596], [140.9835, 41.19746], [140.986125, 41.195458], [140.986053, 41.195403], [140.983437, 41.197415], [140.982589, 41.197439], [140.982532, 41.198976], [140.981557, 41.199188], [140.979339, 41.198903], [140.977363, 41.198268], [140.976889, 41.197282], [140.976413, 41.19697], [140.975573, 41.196863], [140.974588, 41.196179], [140.972232, 41.195668], [140.971144, 41.194972], [140.970464, 41.194849], [140.968521, 41.193934], [140.96823, 41.193487], [140.966371, 41.192628], [140.96394, 41.191021], [140.9633, 41.189924], [140.962201, 41.188788], [140.959777, 41.186723], [140.959231, 41.186952], [140.958638, 41.186435], [140.957373, 41.185857], [140.956779, 41.184868], [140.957124, 41.184149], [140.956696, 41.183808], [140.956145, 41.182425], [140.955636, 41.182281], [140.95423, 41.180876], [140.953374, 41.180508], [140.95182, 41.179364], [140.951208, 41.17807], [140.949121, 41.176409], [140.948981, 41.175984], [140.948153, 41.175191], [140.945191, 41.173858], [140.943128, 41.174275], [140.941179, 41.175382], [140.939767, 41.175652], [140.937669, 41.175814], [140.934697, 41.175509], [140.933445, 41.174843], [140.933936, 41.173854], [140.933552, 41.173777], [140.933285, 41.174281], [140.931904, 41.173981], [140.931233, 41.17421], [140.929734, 41.17333], [140.928822, 41.173593], [140.927928, 41.174092], [140.926005, 41.174907], [140.924869, 41.175247], [140.924108, 41.175243], [140.923155, 41.175619], [140.920122, 41.175946], [140.918771, 41.175884], [140.918157, 41.176078], [140.916011, 41.175921], [140.913915, 41.175572], [140.912193, 41.175112], [140.908972, 41.173757], [140.905895, 41.171646], [140.905252, 41.171005], [140.904846, 41.170272], [140.905123, 41.169592], [140.904188, 41.16883], [140.903736, 41.168113], [140.900623, 41.167559], [140.899723, 41.16723], [140.899588, 41.166741], [140.898744, 41.166381], [140.89728, 41.166096], [140.896279, 41.165504], [140.89523, 41.165468], [140.894294, 41.165059], [140.893916, 41.164492], [140.893414, 41.164495], [140.892209, 41.163555], [140.889738, 41.163487], [140.889115, 41.163871], [140.88764, 41.164429], [140.886774, 41.164921], [140.884661, 41.165555], [140.881905, 41.165698], [140.881064, 41.166302], [140.877003, 41.166892], [140.87612, 41.166831], [140.875355, 41.166547], [140.873847, 41.166338], [140.873297, 41.165637], [140.8711, 41.165949], [140.869295, 41.165496], [140.867883, 41.164836], [140.866179, 41.164583], [140.865514, 41.164223], [140.864437, 41.163328], [140.86348, 41.163153], [140.862452, 41.162403], [140.859559, 41.161399], [140.858742, 41.161374], [140.85799, 41.161679], [140.856748, 41.161683], [140.856008, 41.161442], [140.85455, 41.161429], [140.853394, 41.160865], [140.852738, 41.160089], [140.851519, 41.159778], [140.850076, 41.159114], [140.848608, 41.158625], [140.846225, 41.156768], [140.846427, 41.155989], [140.847237, 41.155691], [140.846212, 41.155563], [140.845327, 41.154545], [140.844693, 41.154481], [140.843592, 41.153976], [140.842895, 41.153878], [140.84222, 41.153198], [140.841409, 41.152755], [140.840609, 41.152589], [140.840239, 41.15203], [140.839142, 41.151786], [140.838845, 41.151436], [140.836253, 41.150697], [140.834225, 41.150275], [140.83275, 41.149724], [140.83077, 41.147723], [140.829581, 41.147381], [140.828198, 41.146344], [140.826244, 41.143735], [140.826889, 41.144699], [140.825341, 41.145375], [140.823881, 41.143488], [140.824496, 41.14322], [140.824192, 41.142829], [140.823322, 41.143208], [140.822703, 41.14178], [140.824078, 41.141554], [140.824056, 41.141127], [140.823269, 41.140745], [140.823138, 41.140373], [140.821703, 41.139201], [140.821733, 41.138723], [140.820787, 41.138716], [140.820404, 41.138383], [140.819987, 41.138585], [140.819012, 41.138071], [140.818558, 41.138079], [140.817454, 41.136745], [140.817843, 41.136537], [140.817314, 41.135934], [140.817893, 41.135618], [140.817596, 41.134641], [140.815756, 41.134196], [140.814932, 41.133694], [140.815107, 41.132661], [140.814724, 41.132515], [140.815161, 41.131917], [140.814606, 41.131205], [140.814438, 41.130515], [140.813529, 41.129797], [140.813035, 41.129758], [140.812067, 41.128967], [140.812185, 41.128165], [140.811492, 41.127654], [140.810469, 41.127701], [140.810214, 41.128132], [140.808889, 41.128397], [140.808535, 41.128722], [140.807167, 41.127516], [140.806841, 41.127658], [140.808271, 41.128884], [140.807047, 41.129611], [140.806577, 41.129208], [140.805578, 41.12981], [140.804378, 41.129375], [140.804549, 41.128955], [140.803817, 41.128434], [140.803085, 41.128739], [140.800016, 41.128682], [140.798664, 41.128896], [140.796819, 41.129849], [140.795158, 41.131704], [140.794443, 41.132049], [140.794089, 41.132557], [140.792271, 41.133328], [140.792171, 41.13291], [140.790514, 41.133029], [140.79042, 41.13231], [140.789058, 41.132286], [140.788208, 41.131723], [140.786641, 41.131292], [140.785496, 41.131394], [140.783604, 41.13125], [140.782865, 41.131408], [140.78177, 41.132479], [140.780266, 41.133192], [140.778131, 41.134607], [140.7772, 41.135881], [140.777834, 41.13639], [140.778059, 41.137253], [140.779261, 41.137856], [140.779143, 41.13859], [140.777615, 41.138988], [140.776531, 41.138612], [140.775115, 41.138975], [140.774031, 41.140221], [140.773618, 41.140197], [140.773435, 41.140772], [140.774049, 41.140984], [140.773671, 41.142123], [140.772936, 41.142077], [140.772213, 41.141386], [140.770967, 41.141239], [140.769556, 41.140605], [140.76902, 41.14083], [140.768909, 41.142278], [140.768024, 41.143674], [140.767884, 41.144339], [140.767523, 41.144561], [140.767099, 41.145522], [140.766354, 41.145129], [140.766384, 41.144496], [140.765915, 41.144165], [140.765172, 41.14444], [140.764931, 41.145066], [140.764188, 41.145645], [140.764197, 41.147679], [140.764673, 41.14846], [140.765202, 41.148678], [140.76541, 41.149486], [140.766083, 41.149733], [140.766358, 41.150729], [140.767149, 41.151354], [140.766697, 41.153471], [140.765893, 41.153517], [140.76572, 41.154242], [140.766623, 41.154388], [140.766286, 41.154913], [140.766435, 41.155965], [140.766787, 41.156669], [140.767709, 41.156945], [140.768155, 41.157328], [140.768286, 41.158606], [140.767663, 41.159884], [140.767044, 41.160081], [140.766719, 41.160711], [140.766826, 41.161367], [140.767899, 41.162309], [140.767901, 41.162952], [140.768681, 41.16432], [140.768721, 41.165366], [140.768489, 41.165985], [140.76765, 41.166572], [140.767219, 41.167349], [140.766763, 41.167429], [140.766859, 41.168217], [140.768712, 41.168593], [140.768697, 41.169027], [140.767665, 41.169297], [140.767892, 41.170036], [140.768756, 41.170114], [140.768911, 41.17092], [140.768526, 41.17111], [140.769024, 41.171573], [140.769046, 41.172168], [140.768526, 41.172689], [140.768906, 41.173669], [140.768299, 41.173981], [140.768732, 41.174301], [140.768456, 41.174637], [140.767831, 41.174521], [140.768423, 41.175017], [140.768163, 41.176713], [140.767423, 41.177235], [140.767285, 41.178886], [140.767464, 41.179883], [140.767381, 41.180566], [140.766981, 41.181107], [140.766671, 41.182594], [140.766817, 41.182991], [140.766317, 41.183461], [140.766953, 41.183559], [140.766795, 41.184335], [140.765401, 41.185285], [140.764887, 41.186948], [140.765051, 41.187476], [140.764763, 41.189162], [140.764391, 41.189827], [140.764162, 41.19105], [140.764765, 41.191804], [140.764254, 41.192181], [140.764678, 41.192698], [140.764149, 41.193054], [140.764503, 41.193477], [140.764492, 41.194208], [140.764029, 41.194594], [140.764225, 41.195277], [140.76551, 41.196504], [140.765486, 41.197365], [140.767005, 41.198546], [140.767079, 41.198828], [140.767995, 41.199319], [140.768434, 41.200832], [140.769359, 41.201378], [140.771219, 41.203215], [140.772418, 41.203644], [140.773129, 41.203518], [140.773758, 41.204162], [140.774326, 41.204235], [140.774243, 41.205239], [140.7775, 41.206701], [140.7789, 41.207461], [140.779512, 41.208941], [140.779414, 41.20974], [140.778284, 41.210135], [140.779777, 41.210234], [140.780931, 41.210505], [140.783378, 41.211767], [140.784473, 41.212239], [140.785811, 41.213412], [140.786995, 41.213663], [140.788538, 41.213582], [140.789454, 41.214568], [140.78967, 41.215138], [140.790413, 41.215952], [140.79186, 41.216506], [140.792575, 41.216977], [140.792402, 41.218624], [140.792142, 41.219567], [140.792197, 41.222002], [140.792715, 41.222841], [140.793609, 41.222801], [140.796026, 41.222418], [140.797156, 41.222425], [140.798279, 41.222841], [140.800477, 41.225097], [140.801537, 41.225675], [140.804114, 41.226221], [140.804901, 41.227044], [140.805194, 41.227816], [140.806098, 41.228192], [140.807449, 41.228982], [140.809357, 41.22969], [140.810404, 41.230839], [140.813369, 41.231417], [140.81512, 41.231684], [140.816274, 41.232516], [140.817998, 41.232751], [140.818851, 41.233989], [140.818938, 41.235146], [140.819508, 41.235927], [140.820383, 41.237638], [140.821427, 41.237728], [140.821934, 41.238827], [140.822819, 41.239446], [140.822808, 41.24031], [140.823313, 41.240894], [140.823617, 41.241652], [140.822786, 41.243941], [140.823239, 41.245789], [140.823141, 41.246066], [140.823604, 41.247572], [140.822668, 41.248599], [140.820468, 41.249869], [140.818818, 41.252076], [140.818166, 41.253575], [140.817471, 41.254505], [140.815922, 41.256186], [140.817203, 41.257676], [140.818783, 41.260214], [140.819729, 41.260939], [140.820741, 41.262034], [140.821563, 41.262189], [140.821989, 41.262643], [140.822463, 41.264261], [140.822747, 41.264798], [140.823853, 41.265715], [140.824249, 41.26649], [140.825418, 41.268147], [140.825765, 41.268874], [140.827013, 41.269732], [140.829382, 41.270375], [140.83169, 41.271185], [140.833049, 41.270864], [140.834645, 41.269017], [140.835276, 41.269041], [140.837551, 41.269588], [140.8385, 41.269683], [140.83959, 41.269326], [140.841328, 41.269542], [140.841817, 41.269756], [140.842418, 41.269315], [140.842829, 41.268159], [140.845941, 41.266384], [140.846953, 41.266099], [140.847174, 41.265647], [140.84779, 41.265514], [140.848155, 41.264431], [140.847808, 41.264193], [140.849244, 41.263478], [140.849403, 41.262715], [140.849971, 41.26256], [140.850273, 41.263013], [140.851851, 41.262319], [140.852421, 41.26158], [140.853621, 41.261414], [140.854316, 41.261736], [140.854932, 41.26108], [140.855612, 41.261068], [140.856418, 41.261534], [140.857461, 41.26071], [140.858173, 41.261021], [140.859579, 41.260532], [140.859799, 41.260163], [140.860796, 41.259686], [140.862691, 41.259711], [140.863482, 41.260282], [140.865204, 41.259436], [140.86683, 41.259079], [140.867464, 41.259091], [140.867874, 41.258423], [140.86827, 41.258292], [140.86928, 41.258542], [140.871271, 41.25965], [140.870938, 41.260318], [140.868838, 41.259638], [140.867794, 41.259757], [140.867068, 41.260353], [140.867005, 41.261199], [140.864633, 41.261128], [140.864856, 41.26226], [140.865204, 41.26245], [140.864161, 41.263521], [140.863639, 41.263747], [140.862122, 41.265154], [140.861349, 41.265118], [140.860875, 41.266309], [140.859974, 41.267155], [140.860053, 41.268241], [140.858884, 41.267918], [140.857966, 41.267894], [140.854996, 41.26958], [140.853621, 41.269789], [140.853907, 41.270433], [140.853385, 41.270861], [140.854159, 41.2717], [140.855721, 41.273673], [140.855564, 41.274782], [140.854948, 41.275508], [140.853859, 41.275831], [140.852627, 41.275711], [140.852216, 41.276676], [140.852799, 41.277322], [140.853053, 41.278168], [140.852183, 41.279634], [140.852104, 41.280479], [140.850745, 41.281493], [140.850004, 41.28249], [140.849939, 41.283077], [140.850319, 41.283682], [140.850301, 41.284433], [140.850682, 41.285529], [140.851328, 41.286519], [140.851978, 41.287174], [140.85073, 41.289068], [140.849449, 41.290262], [140.848059, 41.290834], [140.846684, 41.29106], [140.846068, 41.291752], [140.846446, 41.294089], [140.844914, 41.294339], [140.843461, 41.294816], [140.841848, 41.294792], [140.84079, 41.295043], [140.83951, 41.296043], [140.837361, 41.296639], [140.836319, 41.297628], [140.834706, 41.298629], [140.834153, 41.299345], [140.834122, 41.300096], [140.834942, 41.302316], [140.835781, 41.3029], [140.836507, 41.30296], [140.837962, 41.3047], [140.837613, 41.305296], [140.837803, 41.305928], [140.838655, 41.306929], [140.839225, 41.308151], [140.839588, 41.307923], [140.840489, 41.306744], [140.842069, 41.306958], [140.843998, 41.306327], [140.844755, 41.306411], [140.845799, 41.306887], [140.84651, 41.308079], [140.847788, 41.310713], [140.848927, 41.312538], [140.849038, 41.313301], [140.848737, 41.314052], [140.849464, 41.314541], [140.850207, 41.314541], [140.851534, 41.314099], [140.85264, 41.313396], [140.853193, 41.313301], [140.855815, 41.314031], [140.85776, 41.314948], [140.859434, 41.315353], [140.859766, 41.317069], [140.860588, 41.318247], [140.860872, 41.319022], [140.861093, 41.321452], [140.861552, 41.321858], [140.862909, 41.321834], [140.864126, 41.322203], [140.866402, 41.321942], [140.867003, 41.32168], [140.86754, 41.321], [140.868709, 41.321024], [140.869136, 41.321369], [140.869658, 41.322472], [140.869973, 41.323807], [140.870163, 41.325381], [140.872569, 41.327692], [140.872425, 41.328853], [140.873251, 41.329842], [140.873554, 41.330697], [140.87499, 41.331901], [140.875965, 41.333048], [140.875799, 41.33345], [140.874544, 41.334445], [140.874101, 41.33541], [140.874499, 41.335949], [140.875663, 41.336905], [140.875991, 41.337458], [140.877206, 41.338725], [140.878295, 41.340155], [140.879422, 41.340908], [140.880181, 41.342002], [140.880181, 41.344501], [140.881953, 41.345225], [140.882104, 41.345949], [140.883448, 41.34674], [140.884117, 41.347536], [140.883979, 41.34931], [140.884093, 41.350158], [140.884574, 41.350911], [140.887091, 41.352297], [140.888219, 41.352718], [140.889194, 41.352756], [140.890409, 41.353281], [140.891003, 41.353871], [140.892382, 41.354689], [140.894458, 41.357177], [140.895824, 41.357883], [140.896976, 41.358646], [140.898053, 41.359687], [140.898838, 41.360145], [140.899987, 41.361135], [140.902381, 41.361727], [140.903545, 41.361903], [140.902481, 41.364544], [140.904837, 41.364935], [140.906393, 41.365765], [140.909051, 41.366156], [140.910353, 41.365575], [140.91138, 41.365432], [140.914746, 41.3656], [140.91586, 41.367212], [140.917329, 41.367716], [140.918328, 41.368395], [140.918645, 41.369043], [140.918455, 41.369452], [140.91743, 41.370205], [140.916606, 41.371254], [140.915227, 41.372236], [140.914138, 41.372784], [140.912215, 41.373279], [140.911468, 41.373757], [140.911618, 41.374509], [140.912923, 41.376976], [140.913708, 41.377911], [140.914416, 41.379084], [140.91496, 41.380532], [140.915493, 41.380791], [140.916595, 41.380791], [140.919036, 41.381181], [140.920214, 41.381857], [140.922541, 41.381408], [140.923732, 41.381436], [140.924681, 41.381674], [140.925566, 41.382379], [140.925717, 41.382761], [140.92663, 41.383438], [140.927072, 41.384525], [140.927542, 41.38644], [140.928997, 41.388097], [140.929338, 41.389594], [140.931274, 41.39092], [140.931805, 41.391959], [140.933224, 41.393055], [140.933615, 41.393986], [140.933604, 41.39452], [140.932579, 41.39476], [140.932146, 41.395073], [140.931312, 41.396523], [140.930756, 41.397161], [140.927933, 41.397952], [140.927629, 41.398553], [140.928274, 41.399769], [140.928794, 41.400284], [140.93059, 41.400684], [140.931666, 41.401237], [140.932363, 41.402419], [140.932704, 41.403923], [140.933401, 41.404524], [140.934754, 41.405306], [140.934209, 41.406678], [140.934793, 41.40726], [140.935905, 41.407554], [140.937223, 41.407699], [140.937514, 41.409367], [140.937894, 41.41027], [140.938462, 41.410918], [140.939044, 41.412052], [140.938502, 41.413788], [140.937728, 41.414722], [140.938399, 41.414913], [140.939336, 41.415512], [140.939767, 41.417617], [140.940589, 41.419277], [140.940622, 41.419997], [140.940368, 41.421059], [140.942064, 41.420721], [140.943078, 41.421199], [140.944612, 41.422542], [140.945174, 41.423482], [140.944199, 41.424167], [140.945152, 41.426879], [140.947571, 41.426698], [140.948555, 41.426421], [140.949645, 41.425349], [140.951953, 41.425025], [140.953968, 41.424448], [140.955336, 41.424454], [140.956713, 41.423968], [140.957904, 41.424701], [140.960503, 41.42536], [140.960699, 41.425654], [140.960966, 41.427275], [140.962035, 41.428377], [140.963599, 41.429674], [140.963789, 41.430217], [140.965586, 41.431513], [140.96526, 41.431904], [140.965243, 41.432691], [140.965617, 41.433234], [140.966808, 41.433707], [140.967594, 41.435155], [140.969107, 41.435388], [140.970628, 41.435756], [140.972022, 41.435856], [140.973733, 41.436718], [140.974902, 41.437853], [140.975233, 41.43905], [140.977862, 41.438587], [140.979732, 41.438073], [140.982471, 41.438235], [140.983662, 41.437505], [140.98538, 41.437042], [140.986577, 41.436975], [140.988468, 41.437324], [140.990867, 41.437324], [140.991256, 41.437624], [140.992264, 41.439106], [140.993695, 41.439694], [140.994779, 41.439984], [140.99524, 41.439908], [140.996434, 41.439206], [140.997537, 41.439433], [140.999369, 41.438571], [141.001499, 41.436295], [141.002605, 41.435381], [141.002883, 41.434569], [141.002627, 41.433759], [141.00259, 41.432703], [141.002872, 41.43169], [141.004537, 41.430473], [141.005171, 41.42856], [141.00624, 41.427158], [141.00624, 41.426278], [141.007182, 41.425361], [141.007429, 41.424759], [141.007505, 41.423652], [141.00846, 41.423243], [141.009623, 41.422377], [141.011933, 41.421797], [141.01251, 41.421525], [141.014665, 41.421533], [141.015792, 41.421683], [141.017637, 41.421121], [141.018841, 41.421026], [141.020766, 41.421324], [141.022333, 41.421136], [141.023256, 41.421762], [141.023612, 41.422604], [141.024069, 41.422853], [141.02545, 41.421841], [141.02783, 41.420754], [141.028363, 41.421168], [141.029469, 41.422447], [141.031023, 41.42498], [141.033783, 41.425535], [141.034307, 41.42572], [141.03646, 41.42574], [141.038486, 41.426099], [141.038997, 41.426362], [141.040427, 41.427918], [141.042269, 41.429486], [141.044197, 41.43049], [141.046273, 41.430192], [141.047372, 41.429781], [141.049448, 41.431688], [141.05008, 41.432668], [141.050709, 41.434075], [141.051159, 41.435772], [141.051275, 41.436768], [141.05119, 41.438682], [141.049898, 41.439391], [141.048694, 41.440352], [141.048301, 41.442136], [141.048255, 41.443179], [141.047809, 41.444081], [141.047715, 41.444932], [141.049525, 41.445184], [141.051129, 41.446366], [141.051793, 41.445362], [141.052486, 41.444912], [141.053126, 41.444837], [141.055345, 41.445496], [141.056684, 41.445184], [141.057303, 41.444298], [141.058502, 41.443908], [141.059545, 41.44386], [141.060362, 41.444057], [141.060924, 41.444641], [141.061636, 41.445869], [141.063304, 41.44685], [141.064648, 41.447252], [141.066213, 41.447528], [141.068803, 41.447728], [141.070026, 41.447122], [141.07193, 41.446858], [141.074334, 41.4477], [141.074858, 41.448158], [141.075289, 41.447972], [141.07598, 41.448162], [141.076419, 41.448977], [141.076869, 41.448768], [141.077658, 41.44913], [141.079824, 41.448689], [141.081957, 41.448717], [141.082438, 41.449604], [141.082324, 41.450816], [141.082748, 41.451223], [141.084109, 41.451424], [141.085182, 41.451104], [141.085799, 41.451317], [141.088253, 41.450911], [141.089241, 41.450915], [141.090006, 41.450706], [141.091048, 41.451187], [141.091286, 41.45214], [141.093004, 41.451932], [141.093841, 41.451487], [141.095364, 41.451226], [141.096973, 41.451325], [141.099084, 41.451722], [141.10059, 41.451884], [141.101685, 41.451688], [141.102319, 41.452026], [141.102821, 41.451246], [141.103669, 41.451645], [141.104974, 41.451357], [141.105063, 41.452074], [141.105953, 41.452074], [141.107349, 41.452964], [141.108176, 41.453283], [141.108547, 41.453893], [141.109893, 41.454401], [141.110315, 41.454157], [141.110859, 41.454755], [141.111421, 41.454208], [141.112452, 41.454662], [141.114231, 41.45424], [141.114902, 41.454538], [141.115689, 41.455659], [141.117551, 41.455002], [141.118255, 41.454629], [141.118487, 41.454961], [141.11931, 41.45526], [141.119752, 41.455785], [141.120117, 41.454872], [141.120005, 41.454327], [141.120333, 41.454111], [141.119684, 41.453137], [141.120027, 41.452749], [141.119942, 41.450983], [141.120475, 41.45003], [141.121636, 41.448404], [141.121682, 41.44804], [141.122527, 41.447374], [141.124649, 41.445098], [141.125517, 41.444429], [141.125862, 41.443849], [141.127477, 41.442081], [141.129132, 41.44142], [141.131531, 41.439491], [141.132017, 41.43835], [141.133492, 41.436362], [141.134246, 41.435799], [141.134921, 41.43501], [141.136527, 41.434217], [141.138899, 41.434427], [141.140184, 41.434138], [141.141143, 41.434348], [141.141779, 41.434156], [141.143012, 41.433468], [141.144037, 41.43245], [141.143731, 41.431786], [141.145024, 41.431747], [141.14636, 41.430654], [141.147411, 41.429387], [141.1478, 41.428311], [141.149284, 41.426388], [141.149273, 41.425525], [141.151163, 41.42275], [141.152457, 41.421157], [141.154129, 41.419538], [141.15525, 41.41861], [141.157512, 41.416949], [141.159951, 41.415415], [141.160648, 41.415206], [141.162235, 41.41503], [141.164656, 41.414248], [141.164866, 41.413678], [141.165393, 41.413386], [141.166496, 41.413572], [141.166123, 41.413025], [141.167486, 41.41165], [141.168844, 41.41269], [141.168881, 41.412464], [141.17121, 41.410589], [141.176145, 41.408791], [141.176097, 41.408708], [141.171138, 41.410508], [141.169254, 41.412022], [141.167725, 41.410905], [141.171394, 41.408046], [141.172249, 41.408661], [141.173912, 41.407363], [141.173048, 41.406726], [141.174539, 41.405512], [141.174801, 41.405709], [141.175031, 41.405117], [141.175717, 41.405093], [141.175459, 41.404714], [141.17667, 41.40376], [141.177002, 41.403283], [141.179139, 41.404793], [141.178088, 41.403924], [141.178499, 41.4034], [141.17722, 41.402496], [141.177717, 41.402108], [141.177712, 41.401102], [141.179312, 41.400249], [141.18087, 41.401438], [141.183906, 41.403583], [141.184011, 41.403507], [141.178615, 41.399688], [141.178713, 41.399348], [141.179756, 41.398061], [141.180855, 41.396934], [141.181801, 41.396198], [141.182431, 41.396028], [141.18396, 41.39442], [141.184555, 41.394102], [141.184749, 41.393624], [141.185344, 41.393353], [141.185564, 41.392751], [141.186161, 41.392588], [141.186463, 41.391931], [141.187676, 41.391177], [141.188532, 41.391034], [141.188674, 41.390427], [141.189223, 41.390268], [141.189828, 41.389579], [141.191177, 41.388782], [141.191435, 41.388904], [141.192154, 41.388016], [141.192586, 41.387131], [141.194361, 41.385962], [141.195956, 41.38506], [141.198931, 41.382953], [141.201934, 41.38129], [141.203085, 41.3808], [141.203933, 41.380136], [141.205378, 41.379382], [141.207056, 41.378286], [141.209355, 41.377174], [141.209814, 41.376593], [141.210898, 41.376147], [141.212061, 41.375358], [141.213938, 41.374494], [141.216694, 41.373527], [141.22056, 41.371817], [141.222313, 41.371392], [141.223207, 41.372546], [141.224313, 41.372056], [141.226793, 41.3722], [141.228972, 41.371415], [141.228906, 41.371318], [141.226769, 41.372081], [141.224341, 41.371939], [141.223209, 41.372424], [141.222453, 41.37134], [141.223541, 41.370953], [141.227189, 41.369364], [141.228246, 41.368814], [141.227951, 41.368328], [141.228766, 41.368028], [141.229422, 41.367497], [141.230681, 41.367223], [141.231352, 41.366569], [141.233804, 41.366152], [141.23593, 41.368918], [141.236031, 41.368877], [141.233732, 41.365907], [141.234193, 41.365934], [141.236127, 41.364789], [141.238118, 41.364032], [141.240341, 41.366931], [141.239779, 41.368506], [141.239971, 41.368406], [141.240887, 41.365844], [141.239556, 41.364113], [141.240725, 41.363167], [141.242281, 41.362609], [141.242799, 41.362069], [141.244003, 41.362119], [141.246036, 41.361489], [141.246578, 41.361155]]]]}}, {"type": "Feature", "properties": {"N03_001": "青森県", "N03_002": null, "N03_003": null, "N03_004": "つがる市", "N03_007": "02209", "id": "gci:02209A2005", "code": "02209", "name": "つがる市"}, "geometry": {"type": "MultiPolygon", "coordinates": [[[[140.411985, 40.936612], [140.412541, 40.93631], [140.413808, 40.935115], [140.413697, 40.934605], [140.412855, 40.935579], [140.411732, 40.936315], [140.410777, 40.936496], [140.409662, 40.936477], [140.409586, 40.936703], [140.410982, 40.936845], [140.411985, 40.936612]]], [[[140.419009, 40.921871], [140.418537, 40.920665], [140.417034, 40.919421], [140.41704, 40.917302], [140.416872, 40.915694], [140.416577, 40.914363], [140.41659, 40.912857], [140.416835, 40.912086], [140.417554, 40.910839], [140.418544, 40.910396], [140.419956, 40.910328], [140.423245, 40.910756], [140.426252, 40.910752], [140.427587, 40.910634], [140.42882, 40.909874], [140.429065, 40.908914], [140.428346, 40.908066], [140.42833, 40.90684], [140.427314, 40.905935], [140.426457, 40.904888], [140.426615, 40.903962], [140.426224, 40.903491], [140.426318, 40.902969], [140.427697, 40.900783], [140.427976, 40.900158], [140.427902, 40.899441], [140.424499, 40.89954], [140.422795, 40.899394], [140.42163, 40.89885], [140.420764, 40.898108], [140.420382, 40.896788], [140.420662, 40.896611], [140.423997, 40.896406], [140.424779, 40.896255], [140.42519, 40.895166], [140.425347, 40.89366], [140.425087, 40.893165], [140.424156, 40.893044], [140.42191, 40.893561], [140.421164, 40.89361], [140.420019, 40.893154], [140.419311, 40.892277], [140.419097, 40.891577], [140.419337, 40.891078], [140.421247, 40.890184], [140.422004, 40.888435], [140.422021, 40.888032], [140.421341, 40.887257], [140.4192, 40.886387], [140.416571, 40.884857], [140.415825, 40.883771], [140.413681, 40.882781], [140.411948, 40.882452], [140.406349, 40.881798], [140.404356, 40.881448], [140.403563, 40.881151], [140.403386, 40.880748], [140.403814, 40.879557], [140.405016, 40.878369], [140.406423, 40.876297], [140.40704, 40.874749], [140.407394, 40.872797], [140.407197, 40.871906], [140.406675, 40.87146], [140.404513, 40.870792], [140.40304, 40.870163], [140.401384, 40.869028], [140.399957, 40.867377], [140.399705, 40.866303], [140.40047, 40.863085], [140.400451, 40.861625], [140.399268, 40.857899], [140.399249, 40.857124], [140.399808, 40.854201], [140.399996, 40.852471], [140.400285, 40.851118], [140.400416, 40.849572], [140.400713, 40.848855], [140.401364, 40.848234], [140.402783, 40.847739], [140.405595, 40.847142], [140.40744, 40.846377], [140.408113, 40.845426], [140.40897, 40.843217], [140.410755, 40.835991], [140.411245, 40.834826], [140.411999, 40.833904], [140.413126, 40.832879], [140.415229, 40.831571], [140.416468, 40.830293], [140.417259, 40.829728], [140.418944, 40.827027], [140.419558, 40.825708], [140.420013, 40.825385], [140.421145, 40.823697], [140.42272, 40.82209], [140.423713, 40.821497], [140.425085, 40.821024], [140.424504, 40.819849], [140.424016, 40.819377], [140.422736, 40.819077], [140.423872, 40.816324], [140.41871, 40.815234], [140.420369, 40.810776], [140.421656, 40.811081], [140.421892, 40.810873], [140.420817, 40.810441], [140.422218, 40.807693], [140.4229, 40.806501], [140.425782, 40.807602], [140.426197, 40.807976], [140.42493, 40.810395], [140.42743, 40.811145], [140.428341, 40.809473], [140.428781, 40.809583], [140.429084, 40.809105], [140.430516, 40.80971], [140.431373, 40.809232], [140.432277, 40.80899], [140.437236, 40.809583], [140.438019, 40.80804], [140.438167, 40.80735], [140.438137, 40.806035], [140.437826, 40.804692], [140.437883, 40.803402], [140.437142, 40.800884], [140.43686, 40.799444], [140.435975, 40.797722], [140.436224, 40.796663], [140.43752, 40.795055], [140.437876, 40.793603], [140.437861, 40.792243], [140.43749, 40.789643], [140.437324, 40.789047], [140.43657, 40.788344], [140.435479, 40.787958], [140.434109, 40.787848], [140.430494, 40.787813], [140.426999, 40.788095], [140.424626, 40.787833], [140.423979, 40.787488], [140.422493, 40.785831], [140.421687, 40.784611], [140.421103, 40.783088], [140.420133, 40.782254], [140.418363, 40.780996], [140.417154, 40.779967], [140.416284, 40.778885], [140.414643, 40.776484], [140.415537, 40.774537], [140.418168, 40.773348], [140.420277, 40.772032], [140.420861, 40.769408], [140.421352, 40.765823], [140.422382, 40.76458], [140.421409, 40.76386], [140.41942, 40.763121], [140.419499, 40.762645], [140.416254, 40.763565], [140.416072, 40.763543], [140.41567, 40.762108], [140.414982, 40.762137], [140.414588, 40.76174], [140.414232, 40.762603], [140.412576, 40.765276], [140.411417, 40.766883], [140.410062, 40.768156], [140.408932, 40.769655], [140.408797, 40.771401], [140.408338, 40.771366], [140.407365, 40.772403], [140.406225, 40.771792], [140.406437, 40.770813], [140.405678, 40.770881], [140.403589, 40.770201], [140.400982, 40.769856], [140.400665, 40.774684], [140.400223, 40.775076], [140.397485, 40.77882], [140.396845, 40.779207], [140.396399, 40.779137], [140.394178, 40.778244], [140.393309, 40.779062], [140.387084, 40.785208], [140.384237, 40.783573], [140.377925, 40.789817], [140.374571, 40.787858], [140.371782, 40.786291], [140.370995, 40.785513], [140.372044, 40.784298], [140.373019, 40.783768], [140.373594, 40.783198], [140.372188, 40.78159], [140.367981, 40.783308], [140.365324, 40.784465], [140.362638, 40.786805], [140.362037, 40.787207], [140.360968, 40.783707], [140.362699, 40.783217], [140.363143, 40.783491], [140.364205, 40.782521], [140.362951, 40.781762], [140.36747, 40.781238], [140.367081, 40.77918], [140.372403, 40.778583], [140.372344, 40.778267], [140.373887, 40.778112], [140.374186, 40.777076], [140.37513, 40.777111], [140.37525, 40.776293], [140.375582, 40.77591], [140.374774, 40.774893], [140.374811, 40.774359], [140.373522, 40.773532], [140.373393, 40.773256], [140.372212, 40.773172], [140.371443, 40.772803], [140.371238, 40.772075], [140.370514, 40.771259], [140.369363, 40.7712], [140.368484, 40.771434], [140.367383, 40.771331], [140.364754, 40.770544], [140.36177, 40.769471], [140.361108, 40.769333], [140.35938, 40.767889], [140.358348, 40.767233], [140.356346, 40.76619], [140.355205, 40.765797], [140.353448, 40.765006], [140.351344, 40.764955], [140.349951, 40.764799], [140.348269, 40.764363], [140.345926, 40.763553], [140.342462, 40.76182], [140.341151, 40.760773], [140.340552, 40.759941], [140.339881, 40.759721], [140.339623, 40.759222], [140.339085, 40.75931], [140.338281, 40.760122], [140.33608, 40.759626], [140.334717, 40.760115], [140.33433, 40.760957], [140.333115, 40.761421], [140.331347, 40.760131], [140.330422, 40.759842], [140.330713, 40.759136], [140.330645, 40.757857], [140.329463, 40.757101], [140.325837, 40.759256], [140.32226, 40.761795], [140.319751, 40.763719], [140.319008, 40.764205], [140.317456, 40.765786], [140.313841, 40.767645], [140.312329, 40.768653], [140.311468, 40.769566], [140.310812, 40.769895], [140.306699, 40.769682], [140.303712, 40.770681], [140.302838, 40.770375], [140.298508, 40.770789], [140.297951, 40.770958], [140.294858, 40.772833], [140.293945, 40.773197], [140.292913, 40.773157], [140.291766, 40.772778], [140.290391, 40.774655], [140.290586, 40.775874], [140.290051, 40.776366], [140.289509, 40.776314], [140.287142, 40.782032], [140.284443, 40.78556], [140.283593, 40.786359], [140.281864, 40.787215], [140.281134, 40.787698], [140.279925, 40.788992], [140.278887, 40.789874], [140.276748, 40.791199], [140.275937, 40.791425], [140.2747, 40.792855], [140.273931, 40.793405], [140.273336, 40.794223], [140.274647, 40.795134], [140.275321, 40.795401], [140.276153, 40.796478], [140.275436, 40.796963], [140.275235, 40.797849], [140.273052, 40.79791], [140.27109, 40.798099], [140.270888, 40.798272], [140.270484, 40.799981], [140.270307, 40.8002], [140.26871, 40.800196], [140.263058, 40.799917], [140.259806, 40.799957], [140.258602, 40.799899], [140.256338, 40.800251], [140.251084, 40.800352], [140.249932, 40.800467], [140.250782, 40.801741], [140.251569, 40.802421], [140.253123, 40.804505], [140.254292, 40.80585], [140.254854, 40.80674], [140.256196, 40.8084], [140.257913, 40.810812], [140.258512, 40.812289], [140.25907, 40.812906], [140.259738, 40.814189], [140.260164, 40.81457], [140.260691, 40.815684], [140.262354, 40.817997], [140.262743, 40.818924], [140.263467, 40.819861], [140.264848, 40.822248], [140.265021, 40.822859], [140.2665, 40.825007], [140.267272, 40.826705], [140.269081, 40.829582], [140.270657, 40.833271], [140.271931, 40.835787], [140.272685, 40.836793], [140.27298, 40.83808], [140.273467, 40.83879], [140.274368, 40.840626], [140.274519, 40.84143], [140.275154, 40.842713], [140.275286, 40.844205], [140.273231, 40.844802], [140.275373, 40.84435], [140.276527, 40.84538], [140.277344, 40.847112], [140.277263, 40.848571], [140.277681, 40.849915], [140.278785, 40.851395], [140.279285, 40.851711], [140.279908, 40.852572], [140.281392, 40.855832], [140.282546, 40.858571], [140.28359, 40.861486], [140.284746, 40.863871], [140.285323, 40.865513], [140.285621, 40.866806], [140.2863, 40.868103], [140.286735, 40.869895], [140.287153, 40.870902], [140.287677, 40.872667], [140.288674, 40.875006], [140.288942, 40.876139], [140.289856, 40.878181], [140.290221, 40.879772], [140.290794, 40.881029], [140.291169, 40.882711], [140.292094, 40.884564], [140.292275, 40.885451], [140.292852, 40.887119], [140.293108, 40.888216], [140.29471, 40.892556], [140.294791, 40.893244], [140.295536, 40.895689], [140.296168, 40.896953], [140.296336, 40.898023], [140.297265, 40.90111], [140.297608, 40.901966], [140.298178, 40.904393], [140.298827, 40.905814], [140.299356, 40.908502], [140.299883, 40.910138], [140.300361, 40.912212], [140.300949, 40.91326], [140.302075, 40.917086], [140.30244, 40.919425], [140.30376, 40.923975], [140.304238, 40.926609], [140.305108, 40.92848], [140.305309, 40.929844], [140.306426, 40.93452], [140.306935, 40.936053], [140.307134, 40.937547], [140.307538, 40.939493], [140.308559, 40.942862], [140.309062, 40.945693], [140.309376, 40.946589], [140.309833, 40.949237], [140.309879, 40.95], [140.310301, 40.951568], [140.310436, 40.952661], [140.31123, 40.955648], [140.311201, 40.955975], [140.311877, 40.958443], [140.312193, 40.958984], [140.312325, 40.961002], [140.312567, 40.961901], [140.31383, 40.969153], [140.31394, 40.971292], [140.313522, 40.972837], [140.309409, 40.973235], [140.308555, 40.97548], [140.308671, 40.975504], [140.309512, 40.973324], [140.313513, 40.972886], [140.313301, 40.973313], [140.31406, 40.973974], [140.313981, 40.97527], [140.314466, 40.975374], [140.314759, 40.977654], [140.313682, 40.977761], [140.313435, 40.976718], [140.311188, 40.974867], [140.311109, 40.974971], [140.313299, 40.976756], [140.313489, 40.977838], [140.31482, 40.977821], [140.315587, 40.978921], [140.316302, 40.983455], [140.316431, 40.983661], [140.316702, 40.985995], [140.317517, 40.989021], [140.317587, 40.990909], [140.317878, 40.992871], [140.31833, 40.995172], [140.31842, 40.996734], [140.318949, 40.999812], [140.32075, 40.999777], [140.322172, 41.000487], [140.322443, 41.001212], [140.323031, 41.001937], [140.324135, 41.002956], [140.325249, 41.004922], [140.325831, 41.005016], [140.326025, 41.006131], [140.327284, 41.006773], [140.328112, 41.008021], [140.329052, 41.008361], [140.329769, 41.008393], [140.331159, 41.008044], [140.331701, 41.007671], [140.332765, 41.007448], [140.33575, 41.00761], [140.338299, 41.00809], [140.339505, 41.006906], [140.340395, 41.005582], [140.342379, 41.003475], [140.343288, 41.002637], [140.347436, 40.999425], [140.351033, 40.997554], [140.353223, 40.996561], [140.357198, 40.995078], [140.356678, 40.994146], [140.357209, 40.993948], [140.356976, 40.993425], [140.357981, 40.993173], [140.358455, 40.993996], [140.359452, 40.993772], [140.360555, 40.996336], [140.361434, 40.996003], [140.362354, 40.996408], [140.362942, 40.997214], [140.36603, 40.998759], [140.36646, 40.99918], [140.366576, 40.99982], [140.366281, 41.000752], [140.365059, 41.00219], [140.363556, 41.002371], [140.362065, 41.003321], [140.361054, 41.00456], [140.360123, 41.004807], [140.359744, 41.005132], [140.359753, 41.006294], [140.359989, 41.006759], [140.361626, 41.008339], [140.362444, 41.010267], [140.362975, 41.010794], [140.363936, 41.010747], [140.36547, 41.011653], [140.366237, 41.011506], [140.367007, 41.012064], [140.370672, 41.010945], [140.371762, 41.01086], [140.37296, 41.010514], [140.373858, 41.009734], [140.377873, 41.006982], [140.379066, 41.005858], [140.380377, 41.003894], [140.381514, 41.002639], [140.38194, 41.00181], [140.382023, 40.99901], [140.381955, 40.996953], [140.382423, 40.995803], [140.382917, 40.995224], [140.385869, 40.992409], [140.388149, 40.989856], [140.390441, 40.987659], [140.391477, 40.985826], [140.392089, 40.983535], [140.392458, 40.980618], [140.392421, 40.97972], [140.392144, 40.978655], [140.3917, 40.977729], [140.390671, 40.976102], [140.387725, 40.973175], [140.385666, 40.970799], [140.382646, 40.967041], [140.380181, 40.963656], [140.379558, 40.962066], [140.378924, 40.960832], [140.376994, 40.958223], [140.376638, 40.957242], [140.377235, 40.955259], [140.37718, 40.954062], [140.376614, 40.952837], [140.375941, 40.952098], [140.375657, 40.951285], [140.375991, 40.950686], [140.376946, 40.950051], [140.378585, 40.949368], [140.37999, 40.948181], [140.380589, 40.947059], [140.380478, 40.946227], [140.379842, 40.945161], [140.379398, 40.943888], [140.379566, 40.942832], [140.380342, 40.941596], [140.38163, 40.940616], [140.383258, 40.939989], [140.384453, 40.939232], [140.385052, 40.938605], [140.385804, 40.938419], [140.387443, 40.939682], [140.38918, 40.940505], [140.390105, 40.940514], [140.39132, 40.940167], [140.391849, 40.940242], [140.394388, 40.941917], [140.395647, 40.941861], [140.400053, 40.941431], [140.401858, 40.939813], [140.405661, 40.93696], [140.406277, 40.936914], [140.407584, 40.937541], [140.409415, 40.938093], [140.410672, 40.938354], [140.412287, 40.938419], [140.413421, 40.938018], [140.414413, 40.937288], [140.414846, 40.936493], [140.414413, 40.935325], [140.412195, 40.936915], [140.411135, 40.937195], [140.409496, 40.936859], [140.40883, 40.936568], [140.409199, 40.936232], [140.41143, 40.936195], [140.413681, 40.934166], [140.413273, 40.933894], [140.414223, 40.932875], [140.414475, 40.932052], [140.415609, 40.930426], [140.417318, 40.928509], [140.416879, 40.92706], [140.416953, 40.926059], [140.418476, 40.923862], [140.418876, 40.923105], [140.419009, 40.921871]]]]}}, {"type": "Feature", "properties": {"OBJECTID": 425, "N03_001": "青森県", "N03_002": null, "N03_003": null, "N03_004": "平川市", "N03_007": "02210", "Shape_Leng": 1.667298763091841, "Shape_Area": 0.036768949660962, "id": "gci:02210A2006", "code": "02210", "name": "平川市"}, "geometry": {"type": "MultiPolygon", "coordinates": [[[[140.844267, 40.605921], [140.849751, 40.60843], [140.852801, 40.609411], [140.854294, 40.609696], [140.855678, 40.609763], [140.859006, 40.610214], [140.860326, 40.610148], [140.862916, 40.60964], [140.860466, 40.606649], [140.858597, 40.605729], [140.858088, 40.605137], [140.858346, 40.603828], [140.860245, 40.601377], [140.861366, 40.599708], [140.863029, 40.597541], [140.862774, 40.596481], [140.861969, 40.595693], [140.861135, 40.593985], [140.860663, 40.592522], [140.859788, 40.591482], [140.859559, 40.590232], [140.858761, 40.588525], [140.86054, 40.587414], [140.861535, 40.586515], [140.862455, 40.586401], [140.864089, 40.586536], [140.864741, 40.585859], [140.866316, 40.585174], [140.866677, 40.584317], [140.866408, 40.583557], [140.865427, 40.582813], [140.86525, 40.58164], [140.866852, 40.580594], [140.866891, 40.580009], [140.866603, 40.578162], [140.866375, 40.575474], [140.866683, 40.574039], [140.86655, 40.572967], [140.865855, 40.571242], [140.865811, 40.569914], [140.865368, 40.567727], [140.863499, 40.563515], [140.863257, 40.561854], [140.863488, 40.561193], [140.864135, 40.560506], [140.864467, 40.559469], [140.864428, 40.55873], [140.863991, 40.557345], [140.863853, 40.556342], [140.862531, 40.555048], [140.86209, 40.554221], [140.859852, 40.552369], [140.858042, 40.551329], [140.857841, 40.550401], [140.857032, 40.548789], [140.856115, 40.548309], [140.853357, 40.547586], [140.851894, 40.5464], [140.851449, 40.544953], [140.851696, 40.544463], [140.852574, 40.544027], [140.853918, 40.542781], [140.855719, 40.541405], [140.85627, 40.541264], [140.857177, 40.540433], [140.85813, 40.540102], [140.860737, 40.539696], [140.861222, 40.538492], [140.861602, 40.536719], [140.862793, 40.535589], [140.862946, 40.534525], [140.864537, 40.532935], [140.865315, 40.532809], [140.866085, 40.532242], [140.8682, 40.529885], [140.868231, 40.529376], [140.868731, 40.528877], [140.869308, 40.52774], [140.870003, 40.525377], [140.871483, 40.522328], [140.873039, 40.520535], [140.875052, 40.518817], [140.87562, 40.517912], [140.875786, 40.516707], [140.876249, 40.516247], [140.876404, 40.515143], [140.877692, 40.512766], [140.879492, 40.511066], [140.880061, 40.510247], [140.878338, 40.51103], [140.876787, 40.511063], [140.875869, 40.510469], [140.874164, 40.509944], [140.873176, 40.509452], [140.870963, 40.508931], [140.869868, 40.50896], [140.868104, 40.508157], [140.867018, 40.508263], [140.865374, 40.50782], [140.864432, 40.507749], [140.863224, 40.506838], [140.861205, 40.506388], [140.858661, 40.506851], [140.85813, 40.506838], [140.857175, 40.506428], [140.85458, 40.506124], [140.852882, 40.505301], [140.852297, 40.505256], [140.851425, 40.50577], [140.849906, 40.50638], [140.848658, 40.507642], [140.847414, 40.507708], [140.846352, 40.507116], [140.845021, 40.50736], [140.84458, 40.507143], [140.843677, 40.505917], [140.842539, 40.505646], [140.841785, 40.505067], [140.842316, 40.503949], [140.842045, 40.50354], [140.84105, 40.503303], [140.840213, 40.504087], [140.838928, 40.504047], [140.838253, 40.503715], [140.836542, 40.504125], [140.835525, 40.503581], [140.835244, 40.503221], [140.83541, 40.502257], [140.83447, 40.501339], [140.833515, 40.501113], [140.832435, 40.501228], [140.831673, 40.501041], [140.83115, 40.500626], [140.830385, 40.499408], [140.829732, 40.498697], [140.829706, 40.498233], [140.82856, 40.497577], [140.827756, 40.497501], [140.827247, 40.496234], [140.825993, 40.495913], [140.824889, 40.496622], [140.824415, 40.496639], [140.823481, 40.496166], [140.822076, 40.496304], [140.821292, 40.496063], [140.820026, 40.495331], [140.818846, 40.493678], [140.818649, 40.492543], [140.817349, 40.492005], [140.81632, 40.49116], [140.814681, 40.488439], [140.813413, 40.488157], [140.812207, 40.488105], [140.811068, 40.487723], [140.810629, 40.48713], [140.81085, 40.485729], [140.810697, 40.483141], [140.80968, 40.481783], [140.80958, 40.481185], [140.810019, 40.480146], [140.811488, 40.478556], [140.811551, 40.4779], [140.811225, 40.476372], [140.810926, 40.475812], [140.810063, 40.474875], [140.809652, 40.474093], [140.809737, 40.472688], [140.809464, 40.471645], [140.808706, 40.470409], [140.808555, 40.469311], [140.808835, 40.46812], [140.808634, 40.46632], [140.808999, 40.465115], [140.808874, 40.464068], [140.807659, 40.461383], [140.807501, 40.459099], [140.807716, 40.457808], [140.806726, 40.45586], [140.806116, 40.455133], [140.805659, 40.454037], [140.805609, 40.452661], [140.805054, 40.451024], [140.805117, 40.449992], [140.803826, 40.449103], [140.803404, 40.448589], [140.801769, 40.44878], [140.800473, 40.449273], [140.798618, 40.449481], [140.796347, 40.449232], [140.795213, 40.449617], [140.794408, 40.449661], [140.793215, 40.449404], [140.792306, 40.450613], [140.79155, 40.451286], [140.791025, 40.452358], [140.791347, 40.453595], [140.791006, 40.454478], [140.789334, 40.456594], [140.788989, 40.456841], [140.786847, 40.457232], [140.785179, 40.456225], [140.783256, 40.455585], [140.781007, 40.455297], [140.780188, 40.45479], [140.779777, 40.454284], [140.775417, 40.452033], [140.772412, 40.451227], [140.771715, 40.451504], [140.770712, 40.453236], [140.769383, 40.453915], [140.765803, 40.452234], [140.763532, 40.451587], [140.762713, 40.451247], [140.761882, 40.450442], [140.76145, 40.448687], [140.760792, 40.447423], [140.759249, 40.446494], [140.758438, 40.446152], [140.757538, 40.44605], [140.756847, 40.445575], [140.756602, 40.444983], [140.756419, 40.443417], [140.75563, 40.442649], [140.753755, 40.44035], [140.752704, 40.439173], [140.752061, 40.438755], [140.751106, 40.438624], [140.747662, 40.43926], [140.746055, 40.4383], [140.7454, 40.43813], [140.743903, 40.4381], [140.741947, 40.437856], [140.741289, 40.437942], [140.739064, 40.439247], [140.738068, 40.439575], [140.737209, 40.439544], [140.736501, 40.439761], [140.735126, 40.439884], [140.734094, 40.439683], [140.733179, 40.438466], [140.732739, 40.435937], [140.733649, 40.435372], [140.734403, 40.434518], [140.735469, 40.434083], [140.734448, 40.433364], [140.733074, 40.433102], [140.73145, 40.431707], [140.731201, 40.431107], [140.731616, 40.430498], [140.733271, 40.429698], [140.734295, 40.428613], [140.735858, 40.42786], [140.735596, 40.427041], [140.7356, 40.426165], [140.735924, 40.425315], [140.734311, 40.423604], [140.734215, 40.423074], [140.734923, 40.422472], [140.73553, 40.421521], [140.735122, 40.42069], [140.735576, 40.419379], [140.735456, 40.419017], [140.734234, 40.417803], [140.733961, 40.416352], [140.73357, 40.415802], [140.73244, 40.41587], [140.73055, 40.41567], [140.728624, 40.416164], [140.727785, 40.416119], [140.727062, 40.415714], [140.725951, 40.415763], [140.724478, 40.416074], [140.723016, 40.416611], [140.722638, 40.41723], [140.721983, 40.419132], [140.721539, 40.4195], [140.720575, 40.4195], [140.719928, 40.419733], [140.719336, 40.420437], [140.717468, 40.421109], [140.717468, 40.422341], [140.717253, 40.423157], [140.717168, 40.42464], [140.717559, 40.425806], [140.716593, 40.426665], [140.716075, 40.427565], [140.715549, 40.427882], [140.714364, 40.428013], [140.713084, 40.428535], [140.712557, 40.428993], [140.710712, 40.429562], [140.709596, 40.429631], [140.70929, 40.429258], [140.709089, 40.427947], [140.708503, 40.427807], [140.705749, 40.428017], [140.704405, 40.427775], [140.702655, 40.427126], [140.701402, 40.427279], [140.700266, 40.427587], [140.699813, 40.427951], [140.699643, 40.428792], [140.699228, 40.429416], [140.695753, 40.428049], [140.693989, 40.428036], [140.693288, 40.427285], [140.691699, 40.426846], [140.690222, 40.427247], [140.689293, 40.427638], [140.68867, 40.427676], [140.687522, 40.427022], [140.686644, 40.423824], [140.686362, 40.422442], [140.686559, 40.422031], [140.687719, 40.42165], [140.68839, 40.421669], [140.68787, 40.421188], [140.687761, 40.419648], [140.687343, 40.419162], [140.687258, 40.41842], [140.686074, 40.417704], [140.685365, 40.41686], [140.684721, 40.416429], [140.683678, 40.416617], [140.682341, 40.416586], [140.679583, 40.415684], [140.678615, 40.415489], [140.677701, 40.414996], [140.675913, 40.413689], [140.675894, 40.412989], [140.675446, 40.412104], [140.673704, 40.411943], [140.673243, 40.411488], [140.670749, 40.411902], [140.670074, 40.411635], [140.668365, 40.411694], [140.666453, 40.411593], [140.665991, 40.411312], [140.666282, 40.409759], [140.666109, 40.40936], [140.665056, 40.408478], [140.664289, 40.406872], [140.663205, 40.406233], [140.662455, 40.405195], [140.661481, 40.404448], [140.659796, 40.405251], [140.65888, 40.404908], [140.656382, 40.404476], [140.655066, 40.404804], [140.653692, 40.403605], [140.652649, 40.403349], [140.651454, 40.40384], [140.649675, 40.403723], [140.648641, 40.404026], [140.647647, 40.403617], [140.645232, 40.403091], [140.64372, 40.403574], [140.641038, 40.405184], [140.640142, 40.404647], [140.637974, 40.403831], [140.636446, 40.403538], [140.635048, 40.402853], [140.63442, 40.40231], [140.634053, 40.402336], [140.632482, 40.403859], [140.632716, 40.404519], [140.633708, 40.405877], [140.634925, 40.406179], [140.635153, 40.406409], [140.636291, 40.409485], [140.635085, 40.409799], [140.634289, 40.410367], [140.633935, 40.41098], [140.63364, 40.415726], [140.632915, 40.416818], [140.632934, 40.417713], [140.631804, 40.41804], [140.630458, 40.419376], [140.628603, 40.420103], [140.625475, 40.421525], [140.626181, 40.423063], [140.625985, 40.423749], [140.625569, 40.424099], [140.624662, 40.424123], [140.624186, 40.424501], [140.623613, 40.42452], [140.622658, 40.424058], [140.621509, 40.424089], [140.620169, 40.423571], [140.618091, 40.423289], [140.61714, 40.423579], [140.615739, 40.423687], [140.61518, 40.424019], [140.614172, 40.424054], [140.613578, 40.423794], [140.612044, 40.423684], [140.61059, 40.424201], [140.609832, 40.424829], [140.609004, 40.424826], [140.608449, 40.425478], [140.606622, 40.425691], [140.605894, 40.426004], [140.605031, 40.427], [140.603879, 40.427569], [140.603595, 40.429923], [140.602701, 40.430919], [140.600824, 40.431668], [140.599198, 40.432981], [140.597062, 40.433661], [140.595729, 40.434567], [140.59446, 40.435097], [140.592228, 40.435634], [140.58973, 40.436113], [140.589837, 40.436327], [140.592176, 40.438318], [140.593741, 40.439429], [140.595065, 40.439984], [140.597458, 40.440526], [140.597858, 40.441237], [140.599152, 40.44265], [140.5993, 40.443962], [140.600192, 40.445097], [140.600491, 40.445766], [140.601044, 40.448619], [140.600201, 40.448754], [140.599484, 40.449218], [140.599158, 40.449906], [140.600428, 40.450855], [140.601073, 40.451836], [140.601263, 40.452868], [140.600789, 40.45477], [140.600413, 40.455284], [140.600371, 40.45659], [140.59984, 40.457527], [140.599807, 40.458696], [140.599268, 40.45959], [140.599589, 40.460682], [140.599296, 40.46146], [140.599209, 40.462422], [140.599434, 40.46315], [140.599403, 40.464046], [140.599654, 40.464675], [140.599768, 40.465933], [140.599995, 40.466376], [140.598977, 40.468598], [140.597884, 40.469374], [140.597473, 40.469482], [140.597692, 40.470612], [140.59807, 40.471387], [140.597856, 40.472115], [140.598507, 40.473906], [140.598636, 40.475607], [140.598057, 40.476504], [140.596645, 40.47689], [140.596088, 40.477988], [140.595557, 40.478097], [140.594001, 40.477829], [140.592873, 40.477885], [140.591817, 40.478611], [140.59178, 40.479951], [140.591426, 40.480631], [140.58914, 40.482462], [140.588406, 40.482717], [140.586157, 40.483212], [140.585405, 40.483919], [140.584736, 40.484234], [140.583412, 40.485177], [140.583646, 40.485691], [140.584859, 40.486802], [140.585654, 40.487126], [140.587586, 40.487336], [140.588946, 40.487715], [140.590917, 40.489221], [140.592156, 40.49052], [140.592226, 40.491028], [140.593063, 40.493481], [140.593524, 40.493892], [140.594484, 40.49392], [140.595821, 40.493488], [140.597862, 40.493366], [140.599486, 40.49306], [140.600649, 40.491942], [140.601545, 40.491409], [140.602635, 40.490324], [140.603986, 40.490371], [140.605223, 40.490081], [140.60601, 40.488937], [140.605929, 40.48817], [140.605208, 40.486537], [140.605135, 40.485988], [140.60552, 40.484287], [140.605833, 40.483677], [140.605747, 40.482921], [140.606156, 40.481911], [140.606855, 40.481194], [140.607199, 40.479738], [140.608368, 40.478878], [140.60995, 40.478729], [140.610999, 40.4788], [140.612865, 40.479522], [140.614078, 40.480724], [140.614391, 40.483746], [140.615022, 40.484546], [140.616401, 40.48531], [140.616491, 40.485644], [140.616093, 40.48651], [140.616867, 40.489945], [140.617324, 40.491329], [140.61777, 40.491631], [140.619166, 40.491986], [140.619448, 40.492429], [140.619516, 40.495032], [140.620344, 40.496183], [140.621192, 40.497926], [140.62395, 40.49895], [140.624134, 40.498776], [140.624494, 40.496435], [140.625416, 40.495645], [140.626712, 40.495625], [140.627228, 40.495442], [140.628207, 40.495514], [140.628845, 40.495281], [140.630421, 40.494327], [140.630832, 40.494268], [140.632252, 40.494901], [140.633249, 40.494987], [140.634257, 40.49436], [140.635896, 40.494983], [140.636247, 40.494976], [140.63675, 40.49437], [140.63729, 40.4942], [140.639191, 40.494322], [140.640509, 40.494023], [140.641805, 40.494324], [140.643265, 40.49386], [140.643907, 40.493342], [140.644517, 40.493381], [140.645555, 40.493991], [140.646513, 40.494236], [140.648414, 40.493853], [140.650035, 40.494338], [140.650285, 40.495086], [140.651109, 40.495491], [140.652195, 40.495509], [140.652951, 40.495993], [140.654275, 40.49643], [140.655187, 40.497242], [140.656461, 40.497796], [140.656826, 40.498371], [140.658109, 40.498702], [140.659907, 40.499499], [140.660611, 40.500607], [140.662246, 40.500859], [140.663511, 40.501499], [140.666184, 40.502584], [140.66689, 40.503261], [140.668319, 40.504139], [140.669257, 40.505161], [140.670373, 40.505897], [140.671881, 40.507255], [140.673112, 40.507764], [140.674397, 40.50789], [140.675791, 40.508326], [140.676342, 40.508876], [140.677775, 40.509468], [140.678921, 40.511035], [140.678665, 40.511964], [140.679069, 40.512606], [140.679004, 40.513019], [140.678022, 40.513428], [140.67736, 40.513938], [140.677054, 40.514997], [140.677273, 40.516235], [140.676497, 40.517023], [140.676705, 40.518678], [140.677323, 40.520823], [140.677021, 40.521352], [140.677205, 40.521791], [140.675889, 40.521612], [140.674349, 40.521996], [140.673029, 40.523484], [140.672823, 40.524467], [140.671783, 40.525057], [140.67118, 40.525991], [140.669558, 40.525885], [140.667445, 40.528562], [140.66649, 40.528679], [140.66564, 40.529256], [140.665281, 40.529914], [140.663356, 40.530437], [140.662482, 40.530403], [140.659092, 40.530553], [140.657518, 40.531602], [140.652868, 40.531935], [140.651585, 40.531467], [140.650132, 40.53159], [140.649467, 40.531807], [140.648471, 40.531674], [140.648329, 40.532786], [140.647035, 40.533595], [140.646117, 40.533628], [140.644937, 40.534157], [140.64514, 40.534828], [140.646104, 40.535453], [140.646224, 40.535906], [140.645431, 40.536565], [140.644985, 40.539467], [140.645415, 40.540697], [140.645149, 40.541054], [140.644434, 40.541122], [140.642863, 40.540685], [140.64245, 40.54039], [140.641272, 40.54006], [140.641375, 40.538793], [140.641025, 40.53785], [140.639965, 40.536999], [140.638621, 40.536818], [140.637515, 40.536265], [140.635592, 40.536182], [140.63416, 40.535312], [140.633087, 40.535121], [140.63062, 40.535743], [140.63168, 40.538052], [140.631341, 40.538566], [140.629523, 40.539115], [140.628883, 40.539495], [140.627792, 40.540472], [140.627528, 40.540517], [140.625574, 40.539157], [140.621166, 40.537419], [140.619201, 40.537561], [140.617962, 40.536626], [140.617536, 40.536086], [140.61636, 40.536023], [140.615608, 40.535514], [140.614181, 40.535723], [140.613499, 40.536363], [140.611513, 40.536175], [140.61028, 40.53634], [140.609281, 40.536238], [140.60879, 40.536664], [140.607561, 40.53714], [140.606801, 40.537261], [140.606147, 40.536964], [140.606115, 40.537547], [140.605267, 40.53851], [140.603691, 40.539528], [140.603158, 40.539535], [140.60231, 40.539052], [140.600384, 40.540165], [140.600233, 40.540671], [140.599283, 40.54113], [140.598625, 40.54196], [140.598677, 40.542376], [140.598149, 40.542837], [140.598496, 40.544475], [140.597987, 40.545392], [140.597978, 40.546412], [140.598369, 40.547006], [140.598691, 40.548143], [140.597808, 40.5495], [140.597178, 40.54963], [140.595775, 40.549481], [140.593172, 40.550778], [140.592969, 40.552961], [140.592654, 40.55334], [140.592475, 40.554436], [140.592082, 40.555263], [140.591122, 40.556196], [140.590427, 40.556568], [140.587689, 40.557062], [140.586242, 40.557825], [140.584872, 40.558293], [140.58358, 40.558583], [140.582105, 40.559711], [140.581045, 40.561191], [140.580665, 40.562546], [140.579489, 40.563511], [140.577944, 40.562851], [140.576904, 40.562809], [140.576524, 40.562555], [140.575964, 40.562959], [140.575923, 40.563417], [140.575029, 40.563622], [140.573991, 40.56286], [140.572896, 40.564279], [140.572026, 40.564436], [140.571097, 40.564239], [140.570695, 40.56284], [140.570192, 40.562856], [140.569932, 40.562349], [140.569534, 40.56269], [140.56427, 40.563745], [140.563625, 40.563061], [140.561912, 40.563224], [140.562587, 40.565524], [140.561169, 40.565295], [140.560618, 40.563848], [140.559628, 40.563963], [140.558631, 40.560715], [140.557554, 40.560577], [140.557608, 40.559821], [140.552687, 40.560759], [140.550928, 40.555452], [140.548484, 40.555866], [140.548213, 40.554935], [140.546788, 40.5554], [140.546926, 40.555979], [140.545278, 40.556254], [140.54398, 40.557449], [140.542953, 40.556837], [140.541867, 40.557539], [140.541292, 40.557461], [140.540195, 40.557703], [140.538779, 40.558461], [140.538156, 40.559068], [140.537518, 40.561036], [140.535076, 40.563196], [140.53469, 40.56375], [140.533328, 40.566957], [140.531739, 40.568766], [140.531103, 40.569653], [140.530205, 40.57036], [140.53038, 40.571282], [140.531602, 40.571958], [140.533431, 40.571773], [140.5341, 40.571286], [140.538733, 40.574327], [140.535885, 40.576877], [140.534847, 40.576403], [140.533857, 40.576693], [140.533324, 40.576264], [140.533569, 40.576016], [140.530861, 40.574201], [140.5308, 40.573371], [140.529244, 40.573038], [140.52816, 40.574637], [140.526295, 40.577866], [140.525989, 40.579145], [140.525981, 40.579859], [140.52626, 40.580561], [140.527467, 40.582439], [140.527637, 40.58311], [140.5276, 40.584594], [140.528072, 40.586659], [140.528195, 40.588086], [140.52722, 40.590279], [140.527331, 40.591867], [140.527124, 40.593595], [140.526125, 40.596555], [140.525819, 40.598071], [140.526062, 40.600918], [140.526075, 40.603892], [140.526166, 40.605617], [140.526601, 40.606873], [140.526357, 40.60853], [140.525893, 40.60942], [140.525334, 40.611169], [140.525316, 40.611907], [140.524724, 40.613157], [140.523603, 40.613884], [140.521538, 40.614271], [140.519813, 40.614106], [140.515016, 40.614497], [140.514369, 40.614044], [140.513215, 40.612689], [140.512018, 40.612031], [140.511515, 40.612058], [140.510551, 40.611546], [140.510385, 40.610947], [140.509988, 40.61127], [140.508912, 40.613227], [140.511126, 40.614105], [140.513119, 40.61422], [140.513836, 40.61524], [140.514483, 40.615821], [140.514885, 40.615519], [140.515611, 40.616088], [140.516083, 40.615788], [140.516151, 40.617049], [140.516806, 40.61765], [140.516784, 40.618469], [140.515348, 40.618884], [140.515683, 40.619564], [140.51614, 40.6194], [140.518375, 40.623877], [140.520683, 40.624237], [140.521315, 40.625415], [140.522088, 40.625178], [140.522436, 40.625756], [140.523909, 40.625362], [140.52442, 40.626269], [140.525869, 40.62593], [140.527235, 40.628503], [140.529777, 40.627722], [140.530323, 40.628539], [140.531167, 40.628414], [140.532065, 40.628814], [140.533697, 40.629295], [140.534585, 40.629714], [140.536368, 40.629921], [140.53705, 40.629161], [140.53905, 40.628086], [140.540475, 40.627634], [140.542732, 40.627351], [140.54273, 40.626868], [140.544293, 40.626685], [140.544022, 40.62462], [140.542264, 40.624729], [140.542164, 40.623953], [140.550165, 40.62341], [140.550228, 40.623944], [140.557038, 40.623431], [140.557237, 40.624919], [140.563599, 40.6244], [140.563841, 40.62589], [140.566206, 40.625674], [140.566713, 40.627173], [140.567863, 40.626898], [140.568247, 40.62796], [140.572098, 40.626724], [140.572362, 40.626404], [140.572765, 40.627804], [140.570339, 40.62822], [140.568179, 40.628482], [140.568022, 40.628773], [140.569539, 40.629751], [140.570614, 40.630098], [140.573359, 40.630362], [140.576993, 40.630926], [140.579819, 40.630861], [140.582077, 40.630955], [140.583012, 40.631182], [140.582894, 40.630047], [140.587031, 40.629881], [140.587055, 40.629785], [140.589142, 40.629829], [140.589245, 40.62737], [140.591603, 40.627456], [140.591868, 40.622471], [140.595172, 40.622529], [140.595174, 40.622115], [140.598524, 40.62218], [140.598686, 40.619321], [140.602021, 40.619392], [140.60118, 40.618647], [140.60212, 40.618594], [140.602082, 40.61786], [140.603413, 40.617842], [140.603492, 40.616278], [140.604209, 40.616205], [140.608387, 40.616312], [140.608357, 40.617096], [140.611377, 40.617135], [140.610673, 40.616048], [140.609517, 40.6157], [140.608886, 40.615088], [140.60776, 40.614445], [140.60806, 40.61404], [140.607334, 40.613684], [140.606814, 40.612308], [140.607749, 40.611934], [140.60807, 40.612126], [140.609356, 40.612141], [140.610083, 40.611493], [140.61106, 40.611813], [140.612162, 40.611918], [140.613925, 40.611764], [140.61511, 40.611282], [140.615859, 40.611179], [140.617053, 40.611318], [140.618344, 40.611119], [140.618762, 40.61075], [140.620624, 40.609947], [140.6215, 40.609965], [140.622095, 40.609599], [140.622849, 40.608795], [140.623209, 40.607766], [140.624179, 40.606821], [140.624719, 40.605585], [140.626389, 40.603224], [140.628496, 40.602602], [140.629984, 40.602803], [140.63194, 40.602867], [140.63418, 40.601773], [140.636064, 40.601673], [140.638026, 40.601793], [140.639246, 40.601266], [140.640048, 40.600102], [140.640846, 40.599645], [140.641412, 40.598963], [140.642045, 40.598621], [140.642242, 40.597899], [140.643348, 40.597829], [140.644541, 40.597041], [140.644884, 40.596197], [140.645437, 40.595796], [140.645807, 40.594883], [140.646932, 40.594425], [140.648672, 40.594405], [140.649434, 40.593834], [140.650239, 40.593743], [140.651543, 40.594155], [140.651616, 40.593106], [140.65143, 40.592293], [140.652603, 40.590767], [140.653506, 40.59013], [140.653663, 40.589709], [140.654321, 40.589437], [140.655296, 40.589347], [140.656371, 40.588438], [140.655777, 40.586702], [140.656821, 40.584632], [140.657446, 40.582577], [140.658563, 40.582493], [140.659538, 40.582036], [140.659846, 40.581295], [140.659638, 40.579914], [140.65973, 40.579219], [140.659468, 40.578483], [140.658867, 40.578289], [140.657411, 40.577235], [140.65685, 40.57575], [140.656946, 40.574707], [140.656507, 40.57347], [140.656874, 40.572164], [140.65655, 40.571394], [140.655232, 40.570743], [140.654135, 40.569846], [140.653596, 40.568262], [140.653115, 40.567495], [140.6512, 40.56573], [140.65212, 40.563693], [140.651935, 40.561869], [140.652437, 40.561073], [140.65419, 40.559981], [140.654218, 40.559246], [140.654675, 40.558624], [140.656159, 40.558047], [140.657429, 40.558291], [140.658731, 40.558817], [140.659665, 40.558601], [140.660115, 40.558719], [140.662453, 40.560333], [140.662954, 40.560431], [140.663782, 40.559329], [140.664953, 40.559014], [140.665307, 40.558496], [140.665878, 40.558277], [140.666702, 40.558348], [140.667058, 40.559328], [140.667985, 40.560368], [140.669117, 40.560323], [140.669582, 40.560573], [140.670587, 40.562943], [140.671031, 40.564195], [140.671534, 40.564619], [140.672694, 40.564659], [140.672987, 40.565164], [140.673168, 40.566166], [140.673848, 40.566668], [140.675334, 40.567254], [140.677089, 40.567206], [140.678553, 40.568023], [140.678733, 40.568472], [140.679703, 40.568854], [140.679471, 40.56963], [140.68037, 40.570125], [140.681661, 40.570421], [140.682419, 40.569682], [140.682758, 40.568225], [140.685488, 40.567297], [140.685894, 40.566617], [140.684719, 40.563505], [140.684749, 40.562136], [140.6857, 40.560133], [140.686688, 40.559371], [140.688069, 40.558754], [140.689026, 40.557889], [140.690066, 40.557423], [140.692055, 40.557195], [140.692558, 40.556603], [140.692713, 40.554053], [140.69334, 40.552711], [140.693071, 40.551783], [140.690781, 40.55145], [140.690014, 40.551196], [140.68978, 40.550615], [140.692097, 40.5492], [140.692951, 40.548535], [140.694306, 40.546735], [140.694684, 40.545782], [140.695268, 40.54521], [140.69793, 40.54477], [140.698878, 40.544206], [140.701074, 40.544171], [140.702394, 40.543404], [140.703063, 40.542584], [140.703054, 40.541377], [140.704938, 40.540317], [140.706177, 40.539906], [140.706542, 40.539396], [140.70807, 40.538669], [140.709917, 40.537494], [140.711368, 40.537495], [140.712327, 40.537099], [140.712939, 40.537242], [140.714631, 40.537193], [140.715831, 40.537012], [140.716296, 40.536634], [140.717039, 40.536507], [140.718807, 40.536866], [140.719719, 40.53619], [140.723467, 40.535601], [140.725777, 40.5359], [140.726887, 40.535447], [140.729109, 40.535328], [140.730224, 40.535518], [140.731076, 40.535098], [140.732145, 40.535031], [140.732871, 40.534747], [140.733952, 40.535002], [140.735047, 40.535537], [140.735856, 40.53573], [140.737615, 40.536518], [140.738907, 40.536739], [140.739407, 40.536612], [140.7405, 40.53587], [140.741864, 40.535814], [140.744797, 40.536621], [140.745712, 40.537087], [140.746558, 40.537268], [140.747664, 40.539588], [140.747821, 40.542003], [140.748971, 40.544699], [140.749718, 40.545815], [140.751766, 40.54595], [140.753219, 40.546309], [140.753947, 40.54683], [140.754797, 40.548135], [140.754941, 40.548905], [140.755466, 40.550198], [140.755534, 40.551395], [140.755848, 40.552104], [140.755634, 40.553104], [140.75646, 40.554039], [140.755077, 40.555646], [140.754061, 40.556287], [140.753276, 40.557022], [140.752529, 40.55908], [140.752542, 40.559702], [140.754218, 40.560944], [140.75526, 40.561305], [140.755971, 40.561953], [140.756605, 40.562895], [140.757286, 40.563333], [140.758314, 40.564367], [140.759127, 40.564952], [140.759642, 40.565875], [140.761968, 40.567285], [140.762962, 40.568054], [140.764863, 40.568735], [140.766135, 40.568946], [140.767551, 40.570143], [140.768255, 40.569711], [140.769645, 40.569298], [140.773078, 40.568669], [140.774549, 40.568249], [140.775268, 40.566834], [140.775729, 40.566524], [140.777397, 40.566388], [140.779265, 40.566457], [140.779904, 40.566818], [140.781127, 40.566807], [140.781807, 40.567182], [140.783521, 40.567307], [140.784723, 40.567711], [140.786045, 40.567556], [140.78712, 40.567008], [140.789078, 40.566268], [140.790575, 40.566682], [140.791961, 40.567631], [140.794629, 40.568084], [140.796196, 40.56791], [140.797422, 40.567482], [140.798058, 40.568122], [140.798895, 40.568554], [140.800779, 40.568739], [140.80157, 40.568944], [140.802696, 40.568779], [140.803323, 40.56913], [140.803736, 40.569773], [140.804486, 40.570083], [140.804997, 40.570712], [140.805841, 40.571171], [140.806328, 40.571847], [140.808328, 40.571714], [140.809702, 40.571946], [140.811523, 40.572504], [140.812587, 40.573421], [140.813273, 40.574451], [140.814512, 40.575946], [140.815105, 40.577834], [140.815852, 40.579536], [140.817214, 40.581595], [140.818999, 40.584962], [140.819812, 40.587084], [140.820916, 40.588446], [140.823923, 40.59472], [140.825013, 40.597573], [140.825337, 40.598038], [140.826253, 40.59809], [140.828746, 40.598502], [140.829485, 40.598727], [140.830315, 40.598613], [140.831544, 40.599018], [140.832335, 40.599461], [140.833421, 40.599569], [140.834171, 40.600036], [140.835641, 40.601516], [140.839864, 40.602645], [140.841092, 40.603258], [140.842344, 40.603196], [140.842646, 40.603382], [140.843786, 40.605002], [140.844267, 40.605921]]]]}}, {"type": "Feature", "properties": {"N03_001": "青森県", "N03_002": null, "N03_003": "東津軽郡", "N03_004": "平内町", "N03_007": "02301", "id": "gci:02301A1968", "code": "02301", "name": "平内町"}, "geometry": {"type": "MultiPolygon", "coordinates": [[[[140.852753, 40.909956], [140.85276, 40.908534], [140.852034, 40.907828], [140.851167, 40.907789], [140.851658, 40.909444], [140.852753, 40.909956]]], [[[141.029246, 40.923619], [141.029172, 40.923568], [141.02694, 40.925584], [141.027001, 40.925636], [141.029246, 40.923619]]], [[[140.855278, 40.93514], [140.855721, 40.934567], [140.857043, 40.933756], [140.857904, 40.933537], [140.857942, 40.933273], [140.856976, 40.93271], [140.856375, 40.932118], [140.855706, 40.931803], [140.853975, 40.931331], [140.853225, 40.931435], [140.853092, 40.932022], [140.852246, 40.933142], [140.852546, 40.933412], [140.853221, 40.933119], [140.85403, 40.933645], [140.854034, 40.934167], [140.85469, 40.934763], [140.85516, 40.934716], [140.855278, 40.93514]]], [[[141.084125, 40.886198], [141.082068, 40.885803], [141.078888, 40.885926], [141.077636, 40.885865], [141.076751, 40.885981], [141.075977, 40.885758], [141.074389, 40.884609], [141.072588, 40.884026], [141.068787, 40.883505], [141.06738, 40.883425], [141.065487, 40.882939], [141.06453, 40.882509], [141.063745, 40.881683], [141.061942, 40.881416], [141.059069, 40.881114], [141.058325, 40.880961], [141.056584, 40.879858], [141.05465, 40.879714], [141.053111, 40.879243], [141.05201, 40.878522], [141.050718, 40.878237], [141.048172, 40.877359], [141.047022, 40.877075], [141.047226, 40.876362], [141.044872, 40.874836], [141.043904, 40.874648], [141.043711, 40.874207], [141.044028, 40.872698], [141.042885, 40.871843], [141.04329, 40.871508], [141.043252, 40.870521], [141.044011, 40.869572], [141.043941, 40.86893], [141.043113, 40.868276], [141.043132, 40.867181], [141.042177, 40.866296], [141.041987, 40.865378], [141.041635, 40.864898], [141.041688, 40.863312], [141.042138, 40.862282], [141.04231, 40.860905], [141.042809, 40.85994], [141.043165, 40.858299], [141.045567, 40.857594], [141.045718, 40.856068], [141.04634, 40.855602], [141.046778, 40.854246], [141.045965, 40.852756], [141.046198, 40.851959], [141.045281, 40.850822], [141.043447, 40.849029], [141.042339, 40.847213], [141.041091, 40.847239], [141.039454, 40.846771], [141.03903, 40.846108], [141.03919, 40.844608], [141.038943, 40.844166], [141.039507, 40.841309], [141.039402, 40.840386], [141.038082, 40.840147], [141.035291, 40.839152], [141.033669, 40.838889], [141.031593, 40.838847], [141.030522, 40.838577], [141.02937, 40.838584], [141.026385, 40.837636], [141.022451, 40.836782], [141.020128, 40.837274], [141.018069, 40.837155], [141.01834, 40.836006], [141.019486, 40.83254], [141.018931, 40.831197], [141.018904, 40.830352], [141.019335, 40.828451], [141.020143, 40.825955], [141.020093, 40.825667], [141.019134, 40.824862], [141.017844, 40.82344], [141.016885, 40.822174], [141.016507, 40.821463], [141.016481, 40.820522], [141.016734, 40.81985], [141.014359, 40.818833], [141.012768, 40.819352], [141.01009, 40.819102], [141.009409, 40.81893], [141.008196, 40.818276], [141.007361, 40.817528], [141.006705, 40.816606], [141.004937, 40.815301], [141.003674, 40.815071], [140.99986, 40.814956], [140.996458, 40.815065], [140.996114, 40.815002], [140.993877, 40.813352], [140.993061, 40.813097], [140.991715, 40.813052], [140.989927, 40.81315], [140.990024, 40.812212], [140.988553, 40.811304], [140.988024, 40.810825], [140.987906, 40.810173], [140.988142, 40.808487], [140.987788, 40.808116], [140.986149, 40.807088], [140.985089, 40.806846], [140.982829, 40.806752], [140.980609, 40.806185], [140.9794, 40.806355], [140.977313, 40.807253], [140.976778, 40.807973], [140.975344, 40.80909], [140.973156, 40.81016], [140.972304, 40.811142], [140.971443, 40.811572], [140.970765, 40.812453], [140.969144, 40.813902], [140.968267, 40.814505], [140.967734, 40.814523], [140.967048, 40.814157], [140.966342, 40.814219], [140.964795, 40.814693], [140.962279, 40.814877], [140.960229, 40.815198], [140.959489, 40.815645], [140.957707, 40.817706], [140.954866, 40.817952], [140.954785, 40.819601], [140.954573, 40.820948], [140.955338, 40.82283], [140.955393, 40.824016], [140.95628, 40.825468], [140.956335, 40.825942], [140.95588, 40.826841], [140.955896, 40.828106], [140.956449, 40.828969], [140.957515, 40.829976], [140.95614, 40.830408], [140.955282, 40.831334], [140.954191, 40.832242], [140.953658, 40.833529], [140.952799, 40.834116], [140.950957, 40.835801], [140.950113, 40.837004], [140.94904, 40.837212], [140.947766, 40.837222], [140.945947, 40.838364], [140.944103, 40.838654], [140.941961, 40.838743], [140.941015, 40.839727], [140.94039, 40.840958], [140.93829, 40.842509], [140.93719, 40.842508], [140.936305, 40.84224], [140.935274, 40.842235], [140.934021, 40.842602], [140.93228, 40.842805], [140.931148, 40.84433], [140.930051, 40.845477], [140.930606, 40.846183], [140.931045, 40.847265], [140.931805, 40.848421], [140.932218, 40.849821], [140.933329, 40.850701], [140.933414, 40.851386], [140.932527, 40.852316], [140.932594, 40.853138], [140.932271, 40.853735], [140.932162, 40.854699], [140.93129, 40.856198], [140.92915, 40.856377], [140.928099, 40.856907], [140.927135, 40.857044], [140.925138, 40.857849], [140.924045, 40.858501], [140.923612, 40.859739], [140.922703, 40.860756], [140.919807, 40.862115], [140.919073, 40.863199], [140.91647, 40.863425], [140.914232, 40.864125], [140.912989, 40.864808], [140.912849, 40.865448], [140.912943, 40.866757], [140.912672, 40.867415], [140.911647, 40.868125], [140.911396, 40.868584], [140.91152, 40.869775], [140.911026, 40.87082], [140.910263, 40.871468], [140.909086, 40.871668], [140.908471, 40.872119], [140.905423, 40.872863], [140.904033, 40.873646], [140.903672, 40.874038], [140.903124, 40.876026], [140.902752, 40.876438], [140.901793, 40.876827], [140.901235, 40.877284], [140.899776, 40.877596], [140.898904, 40.878642], [140.89651, 40.879399], [140.895877, 40.880582], [140.894552, 40.881477], [140.893573, 40.882983], [140.892192, 40.883691], [140.8921, 40.884687], [140.892583, 40.885486], [140.893735, 40.88681], [140.893816, 40.887084], [140.893016, 40.887483], [140.89085, 40.888287], [140.889897, 40.889105], [140.889371, 40.889338], [140.888282, 40.889429], [140.887939, 40.890118], [140.88795, 40.891261], [140.888444, 40.892126], [140.88826, 40.893526], [140.889154, 40.895119], [140.889847, 40.895756], [140.891198, 40.896013], [140.890002, 40.896104], [140.887648, 40.896467], [140.886123, 40.896054], [140.88515, 40.896064], [140.883002, 40.897066], [140.882642, 40.897393], [140.882327, 40.898509], [140.882434, 40.899133], [140.881527, 40.899684], [140.881387, 40.900075], [140.88173, 40.901226], [140.881431, 40.90234], [140.88043, 40.902278], [140.879608, 40.902017], [140.877825, 40.901965], [140.876653, 40.900949], [140.876144, 40.900748], [140.874455, 40.900894], [140.872473, 40.900841], [140.870954, 40.901379], [140.867673, 40.903028], [140.865814, 40.902357], [140.864819, 40.902318], [140.863595, 40.90285], [140.862315, 40.90264], [140.861338, 40.902705], [140.860357, 40.903073], [140.858916, 40.903953], [140.859268, 40.904602], [140.860951, 40.9051], [140.861261, 40.904963], [140.860617, 40.904378], [140.861703, 40.903524], [140.862181, 40.903914], [140.863032, 40.903578], [140.864312, 40.903942], [140.865119, 40.903907], [140.866395, 40.90477], [140.865818, 40.90512], [140.866657, 40.905639], [140.866273, 40.906057], [140.867291, 40.906885], [140.86792, 40.90766], [140.867212, 40.907849], [140.8678, 40.909886], [140.868854, 40.909815], [140.869267, 40.913361], [140.869855, 40.915297], [140.869415, 40.917282], [140.868812, 40.91853], [140.867121, 40.919609], [140.865154, 40.920167], [140.865648, 40.920754], [140.865744, 40.921556], [140.866506, 40.921972], [140.866428, 40.923394], [140.865932, 40.925], [140.866371, 40.924046], [140.868021, 40.924007], [140.86806, 40.925301], [140.868786, 40.925612], [140.868364, 40.927127], [140.867942, 40.928124], [140.867225, 40.92909], [140.866635, 40.930373], [140.866279, 40.93169], [140.866323, 40.932424], [140.866642, 40.932736], [140.867182, 40.934968], [140.867389, 40.937399], [140.867343, 40.939236], [140.866819, 40.940553], [140.867035, 40.94104], [140.867931, 40.941585], [140.867689, 40.941949], [140.868591, 40.942666], [140.868784, 40.942266], [140.871376, 40.942267], [140.871773, 40.94371], [140.871463, 40.944507], [140.870554, 40.944301], [140.870477, 40.94452], [140.871367, 40.944726], [140.871196, 40.945188], [140.87015, 40.945978], [140.868814, 40.945543], [140.868635, 40.945725], [140.866563, 40.945322], [140.865724, 40.945341], [140.863871, 40.946722], [140.862562, 40.947287], [140.86176, 40.947362], [140.860514, 40.946026], [140.858943, 40.94509], [140.858919, 40.944879], [140.857303, 40.944136], [140.857177, 40.943795], [140.856552, 40.944662], [140.855983, 40.944633], [140.854716, 40.945616], [140.854019, 40.945412], [140.852856, 40.945924], [140.852233, 40.945782], [140.852286, 40.945205], [140.851759, 40.945355], [140.851626, 40.946411], [140.850824, 40.946585], [140.849788, 40.947751], [140.847784, 40.948798], [140.847135, 40.948783], [140.846507, 40.948423], [140.844733, 40.949023], [140.844658, 40.949535], [140.844929, 40.950648], [140.844366, 40.950957], [140.842805, 40.950325], [140.842591, 40.949882], [140.841236, 40.950148], [140.840797, 40.95065], [140.840019, 40.950993], [140.838544, 40.951285], [140.839131, 40.952212], [140.838496, 40.953165], [140.837908, 40.953304], [140.839007, 40.953544], [140.84018, 40.953031], [140.841745, 40.952978], [140.842042, 40.953508], [140.842541, 40.952994], [140.842818, 40.953311], [140.844584, 40.953256], [140.844717, 40.953648], [140.846916, 40.954538], [140.847469, 40.954505], [140.848514, 40.953654], [140.8493, 40.95371], [140.850008, 40.954089], [140.850524, 40.95482], [140.851245, 40.954983], [140.85149, 40.954516], [140.852721, 40.95443], [140.853855, 40.955139], [140.85413, 40.956189], [140.855103, 40.956932], [140.85613, 40.956695], [140.85731, 40.956779], [140.858053, 40.95661], [140.858978, 40.956034], [140.860046, 40.956442], [140.859922, 40.956791], [140.860929, 40.95709], [140.86226, 40.957092], [140.862719, 40.957521], [140.862747, 40.958184], [140.861867, 40.958528], [140.862227, 40.959141], [140.862951, 40.959692], [140.863855, 40.959771], [140.863952, 40.961159], [140.863436, 40.961183], [140.863506, 40.962589], [140.863143, 40.962895], [140.859524, 40.962326], [140.860092, 40.960305], [140.859585, 40.961266], [140.859187, 40.962749], [140.859181, 40.963514], [140.859463, 40.963676], [140.859642, 40.964687], [140.858746, 40.965798], [140.858897, 40.966324], [140.859622, 40.966874], [140.860136, 40.967966], [140.860291, 40.968741], [140.860029, 40.968982], [140.860394, 40.969694], [140.860361, 40.970853], [140.859965, 40.971653], [140.860346, 40.972406], [140.861187, 40.972867], [140.863099, 40.973214], [140.863958, 40.973748], [140.863886, 40.974059], [140.864937, 40.974124], [140.864929, 40.974362], [140.865951, 40.973766], [140.866928, 40.974182], [140.866909, 40.9757], [140.866662, 40.976015], [140.867118, 40.97644], [140.868084, 40.976816], [140.867826, 40.977189], [140.869345, 40.977437], [140.870324, 40.977438], [140.872143, 40.977014], [140.873045, 40.979099], [140.872958, 40.979682], [140.872339, 40.97962], [140.872241, 40.980664], [140.872696, 40.980697], [140.872794, 40.981396], [140.872291, 40.982233], [140.871164, 40.983372], [140.869688, 40.983866], [140.867977, 40.983088], [140.867291, 40.983198], [140.866732, 40.982958], [140.864856, 40.983762], [140.86424, 40.983346], [140.863969, 40.983982], [140.864421, 40.984326], [140.863495, 40.984354], [140.864131, 40.984551], [140.863512, 40.984742], [140.864037, 40.985134], [140.86483, 40.984959], [140.865012, 40.985889], [140.865538, 40.985734], [140.865643, 40.986117], [140.866526, 40.985915], [140.866229, 40.986415], [140.867077, 40.986176], [140.867999, 40.986502], [140.868443, 40.987367], [140.86876, 40.986911], [140.869796, 40.987192], [140.870412, 40.986816], [140.871229, 40.986925], [140.872304, 40.987675], [140.873797, 40.989383], [140.873983, 40.990107], [140.874525, 40.990942], [140.875563, 40.991829], [140.876544, 40.9933], [140.876833, 40.994821], [140.877873, 40.996699], [140.878616, 40.998993], [140.879938, 41.001331], [140.880753, 41.004414], [140.880769, 41.006506], [140.880113, 41.008113], [140.879757, 41.007939], [140.879728, 41.008705], [140.8788, 41.009802], [140.87975, 41.009628], [140.880633, 41.008823], [140.882235, 41.008634], [140.884733, 41.009232], [140.887662, 41.010174], [140.888107, 41.010524], [140.889443, 41.010799], [140.89049, 41.010563], [140.891254, 41.010613], [140.892795, 41.009618], [140.893912, 41.0093], [140.896102, 41.008987], [140.897295, 41.009096], [140.899135, 41.008934], [140.900001, 41.008972], [140.90202, 41.008382], [140.903159, 41.007912], [140.904566, 41.006693], [140.907346, 41.004978], [140.908085, 41.005005], [140.907444, 41.004233], [140.907967, 41.003402], [140.909162, 41.003036], [140.90937, 41.002382], [140.909927, 41.00192], [140.910845, 41.00201], [140.910886, 41.00171], [140.912047, 41.000527], [140.912029, 41.000256], [140.912899, 40.999535], [140.913987, 40.998917], [140.915246, 40.997831], [140.915489, 40.997901], [140.917049, 40.997015], [140.915447, 40.997794], [140.91498, 40.997648], [140.914956, 40.997139], [140.915583, 40.995829], [140.916354, 40.99521], [140.917421, 40.995987], [140.918573, 40.995118], [140.919543, 40.994694], [140.921857, 40.994807], [140.919539, 40.994568], [140.91849, 40.995016], [140.917635, 40.995629], [140.916785, 40.995014], [140.917779, 40.994303], [140.919829, 40.993531], [140.919785, 40.993227], [140.920428, 40.993049], [140.922581, 40.993228], [140.923332, 40.992844], [140.925273, 40.992813], [140.927649, 40.992997], [140.928352, 40.992934], [140.930509, 40.993096], [140.931779, 40.992952], [140.933882, 40.99307], [140.934893, 40.99329], [140.936911, 40.993937], [140.93815, 40.994743], [140.939157, 40.995137], [140.940868, 40.994944], [140.942654, 40.993948], [140.943305, 40.992879], [140.943806, 40.992639], [140.945414, 40.992349], [140.947278, 40.992669], [140.94871, 40.992355], [140.949217, 40.991882], [140.949647, 40.987743], [140.949877, 40.986639], [140.950336, 40.985545], [140.951577, 40.98421], [140.952666, 40.982854], [140.952419, 40.98263], [140.952978, 40.982005], [140.955216, 40.980463], [140.956477, 40.979471], [140.957594, 40.978188], [140.958682, 40.977473], [140.959239, 40.976133], [140.959978, 40.975253], [140.961184, 40.973416], [140.962397, 40.972349], [140.96349, 40.971718], [140.965203, 40.97104], [140.966617, 40.970141], [140.967111, 40.969674], [140.968425, 40.96893], [140.969799, 40.968699], [140.970696, 40.96823], [140.971823, 40.967128], [140.972551, 40.966839], [140.973727, 40.965903], [140.974684, 40.964697], [140.976469, 40.963347], [140.978696, 40.962153], [140.98211, 40.961379], [140.982143, 40.960962], [140.983262, 40.960564], [140.984481, 40.95961], [140.984752, 40.957126], [140.984665, 40.957118], [140.984381, 40.95948], [140.983336, 40.959393], [140.983198, 40.960098], [140.982027, 40.960289], [140.981874, 40.959297], [140.982628, 40.959208], [140.982453, 40.957823], [140.981669, 40.957719], [140.981868, 40.956604], [140.982324, 40.955261], [140.981319, 40.953552], [140.980613, 40.953047], [140.980235, 40.952175], [140.979588, 40.95136], [140.979337, 40.950732], [140.980154, 40.950463], [140.979671, 40.949459], [140.978369, 40.949744], [140.97798, 40.948208], [140.97871, 40.947214], [140.97872, 40.946765], [140.978248, 40.946605], [140.978262, 40.945497], [140.978939, 40.945499], [140.978935, 40.94629], [140.979433, 40.946783], [140.979461, 40.944673], [140.979837, 40.944089], [140.980233, 40.9441], [140.981271, 40.942104], [140.980692, 40.941849], [140.979818, 40.943526], [140.97874, 40.943208], [140.97841, 40.942678], [140.976819, 40.941276], [140.978216, 40.940359], [140.977951, 40.940067], [140.975687, 40.941555], [140.974607, 40.941554], [140.973569, 40.941171], [140.972638, 40.940621], [140.971928, 40.938878], [140.971935, 40.937674], [140.970748, 40.936048], [140.971137, 40.935337], [140.972378, 40.934381], [140.973508, 40.933909], [140.975169, 40.933502], [140.978548, 40.933122], [140.978524, 40.933559], [140.979328, 40.934162], [140.981892, 40.933911], [140.983522, 40.934044], [140.985856, 40.934088], [140.987311, 40.93429], [140.987989, 40.934213], [140.98795, 40.935435], [140.988291, 40.935349], [140.988312, 40.934298], [140.989484, 40.934317], [140.989479, 40.934499], [140.991285, 40.934472], [140.992522, 40.934867], [140.993936, 40.934913], [140.996053, 40.935763], [140.996226, 40.93625], [140.997535, 40.936956], [140.998418, 40.937006], [140.998881, 40.936789], [140.998698, 40.936318], [141.001679, 40.935771], [141.002457, 40.934785], [141.004048, 40.933605], [141.006801, 40.932133], [141.009911, 40.931387], [141.011122, 40.931173], [141.013651, 40.930923], [141.014361, 40.930972], [141.015222, 40.930692], [141.017313, 40.930365], [141.017921, 40.930415], [141.019, 40.93003], [141.020598, 40.929851], [141.021929, 40.928745], [141.021944, 40.927874], [141.022259, 40.927124], [141.023059, 40.926306], [141.02244, 40.925743], [141.023264, 40.924664], [141.024689, 40.923639], [141.024884, 40.923806], [141.027032, 40.922539], [141.029255, 40.921436], [141.031003, 40.920791], [141.031825, 40.92128], [141.03245, 40.920742], [141.03125, 40.919842], [141.031615, 40.919333], [141.03318, 40.91825], [141.034543, 40.917521], [141.035944, 40.917067], [141.037701, 40.916838], [141.039406, 40.91649], [141.039821, 40.917414], [141.042313, 40.916993], [141.040337, 40.917244], [141.039686, 40.915698], [141.040466, 40.915682], [141.042418, 40.915248], [141.042431, 40.914919], [141.04334, 40.91483], [141.045709, 40.914885], [141.048817, 40.915355], [141.052075, 40.916293], [141.053242, 40.916946], [141.054772, 40.917062], [141.055288, 40.916866], [141.055825, 40.916074], [141.056518, 40.915732], [141.059027, 40.915419], [141.060002, 40.914984], [141.060714, 40.914204], [141.062279, 40.913705], [141.064246, 40.913337], [141.065054, 40.912832], [141.065586, 40.91207], [141.065686, 40.911357], [141.066847, 40.910156], [141.067069, 40.908254], [141.067395, 40.907475], [141.068892, 40.90597], [141.070481, 40.903652], [141.07191, 40.902199], [141.074594, 40.899915], [141.076712, 40.898616], [141.078005, 40.897317], [141.079743, 40.89797], [141.081354, 40.896459], [141.079708, 40.897872], [141.078067, 40.897251], [141.078873, 40.896376], [141.079374, 40.896543], [141.079806, 40.89584], [141.079234, 40.895605], [141.080197, 40.893875], [141.081889, 40.890512], [141.082, 40.889151], [141.083049, 40.887202], [141.084125, 40.886198]]], [[[140.872003, 41.01729], [140.872197, 41.016738], [140.873725, 41.015402], [140.874267, 41.015547], [140.874455, 41.01499], [140.875047, 41.014922], [140.874888, 41.014397], [140.875467, 41.013405], [140.876201, 41.01268], [140.877366, 41.012075], [140.876616, 41.011307], [140.876905, 41.010783], [140.878177, 41.010168], [140.877908, 41.00996], [140.876201, 41.010522], [140.875342, 41.011114], [140.874584, 41.011151], [140.872862, 41.012064], [140.871393, 41.012555], [140.87112, 41.013207], [140.871791, 41.013379], [140.872081, 41.013783], [140.872022, 41.014459], [140.871262, 41.014871], [140.871673, 41.015453], [140.870816, 41.015766], [140.870545, 41.016543], [140.871024, 41.017132], [140.872003, 41.01729]]]]}}, {"type": "Feature", "properties": {"N03_001": "青森県", "N03_002": null, "N03_003": "東津軽郡", "N03_004": "今別町", "N03_007": "02303", "id": "gci:02303A1968", "code": "02303", "name": "今別町"}, "geometry": {"type": "MultiPolygon", "coordinates": [[[[140.553078, 41.227625], [140.553517, 41.227181], [140.552988, 41.227087], [140.553078, 41.227625]]], [[[140.594016, 41.216389], [140.593859, 41.215402], [140.594213, 41.214891], [140.595093, 41.214468], [140.594204, 41.210981], [140.594285, 41.209449], [140.593834, 41.207697], [140.594044, 41.206856], [140.594582, 41.206278], [140.595703, 41.204471], [140.596138, 41.203178], [140.596907, 41.2026], [140.597379, 41.20185], [140.599569, 41.199494], [140.59981, 41.198426], [140.600251, 41.19767], [140.60041, 41.196142], [140.601342, 41.19494], [140.60154, 41.19421], [140.602576, 41.193332], [140.602913, 41.19273], [140.602825, 41.192276], [140.603378, 41.191129], [140.603282, 41.190754], [140.602399, 41.190315], [140.600765, 41.190139], [140.598608, 41.189401], [140.598695, 41.187476], [140.59892, 41.186871], [140.598559, 41.184976], [140.598118, 41.183611], [140.598256, 41.182509], [140.597766, 41.181941], [140.595729, 41.182264], [140.593981, 41.182131], [140.593491, 41.182337], [140.593059, 41.183021], [140.591568, 41.183314], [140.590012, 41.182533], [140.589516, 41.182068], [140.586926, 41.180384], [140.586397, 41.1797], [140.585716, 41.178129], [140.58525, 41.177394], [140.583655, 41.176686], [140.582035, 41.175496], [140.581843, 41.172532], [140.581699, 41.172242], [140.57874, 41.169607], [140.578606, 41.169293], [140.579056, 41.16884], [140.579196, 41.168061], [140.579743, 41.167185], [140.580374, 41.16505], [140.58046, 41.163535], [140.580156, 41.162376], [140.580038, 41.160375], [140.58032, 41.159275], [140.579725, 41.157186], [140.579115, 41.156499], [140.579131, 41.155605], [140.579607, 41.155007], [140.579953, 41.153433], [140.580623, 41.152492], [140.579848, 41.152018], [140.578211, 41.151445], [140.576786, 41.151338], [140.57417, 41.151482], [140.573422, 41.151322], [140.57321, 41.150566], [140.572513, 41.149289], [140.572341, 41.148028], [140.572553, 41.146858], [140.572109, 41.145651], [140.571169, 41.14568], [140.570199, 41.145322], [140.570229, 41.143876], [140.569786, 41.142807], [140.570079, 41.142065], [140.569038, 41.140949], [140.56917, 41.139037], [140.568665, 41.139107], [140.567087, 41.138778], [140.565319, 41.137997], [140.566138, 41.137455], [140.5663, 41.136951], [140.56538, 41.135429], [140.565395, 41.134234], [140.565841, 41.132636], [140.565699, 41.132292], [140.564394, 41.13113], [140.562218, 41.127931], [140.561046, 41.126578], [140.558592, 41.12465], [140.55833, 41.123626], [140.557984, 41.123046], [140.556127, 41.122036], [140.555541, 41.12196], [140.554267, 41.122158], [140.553399, 41.121516], [140.552387, 41.121225], [140.552055, 41.120614], [140.551428, 41.120125], [140.550549, 41.118718], [140.550287, 41.117831], [140.550458, 41.116784], [140.551601, 41.115507], [140.553076, 41.115546], [140.553985, 41.115072], [140.553854, 41.113604], [140.553581, 41.112648], [140.553994, 41.112274], [140.554105, 41.111509], [140.55343, 41.111044], [140.551085, 41.110516], [140.550611, 41.109996], [140.549903, 41.108177], [140.549225, 41.107106], [140.547488, 41.106067], [140.546913, 41.105409], [140.5458, 41.105126], [140.544537, 41.105157], [140.544113, 41.104179], [140.54285, 41.103948], [140.541598, 41.104163], [140.540881, 41.103934], [140.540457, 41.103223], [140.539609, 41.102389], [140.537839, 41.102894], [140.536578, 41.103413], [140.5359, 41.103926], [140.534849, 41.105555], [140.533636, 41.10654], [140.532565, 41.107143], [140.532242, 41.108016], [140.531787, 41.108298], [140.530273, 41.108787], [140.52941, 41.108906], [140.527642, 41.108761], [140.527003, 41.108898], [140.525469, 41.108745], [140.524449, 41.108119], [140.524226, 41.107125], [140.523771, 41.106513], [140.522619, 41.106008], [140.522003, 41.105977], [140.520812, 41.106245], [140.520371, 41.106853], [140.519492, 41.107473], [140.518683, 41.107159], [140.518259, 41.106501], [140.517492, 41.106364], [140.516673, 41.106624], [140.516321, 41.106257], [140.514896, 41.105439], [140.513102, 41.1048], [140.510744, 41.104911], [140.508602, 41.104521], [140.507031, 41.104066], [140.505212, 41.10428], [140.50401, 41.104303], [140.502328, 41.103444], [140.501237, 41.103634], [140.499902, 41.103413], [140.497216, 41.103389], [140.495867, 41.104205], [140.494453, 41.104857], [140.49184, 41.106938], [140.491481, 41.108226], [140.490314, 41.108687], [140.48883, 41.108678], [140.488352, 41.108814], [140.486863, 41.108511], [140.486295, 41.108562], [140.485635, 41.1092], [140.484427, 41.109378], [140.481931, 41.108025], [140.47968, 41.106015], [140.477689, 41.106402], [140.475363, 41.107371], [140.474057, 41.107438], [140.473056, 41.107325], [140.468986, 41.109506], [140.466606, 41.110223], [140.465876, 41.111446], [140.464524, 41.111765], [140.464441, 41.112592], [140.463975, 41.11324], [140.463693, 41.114078], [140.462885, 41.11506], [140.462858, 41.115889], [140.462157, 41.116395], [140.461462, 41.117316], [140.458745, 41.116917], [140.457146, 41.11698], [140.454082, 41.117672], [140.453413, 41.117072], [140.452154, 41.116638], [140.450856, 41.116973], [140.449516, 41.117065], [140.446669, 41.116314], [140.443347, 41.115895], [140.442809, 41.115966], [140.441762, 41.116526], [140.440267, 41.117681], [140.438672, 41.117609], [140.437608, 41.11784], [140.436198, 41.118424], [140.435409, 41.119058], [140.434327, 41.119531], [140.433466, 41.120126], [140.431526, 41.119885], [140.430227, 41.11988], [140.429513, 41.120074], [140.427581, 41.121224], [140.42679, 41.121402], [140.424032, 41.119895], [140.42314, 41.119626], [140.421706, 41.11958], [140.420089, 41.119357], [140.419252, 41.119434], [140.416216, 41.120873], [140.414234, 41.121259], [140.412128, 41.1212], [140.41091, 41.121561], [140.409404, 41.121431], [140.406858, 41.120968], [140.407055, 41.121874], [140.407772, 41.122653], [140.408154, 41.123424], [140.408089, 41.124068], [140.408611, 41.124799], [140.410045, 41.126194], [140.410759, 41.126218], [140.41367, 41.126805], [140.414619, 41.127956], [140.416549, 41.128094], [140.418391, 41.129774], [140.418559, 41.130335], [140.419582, 41.131383], [140.421007, 41.131657], [140.423402, 41.131221], [140.425061, 41.131056], [140.425981, 41.131175], [140.427736, 41.13117], [140.428542, 41.131364], [140.429685, 41.132674], [140.430787, 41.133283], [140.43139, 41.134105], [140.432708, 41.135052], [140.433698, 41.135472], [140.4353, 41.136733], [140.435789, 41.137817], [140.435735, 41.138414], [140.435282, 41.13898], [140.434139, 41.139796], [140.434157, 41.141191], [140.433665, 41.142001], [140.434487, 41.142865], [140.435654, 41.143529], [140.436491, 41.144236], [140.438213, 41.145192], [140.438141, 41.146173], [140.437511, 41.147245], [140.438248, 41.148284], [140.438442, 41.149378], [140.438755, 41.149921], [140.439481, 41.150463], [140.441871, 41.151578], [140.442313, 41.151876], [140.442136, 41.152698], [140.442354, 41.153868], [140.442007, 41.154873], [140.441902, 41.156359], [140.442556, 41.156889], [140.4427, 41.158009], [140.441705, 41.159217], [140.440466, 41.159772], [140.440112, 41.160149], [140.44016, 41.160837], [140.440956, 41.162062], [140.440787, 41.16317], [140.439813, 41.164065], [140.439153, 41.164973], [140.438775, 41.165966], [140.43921, 41.167263], [140.438445, 41.169289], [140.438659, 41.17032], [140.439332, 41.171632], [140.439446, 41.172277], [140.440899, 41.173179], [140.44094, 41.17435], [140.441531, 41.174625], [140.442656, 41.174793], [140.443908, 41.175536], [140.44348, 41.176667], [140.444188, 41.177375], [140.444789, 41.178664], [140.445403, 41.17875], [140.446411, 41.178264], [140.448067, 41.180175], [140.448371, 41.181966], [140.449204, 41.182406], [140.449354, 41.182908], [140.448913, 41.183268], [140.449055, 41.1839], [140.448203, 41.184936], [140.448137, 41.186202], [140.448826, 41.188717], [140.453465, 41.188538], [140.45512, 41.188662], [140.456319, 41.188466], [140.45927, 41.187744], [140.459995, 41.18655], [140.461656, 41.186165], [140.461916, 41.185451], [140.461005, 41.185661], [140.460612, 41.184723], [140.460732, 41.184304], [140.462045, 41.182899], [140.46469, 41.182128], [140.468042, 41.181783], [140.47037, 41.181896], [140.472824, 41.182231], [140.474489, 41.182815], [140.475068, 41.18262], [140.476319, 41.182968], [140.477121, 41.18289], [140.47737, 41.183834], [140.477737, 41.184061], [140.477422, 41.183271], [140.479691, 41.183145], [140.479767, 41.183334], [140.481238, 41.18343], [140.481905, 41.183697], [140.482176, 41.183274], [140.486796, 41.184406], [140.490985, 41.186094], [140.495223, 41.18815], [140.500199, 41.190847], [140.500337, 41.191215], [140.504255, 41.193664], [140.504679, 41.194035], [140.507555, 41.19577], [140.508316, 41.196507], [140.509902, 41.197527], [140.513314, 41.200229], [140.513718, 41.200381], [140.514782, 41.201536], [140.517949, 41.204035], [140.519446, 41.205353], [140.521024, 41.207374], [140.521704, 41.208433], [140.521852, 41.209141], [140.520478, 41.210755], [140.520342, 41.211618], [140.520609, 41.212582], [140.521079, 41.213282], [140.52173, 41.21375], [140.522366, 41.214852], [140.522851, 41.215157], [140.52263, 41.215691], [140.521625, 41.215069], [140.521085, 41.215189], [140.520816, 41.215689], [140.521678, 41.215555], [140.52117, 41.21607], [140.522386, 41.216414], [140.523509, 41.216239], [140.524696, 41.216549], [140.523837, 41.217093], [140.52456, 41.217407], [140.523417, 41.217368], [140.523424, 41.217633], [140.524599, 41.218084], [140.523557, 41.21828], [140.525063, 41.218732], [140.525299, 41.219407], [140.525924, 41.219491], [140.525611, 41.219922], [140.526569, 41.2198], [140.526225, 41.220249], [140.526918, 41.220586], [140.526923, 41.221191], [140.527821, 41.221461], [140.528844, 41.220848], [140.528219, 41.221797], [140.52845, 41.221875], [140.529292, 41.221028], [140.529851, 41.221259], [140.531106, 41.221006], [140.531495, 41.221149], [140.532801, 41.220974], [140.53453, 41.22158], [140.535837, 41.220879], [140.536904, 41.221175], [140.536423, 41.220128], [140.53672, 41.219915], [140.536578, 41.218647], [140.536943, 41.218146], [140.538632, 41.21786], [140.539891, 41.218556], [140.541371, 41.219985], [140.542686, 41.220215], [140.544717, 41.221702], [140.545134, 41.222406], [140.546074, 41.223369], [140.546303, 41.223988], [140.546179, 41.224731], [140.546839, 41.225283], [140.546384, 41.225732], [140.547518, 41.225987], [140.547542, 41.226735], [140.548001, 41.226467], [140.548613, 41.226634], [140.548502, 41.227502], [140.547553, 41.227926], [140.547901, 41.228345], [140.549109, 41.228846], [140.549535, 41.229544], [140.550292, 41.229559], [140.549295, 41.228563], [140.54973, 41.227591], [140.551155, 41.226837], [140.551913, 41.226668], [140.552554, 41.227031], [140.553113, 41.226624], [140.553262, 41.226055], [140.553972, 41.224925], [140.554308, 41.22503], [140.555003, 41.224364], [140.557761, 41.224734], [140.557761, 41.224924], [140.559053, 41.224845], [140.559066, 41.225079], [140.559964, 41.22501], [140.559967, 41.22453], [140.56206, 41.224502], [140.562266, 41.224352], [140.563317, 41.225228], [140.562587, 41.225514], [140.563315, 41.225853], [140.562978, 41.226327], [140.56338, 41.226617], [140.564195, 41.226329], [140.564348, 41.22579], [140.565161, 41.225107], [140.565727, 41.224979], [140.566728, 41.224176], [140.566755, 41.223774], [140.568027, 41.223734], [140.568868, 41.224492], [140.569344, 41.224323], [140.569768, 41.22468], [140.569685, 41.223428], [140.57049, 41.223145], [140.571914, 41.223148], [140.5733, 41.223357], [140.574043, 41.223065], [140.574557, 41.223343], [140.575223, 41.222946], [140.575772, 41.22377], [140.576506, 41.223611], [140.575885, 41.223097], [140.578029, 41.22269], [140.579032, 41.222404], [140.57886, 41.221817], [140.580416, 41.221483], [140.581338, 41.221052], [140.582096, 41.220981], [140.583226, 41.219946], [140.583934, 41.219729], [140.584599, 41.219159], [140.585115, 41.21912], [140.586024, 41.218155], [140.586996, 41.218526], [140.587772, 41.218119], [140.5878, 41.217285], [140.588259, 41.217086], [140.589068, 41.217257], [140.58921, 41.216745], [140.590524, 41.216866], [140.590987, 41.216461], [140.592532, 41.216702], [140.594016, 41.216389]]]]}}, {"type": "Feature", "properties": {"OBJECTID": 474, "N03_001": "青森県", "N03_002": null, "N03_003": "東津軽郡", "N03_004": "蓬田村", "N03_007": "02304", "Shape_Leng": 0.512115292847148, "Shape_Area": 0.008651139523104, "id": "gci:02304A1968", "code": "02304", "name": "蓬田村"}, "geometry": {"type": "MultiPolygon", "coordinates": [[[[140.646751, 41.029314], [140.646974, 41.02669], [140.647444, 41.025871], [140.647638, 41.024302], [140.647559, 41.023741], [140.648405, 41.02007], [140.648783, 41.018787], [140.64966, 41.015052], [140.649231, 41.014785], [140.649802, 41.014299], [140.649985, 41.01279], [140.650409, 41.01179], [140.651745, 41.00939], [140.653423, 41.0096], [140.654411, 41.00789], [140.654299, 41.007853], [140.653274, 41.009519], [140.652131, 41.00939], [140.652512, 41.008106], [140.651707, 41.00787], [140.651749, 41.007127], [140.651087, 41.006247], [140.651742, 41.0054], [140.651605, 41.004642], [140.652138, 41.003983], [140.65186, 41.003434], [140.65226, 41.00281], [140.651882, 41.00213], [140.651991, 41.001118], [140.652457, 41.000231], [140.651814, 41.000011], [140.652383, 40.998099], [140.653148, 40.997687], [140.654428, 40.998109], [140.655075, 40.998668], [140.655023, 40.999125], [140.655615, 40.998231], [140.655814, 40.997111], [140.6541, 40.997521], [140.65268, 40.997282], [140.653589, 40.992989], [140.653934, 40.991875], [140.654275, 40.989867], [140.654623, 40.9888], [140.65508, 40.98823], [140.655626, 40.986992], [140.65692, 40.987083], [140.657062, 40.986343], [140.657619, 40.984943], [140.658974, 40.983204], [140.658876, 40.983159], [140.657494, 40.984868], [140.657018, 40.986016], [140.655639, 40.986063], [140.655908, 40.983808], [140.656271, 40.983251], [140.657527, 40.983337], [140.65813, 40.983566], [140.657914, 40.982954], [140.654245, 40.982633], [140.655554, 40.982614], [140.655943, 40.982321], [140.655589, 40.981843], [140.655816, 40.981365], [140.655947, 40.979613], [140.656275, 40.979412], [140.656124, 40.978593], [140.656351, 40.978029], [140.656823, 40.975904], [140.657553, 40.972173], [140.657628, 40.969181], [140.657276, 40.968662], [140.658157, 40.961701], [140.658366, 40.961414], [140.658624, 40.95918], [140.658482, 40.958866], [140.658771, 40.956436], [140.659488, 40.954358], [140.659341, 40.953877], [140.65989, 40.951527], [140.660731, 40.948957], [140.660792, 40.948453], [140.659695, 40.948418], [140.659413, 40.949158], [140.658956, 40.948834], [140.658382, 40.949716], [140.657228, 40.949551], [140.657112, 40.949099], [140.655624, 40.949634], [140.654406, 40.949851], [140.653672, 40.950168], [140.652601, 40.949934], [140.651913, 40.950263], [140.650674, 40.949499], [140.649983, 40.94931], [140.647079, 40.949669], [140.64406, 40.950357], [140.643053, 40.950338], [140.640601, 40.94914], [140.640096, 40.94907], [140.639121, 40.94951], [140.637351, 40.949733], [140.637041, 40.950021], [140.63621, 40.949645], [140.635979, 40.950328], [140.634233, 40.950685], [140.632325, 40.950621], [140.631501, 40.950333], [140.630694, 40.949739], [140.629942, 40.949592], [140.628773, 40.949869], [140.627405, 40.950692], [140.625755, 40.950557], [140.624538, 40.950903], [140.622964, 40.951123], [140.621485, 40.951046], [140.620663, 40.951269], [140.619811, 40.9521], [140.618379, 40.952228], [140.617188, 40.951868], [140.616043, 40.951787], [140.615573, 40.950943], [140.614856, 40.948122], [140.613729, 40.9482], [140.612935, 40.948627], [140.612557, 40.949739], [140.611884, 40.950943], [140.611209, 40.950917], [140.610512, 40.950096], [140.61007, 40.950061], [140.608873, 40.950431], [140.608405, 40.951024], [140.608508, 40.951878], [140.607821, 40.952038], [140.607714, 40.952578], [140.60674, 40.953001], [140.606337, 40.95367], [140.606504, 40.95504], [140.606298, 40.955526], [140.605472, 40.955783], [140.604722, 40.957886], [140.605024, 40.958468], [140.605253, 40.959867], [140.603518, 40.961096], [140.602233, 40.961077], [140.601416, 40.961254], [140.600743, 40.962443], [140.600155, 40.962522], [140.598428, 40.962286], [140.597117, 40.962616], [140.59458, 40.963457], [140.593371, 40.96436], [140.590967, 40.964829], [140.589717, 40.96494], [140.587473, 40.965482], [140.586666, 40.964966], [140.584804, 40.964451], [140.582665, 40.964229], [140.581506, 40.962751], [140.580296, 40.962936], [140.579061, 40.963364], [140.576218, 40.964539], [140.575053, 40.965588], [140.573868, 40.966356], [140.571536, 40.967463], [140.570846, 40.967993], [140.569449, 40.968503], [140.566647, 40.968855], [140.56599, 40.96913], [140.564445, 40.969413], [140.563087, 40.970224], [140.559272, 40.970106], [140.555639, 40.969672], [140.553596, 40.969264], [140.551813, 40.96964], [140.548795, 40.970099], [140.54777, 40.970556], [140.548653, 40.973314], [140.549028, 40.974045], [140.54935, 40.975617], [140.549747, 40.97635], [140.549638, 40.976753], [140.551161, 40.977875], [140.550816, 40.978434], [140.54994, 40.978973], [140.548069, 40.980493], [140.547518, 40.981095], [140.546694, 40.981547], [140.546347, 40.982407], [140.545783, 40.983042], [140.543646, 40.983606], [140.542704, 40.983534], [140.540796, 40.982577], [140.539495, 40.982698], [140.538497, 40.984121], [140.537255, 40.984641], [140.53625, 40.985422], [140.53616, 40.986083], [140.534801, 40.986398], [140.533503, 40.987613], [140.532972, 40.988303], [140.531545, 40.988633], [140.530328, 40.988482], [140.527567, 40.988687], [140.527331, 40.989036], [140.527677, 40.990498], [140.528618, 40.991717], [140.527836, 40.993398], [140.527497, 40.993644], [140.524814, 40.99382], [140.5219, 40.99515], [140.521658, 40.99569], [140.522156, 40.996185], [140.522099, 40.997428], [140.520991, 40.999202], [140.520454, 41.000357], [140.521234, 41.001901], [140.521074, 41.002504], [140.522543, 41.00478], [140.522523, 41.006032], [140.522027, 41.007131], [140.52159, 41.007389], [140.520172, 41.007562], [140.518318, 41.007372], [140.517276, 41.007538], [140.516972, 41.008792], [140.516135, 41.009141], [140.515877, 41.009638], [140.516102, 41.01013], [140.516046, 41.011412], [140.516502, 41.01206], [140.516811, 41.012965], [140.516218, 41.013625], [140.515775, 41.014714], [140.515698, 41.01546], [140.515904, 41.016363], [140.516502, 41.017274], [140.516913, 41.018504], [140.516946, 41.019193], [140.517383, 41.02011], [140.516791, 41.021431], [140.516939, 41.021844], [140.518889, 41.02293], [140.52041, 41.022507], [140.5234, 41.022574], [140.524868, 41.022504], [140.527163, 41.023306], [140.528822, 41.023052], [140.53045, 41.023147], [140.532133, 41.02403], [140.532622, 41.024088], [140.535068, 41.023254], [140.536836, 41.023552], [140.538433, 41.022979], [140.540376, 41.023625], [140.542516, 41.023009], [140.544137, 41.023054], [140.545545, 41.022202], [140.547311, 41.022919], [140.548948, 41.023107], [140.550126, 41.023564], [140.549138, 41.02585], [140.549116, 41.026227], [140.55261, 41.02737], [140.553329, 41.027329], [140.554743, 41.027558], [140.556763, 41.028298], [140.557665, 41.02847], [140.558598, 41.028898], [140.560019, 41.02917], [140.562934, 41.029949], [140.564584, 41.0302], [140.567332, 41.030105], [140.567889, 41.029954], [140.569143, 41.030093], [140.570413, 41.03095], [140.57302, 41.03027], [140.573296, 41.029871], [140.576362, 41.028679], [140.576821, 41.028355], [140.577699, 41.028215], [140.578219, 41.02777], [140.579327, 41.028088], [140.57955, 41.028596], [140.581026, 41.028873], [140.581836, 41.028439], [140.582809, 41.028664], [140.583137, 41.029755], [140.58605, 41.030451], [140.586677, 41.030899], [140.587617, 41.032062], [140.588467, 41.032294], [140.58989, 41.032342], [140.590392, 41.032122], [140.590462, 41.030925], [140.591212, 41.030476], [140.592788, 41.030551], [140.594866, 41.030815], [140.597161, 41.032299], [140.598354, 41.032942], [140.599547, 41.032959], [140.60071, 41.032655], [140.602445, 41.032817], [140.603339, 41.031857], [140.60448, 41.031091], [140.60616, 41.031125], [140.608663, 41.030538], [140.60993, 41.031191], [140.611781, 41.031501], [140.612035, 41.032114], [140.612194, 41.033426], [140.612791, 41.034251], [140.614695, 41.034049], [140.616117, 41.034815], [140.617311, 41.035944], [140.617761, 41.036606], [140.61858, 41.036375], [140.619168, 41.035802], [140.619367, 41.035258], [140.62082, 41.034248], [140.621922, 41.034486], [140.622337, 41.035545], [140.622755, 41.035754], [140.624042, 41.035545], [140.624881, 41.035062], [140.625794, 41.03501], [140.627486, 41.036585], [140.627886, 41.036676], [140.628369, 41.036021], [140.629322, 41.03612], [140.630428, 41.034783], [140.631874, 41.034066], [140.632126, 41.033098], [140.632521, 41.032652], [140.634335, 41.031418], [140.635253, 41.03141], [140.636204, 41.031056], [140.637259, 41.030214], [140.638134, 41.03014], [140.639196, 41.029668], [140.641038, 41.029522], [140.64304, 41.029507], [140.644443, 41.029206], [140.646751, 41.029314]]]]}}, {"type": "Feature", "properties": {"N03_001": "青森県", "N03_002": null, "N03_003": "東津軽郡", "N03_004": "外ヶ浜町", "N03_007": "02307", "id": "gci:02307A2005", "code": "02307", "name": "外ヶ浜町"}, "geometry": {"type": "MultiPolygon", "coordinates": [[[[140.646751, 41.029314], [140.644443, 41.029206], [140.64304, 41.029507], [140.641038, 41.029522], [140.639196, 41.029668], [140.638134, 41.03014], [140.637259, 41.030214], [140.636204, 41.031056], [140.635253, 41.03141], [140.634335, 41.031418], [140.632521, 41.032652], [140.632126, 41.033098], [140.631874, 41.034066], [140.630428, 41.034783], [140.629322, 41.03612], [140.628369, 41.036021], [140.627886, 41.036676], [140.627486, 41.036585], [140.625794, 41.03501], [140.624881, 41.035062], [140.624042, 41.035545], [140.622755, 41.035754], [140.622337, 41.035545], [140.621922, 41.034486], [140.62082, 41.034248], [140.619367, 41.035258], [140.619168, 41.035802], [140.61858, 41.036375], [140.617761, 41.036606], [140.617311, 41.035944], [140.616117, 41.034815], [140.614695, 41.034049], [140.612791, 41.034251], [140.612194, 41.033426], [140.612035, 41.032114], [140.611781, 41.031501], [140.60993, 41.031191], [140.608663, 41.030538], [140.60616, 41.031125], [140.60448, 41.031091], [140.603339, 41.031857], [140.602445, 41.032817], [140.60071, 41.032655], [140.599547, 41.032959], [140.598354, 41.032942], [140.597161, 41.032299], [140.594866, 41.030815], [140.592788, 41.030551], [140.591212, 41.030476], [140.590462, 41.030925], [140.590392, 41.032122], [140.58989, 41.032342], [140.588467, 41.032294], [140.587617, 41.032062], [140.586677, 41.030899], [140.58605, 41.030451], [140.583137, 41.029755], [140.582809, 41.028664], [140.581836, 41.028439], [140.581026, 41.028873], [140.57955, 41.028596], [140.579327, 41.028088], [140.578219, 41.02777], [140.577699, 41.028215], [140.576821, 41.028355], [140.576362, 41.028679], [140.573296, 41.029871], [140.57302, 41.03027], [140.570413, 41.03095], [140.569143, 41.030093], [140.567889, 41.029954], [140.567332, 41.030105], [140.564584, 41.0302], [140.562934, 41.029949], [140.560019, 41.02917], [140.558598, 41.028898], [140.557665, 41.02847], [140.556763, 41.028298], [140.554743, 41.027558], [140.553329, 41.027329], [140.55261, 41.02737], [140.549116, 41.026227], [140.549138, 41.02585], [140.550126, 41.023564], [140.548948, 41.023107], [140.547311, 41.022919], [140.545545, 41.022202], [140.544137, 41.023054], [140.542516, 41.023009], [140.540376, 41.023625], [140.538433, 41.022979], [140.536836, 41.023552], [140.535068, 41.023254], [140.532622, 41.024088], [140.532133, 41.02403], [140.53045, 41.023147], [140.528822, 41.023052], [140.527163, 41.023306], [140.524868, 41.022504], [140.5234, 41.022574], [140.52041, 41.022507], [140.518889, 41.02293], [140.519011, 41.024021], [140.519317, 41.025019], [140.519186, 41.025655], [140.518415, 41.026451], [140.518415, 41.026787], [140.519339, 41.028277], [140.519308, 41.028976], [140.518476, 41.029213], [140.518023, 41.029728], [140.517512, 41.029783], [140.516793, 41.029395], [140.514323, 41.029927], [140.511524, 41.031551], [140.512754, 41.031823], [140.515073, 41.033041], [140.515018, 41.033797], [140.514645, 41.035234], [140.515248, 41.036222], [140.51511, 41.037274], [140.512044, 41.037005], [140.510667, 41.037423], [140.509911, 41.038091], [140.509926, 41.038763], [140.50952, 41.039203], [140.508357, 41.039587], [140.506677, 41.039744], [140.505658, 41.039975], [140.503243, 41.041931], [140.502708, 41.042556], [140.501705, 41.043277], [140.501377, 41.043942], [140.500894, 41.044246], [140.500535, 41.045213], [140.499633, 41.046229], [140.499495, 41.046863], [140.498547, 41.047765], [140.498639, 41.049087], [140.498088, 41.050074], [140.497323, 41.05089], [140.49521, 41.051412], [140.494309, 41.052717], [140.494348, 41.053087], [140.495524, 41.054546], [140.494978, 41.055749], [140.495898, 41.056029], [140.49649, 41.056464], [140.497576, 41.056705], [140.497032, 41.057521], [140.497017, 41.058565], [140.496781, 41.059095], [140.497498, 41.059588], [140.497675, 41.062018], [140.497498, 41.062504], [140.496818, 41.06292], [140.494755, 41.063204], [140.494338, 41.063738], [140.495529, 41.064371], [140.495568, 41.064723], [140.494751, 41.065374], [140.494525, 41.06586], [140.494886, 41.066491], [140.494727, 41.067087], [140.495284, 41.067726], [140.495356, 41.068541], [140.494348, 41.068978], [140.493522, 41.069804], [140.494746, 41.070522], [140.494794, 41.070916], [140.493608, 41.071438], [140.49225, 41.07139], [140.490122, 41.071044], [140.489752, 41.071105], [140.488712, 41.07212], [140.488559, 41.072679], [140.487338, 41.073445], [140.487099, 41.074204], [140.487357, 41.074751], [140.485211, 41.07677], [140.483714, 41.076909], [140.483017, 41.077231], [140.481957, 41.078009], [140.480886, 41.078344], [140.48018, 41.078793], [140.479883, 41.079813], [140.479205, 41.080488], [140.478484, 41.080695], [140.476535, 41.080677], [140.475158, 41.081911], [140.47348, 41.083669], [140.472737, 41.083989], [140.470846, 41.08377], [140.470363, 41.084162], [140.470274, 41.084898], [140.46905, 41.085131], [140.468079, 41.085095], [140.467022, 41.085344], [140.465501, 41.086224], [140.464377, 41.086406], [140.462638, 41.087964], [140.46415, 41.089113], [140.464174, 41.089434], [140.463177, 41.090034], [140.461604, 41.090766], [140.461193, 41.091146], [140.460109, 41.092811], [140.459945, 41.093992], [140.458826, 41.094542], [140.458201, 41.095713], [140.458092, 41.096792], [140.457071, 41.097564], [140.456217, 41.098513], [140.455192, 41.099356], [140.455987, 41.100806], [140.456212, 41.102348], [140.456859, 41.103156], [140.456728, 41.104145], [140.458136, 41.10426], [140.458651, 41.104593], [140.458695, 41.105394], [140.459268, 41.106475], [140.458883, 41.107974], [140.458973, 41.108252], [140.460207, 41.108648], [140.460804, 41.109757], [140.461346, 41.110254], [140.46231, 41.110637], [140.463298, 41.111243], [140.464524, 41.111765], [140.465876, 41.111446], [140.466606, 41.110223], [140.468986, 41.109506], [140.473056, 41.107325], [140.474057, 41.107438], [140.475363, 41.107371], [140.477689, 41.106402], [140.47968, 41.106015], [140.481931, 41.108025], [140.484427, 41.109378], [140.485635, 41.1092], [140.486295, 41.108562], [140.486863, 41.108511], [140.488352, 41.108814], [140.48883, 41.108678], [140.490314, 41.108687], [140.491481, 41.108226], [140.49184, 41.106938], [140.494453, 41.104857], [140.495867, 41.104205], [140.497216, 41.103389], [140.499902, 41.103413], [140.501237, 41.103634], [140.502328, 41.103444], [140.50401, 41.104303], [140.505212, 41.10428], [140.507031, 41.104066], [140.508602, 41.104521], [140.510744, 41.104911], [140.513102, 41.1048], [140.514896, 41.105439], [140.516321, 41.106257], [140.516673, 41.106624], [140.517492, 41.106364], [140.518259, 41.106501], [140.518683, 41.107159], [140.519492, 41.107473], [140.520371, 41.106853], [140.520812, 41.106245], [140.522003, 41.105977], [140.522619, 41.106008], [140.523771, 41.106513], [140.524226, 41.107125], [140.524449, 41.108119], [140.525469, 41.108745], [140.527003, 41.108898], [140.527642, 41.108761], [140.52941, 41.108906], [140.530273, 41.108787], [140.531787, 41.108298], [140.532242, 41.108016], [140.532565, 41.107143], [140.533636, 41.10654], [140.534849, 41.105555], [140.5359, 41.103926], [140.536578, 41.103413], [140.537839, 41.102894], [140.539609, 41.102389], [140.540457, 41.103223], [140.540881, 41.103934], [140.541598, 41.104163], [140.54285, 41.103948], [140.544113, 41.104179], [140.544537, 41.105157], [140.5458, 41.105126], [140.546913, 41.105409], [140.547488, 41.106067], [140.549225, 41.107106], [140.549903, 41.108177], [140.550611, 41.109996], [140.551085, 41.110516], [140.55343, 41.111044], [140.554105, 41.111509], [140.553994, 41.112274], [140.553581, 41.112648], [140.553854, 41.113604], [140.553985, 41.115072], [140.553076, 41.115546], [140.551601, 41.115507], [140.550458, 41.116784], [140.550287, 41.117831], [140.550549, 41.118718], [140.551428, 41.120125], [140.552055, 41.120614], [140.552387, 41.121225], [140.553399, 41.121516], [140.554267, 41.122158], [140.555541, 41.12196], [140.556127, 41.122036], [140.557984, 41.123046], [140.55833, 41.123626], [140.558592, 41.12465], [140.561046, 41.126578], [140.562218, 41.127931], [140.564394, 41.13113], [140.565699, 41.132292], [140.565841, 41.132636], [140.565395, 41.134234], [140.56538, 41.135429], [140.5663, 41.136951], [140.566138, 41.137455], [140.565319, 41.137997], [140.567087, 41.138778], [140.568665, 41.139107], [140.56917, 41.139037], [140.569038, 41.140949], [140.570079, 41.142065], [140.569786, 41.142807], [140.570229, 41.143876], [140.570199, 41.145322], [140.571169, 41.14568], [140.572109, 41.145651], [140.572553, 41.146858], [140.572341, 41.148028], [140.572513, 41.149289], [140.57321, 41.150566], [140.573422, 41.151322], [140.57417, 41.151482], [140.576786, 41.151338], [140.578211, 41.151445], [140.579848, 41.152018], [140.580623, 41.152492], [140.579953, 41.153433], [140.579607, 41.155007], [140.579131, 41.155605], [140.579115, 41.156499], [140.579725, 41.157186], [140.58032, 41.159275], [140.580038, 41.160375], [140.580156, 41.162376], [140.58046, 41.163535], [140.580374, 41.16505], [140.579743, 41.167185], [140.579196, 41.168061], [140.579056, 41.16884], [140.578606, 41.169293], [140.57874, 41.169607], [140.581699, 41.172242], [140.581843, 41.172532], [140.582035, 41.175496], [140.583655, 41.176686], [140.58525, 41.177394], [140.585716, 41.178129], [140.586397, 41.1797], [140.586926, 41.180384], [140.589516, 41.182068], [140.590012, 41.182533], [140.591568, 41.183314], [140.593059, 41.183021], [140.593491, 41.182337], [140.593981, 41.182131], [140.595729, 41.182264], [140.597766, 41.181941], [140.598256, 41.182509], [140.598118, 41.183611], [140.598559, 41.184976], [140.59892, 41.186871], [140.598695, 41.187476], [140.598608, 41.189401], [140.600765, 41.190139], [140.602399, 41.190315], [140.603282, 41.190754], [140.603378, 41.191129], [140.602825, 41.192276], [140.602913, 41.19273], [140.602576, 41.193332], [140.60154, 41.19421], [140.601342, 41.19494], [140.60041, 41.196142], [140.600251, 41.19767], [140.59981, 41.198426], [140.599569, 41.199494], [140.597379, 41.20185], [140.596907, 41.2026], [140.596138, 41.203178], [140.595703, 41.204471], [140.594582, 41.206278], [140.594044, 41.206856], [140.593834, 41.207697], [140.594285, 41.209449], [140.594204, 41.210981], [140.595093, 41.214468], [140.594213, 41.214891], [140.593859, 41.215402], [140.594016, 41.216389], [140.594809, 41.21619], [140.595622, 41.215462], [140.595841, 41.215824], [140.596586, 41.215999], [140.598267, 41.215773], [140.598538, 41.215369], [140.599919, 41.215341], [140.60043, 41.214848], [140.601164, 41.21471], [140.60243, 41.214958], [140.604154, 41.214374], [140.605125, 41.212824], [140.606305, 41.212273], [140.606788, 41.212255], [140.607052, 41.211537], [140.607695, 41.210817], [140.608862, 41.208937], [140.61, 41.207502], [140.610402, 41.206309], [140.611513, 41.204292], [140.611993, 41.204241], [140.612568, 41.202529], [140.61436, 41.200604], [140.614332, 41.200335], [140.615055, 41.19978], [140.616533, 41.198243], [140.616749, 41.198339], [140.617689, 41.196962], [140.61877, 41.196555], [140.619046, 41.196832], [140.619946, 41.196432], [140.621454, 41.196087], [140.622158, 41.196959], [140.622545, 41.196609], [140.621625, 41.195443], [140.621918, 41.19553], [140.623054, 41.194705], [140.625091, 41.194012], [140.626319, 41.192936], [140.628185, 41.192501], [140.629779, 41.191952], [140.632139, 41.191678], [140.633857, 41.18999], [140.634318, 41.188538], [140.635596, 41.187264], [140.636374, 41.186973], [140.63717, 41.186291], [140.637312, 41.185434], [140.637924, 41.18441], [140.6401, 41.181836], [140.640798, 41.180818], [140.641755, 41.179051], [140.642172, 41.177999], [140.641971, 41.177952], [140.642629, 41.175737], [140.643121, 41.175619], [140.64335, 41.173788], [140.643739, 41.172397], [140.644388, 41.171897], [140.643558, 41.171675], [140.64304, 41.170684], [140.643031, 41.169414], [140.642539, 41.169469], [140.641882, 41.16623], [140.64137, 41.164974], [140.640509, 41.162364], [140.640063, 41.161285], [140.640837, 41.161087], [140.640402, 41.159872], [140.639963, 41.159932], [140.63944, 41.158369], [140.640583, 41.158163], [140.640103, 41.157377], [140.639211, 41.157338], [140.638632, 41.155891], [140.638346, 41.15384], [140.638472, 41.152955], [140.639089, 41.151871], [140.639497, 41.151962], [140.639609, 41.150662], [140.639342, 41.149115], [140.639478, 41.148004], [140.638488, 41.146113], [140.637307, 41.143631], [140.635253, 41.137842], [140.635476, 41.137794], [140.634399, 41.134267], [140.633621, 41.132417], [140.633824, 41.132297], [140.633306, 41.130332], [140.633288, 41.128956], [140.633133, 41.128513], [140.633256, 41.127192], [140.633524, 41.126266], [140.634134, 41.125372], [140.634211, 41.124889], [140.633472, 41.12264], [140.633205, 41.121018], [140.632897, 41.120544], [140.632316, 41.118236], [140.632093, 41.116802], [140.632301, 41.116408], [140.632119, 41.114613], [140.632285, 41.113387], [140.632591, 41.112383], [140.633302, 41.110789], [140.632777, 41.109712], [140.632543, 41.107938], [140.632692, 41.107212], [140.632379, 41.10724], [140.632263, 41.105838], [140.632576, 41.105818], [140.632045, 41.104283], [140.632311, 41.103853], [140.632176, 41.103053], [140.631855, 41.102705], [140.631649, 41.101305], [140.631523, 41.097939], [140.631636, 41.097016], [140.632237, 41.09493], [140.633009, 41.094301], [140.632701, 41.092761], [140.633085, 41.090881], [140.634069, 41.087962], [140.634335, 41.086113], [140.634228, 41.084798], [140.634436, 41.081469], [140.634862, 41.079894], [140.634582, 41.07842], [140.635098, 41.077006], [140.635603, 41.076154], [140.636346, 41.075325], [140.636881, 41.074229], [140.637122, 41.0728], [140.637377, 41.072818], [140.638496, 41.066276], [140.638359, 41.066052], [140.63849, 41.064776], [140.638289, 41.063777], [140.638732, 41.062544], [140.638839, 41.061775], [140.639884, 41.060053], [140.641694, 41.057816], [140.642933, 41.055215], [140.642841, 41.054435], [140.643044, 41.053399], [140.643752, 41.05285], [140.644128, 41.050327], [140.644443, 41.049821], [140.64547, 41.049584], [140.645496, 41.050169], [140.645907, 41.050197], [140.64603, 41.049394], [140.646622, 41.049265], [140.646545, 41.04882], [140.645536, 41.048908], [140.645363, 41.047938], [140.646261, 41.047845], [140.646239, 41.047479], [140.645293, 41.047564], [140.645081, 41.046344], [140.646687, 41.046233], [140.646624, 41.045693], [140.6454, 41.045866], [140.644976, 41.044985], [140.645201, 41.044408], [140.645037, 41.04392], [140.645383, 41.041299], [140.645201, 41.041075], [140.645424, 41.039159], [140.645673, 41.038179], [140.646124, 41.037708], [140.645916, 41.03695], [140.646117, 41.036614], [140.646574, 41.034391], [140.646578, 41.033733], [140.646132, 41.033738], [140.646178, 41.032892], [140.64658, 41.031143], [140.646751, 41.029314]]], [[[140.448826, 41.188717], [140.448137, 41.186202], [140.448203, 41.184936], [140.449055, 41.1839], [140.448913, 41.183268], [140.449354, 41.182908], [140.449204, 41.182406], [140.448371, 41.181966], [140.448067, 41.180175], [140.446411, 41.178264], [140.445403, 41.17875], [140.444789, 41.178664], [140.444188, 41.177375], [140.44348, 41.176667], [140.443908, 41.175536], [140.442656, 41.174793], [140.441531, 41.174625], [140.44094, 41.17435], [140.440899, 41.173179], [140.439446, 41.172277], [140.439332, 41.171632], [140.438659, 41.17032], [140.438445, 41.169289], [140.43921, 41.167263], [140.438775, 41.165966], [140.439153, 41.164973], [140.439813, 41.164065], [140.440787, 41.16317], [140.440956, 41.162062], [140.44016, 41.160837], [140.440112, 41.160149], [140.440466, 41.159772], [140.441705, 41.159217], [140.4427, 41.158009], [140.442556, 41.156889], [140.441902, 41.156359], [140.442007, 41.154873], [140.442354, 41.153868], [140.442136, 41.152698], [140.442313, 41.151876], [140.441871, 41.151578], [140.439481, 41.150463], [140.438755, 41.149921], [140.438442, 41.149378], [140.438248, 41.148284], [140.437511, 41.147245], [140.438141, 41.146173], [140.438213, 41.145192], [140.436491, 41.144236], [140.435654, 41.143529], [140.434487, 41.142865], [140.433665, 41.142001], [140.434157, 41.141191], [140.434139, 41.139796], [140.435282, 41.13898], [140.435735, 41.138414], [140.435789, 41.137817], [140.4353, 41.136733], [140.433698, 41.135472], [140.432708, 41.135052], [140.43139, 41.134105], [140.430787, 41.133283], [140.429685, 41.132674], [140.428542, 41.131364], [140.427736, 41.13117], [140.425981, 41.131175], [140.425061, 41.131056], [140.423402, 41.131221], [140.421007, 41.131657], [140.419582, 41.131383], [140.418559, 41.130335], [140.418391, 41.129774], [140.416549, 41.128094], [140.414619, 41.127956], [140.41367, 41.126805], [140.410759, 41.126218], [140.410045, 41.126194], [140.408611, 41.124799], [140.408089, 41.124068], [140.408154, 41.123424], [140.407772, 41.122653], [140.407055, 41.121874], [140.406858, 41.120968], [140.406303, 41.121457], [140.404478, 41.12209], [140.401985, 41.122273], [140.400383, 41.121844], [140.39924, 41.12215], [140.398447, 41.12291], [140.397398, 41.124238], [140.397146, 41.124886], [140.395933, 41.125702], [140.393741, 41.126093], [140.39125, 41.127054], [140.389268, 41.130382], [140.388319, 41.131435], [140.387495, 41.13265], [140.386608, 41.133684], [140.385813, 41.13487], [140.385089, 41.135246], [140.383533, 41.135507], [140.383395, 41.136514], [140.381691, 41.137268], [140.380484, 41.1386], [140.378474, 41.139518], [140.378163, 41.140957], [140.3777, 41.142033], [140.376631, 41.14369], [140.373856, 41.144425], [140.372641, 41.145314], [140.372569, 41.145769], [140.372809, 41.147094], [140.372564, 41.147905], [140.371496, 41.149028], [140.370307, 41.150042], [140.370079, 41.149926], [140.368985, 41.150543], [140.368145, 41.150789], [140.366703, 41.1508], [140.366323, 41.150975], [140.365381, 41.152464], [140.364668, 41.152692], [140.363193, 41.1528], [140.363112, 41.153695], [140.363455, 41.154958], [140.364107, 41.155887], [140.364533, 41.156906], [140.365722, 41.157631], [140.366128, 41.158591], [140.366618, 41.159252], [140.367422, 41.161225], [140.368027, 41.162131], [140.367907, 41.163209], [140.368239, 41.163727], [140.368344, 41.165183], [140.368751, 41.166463], [140.368027, 41.168248], [140.369319, 41.169288], [140.369767, 41.170372], [140.36969, 41.171778], [140.370582, 41.173368], [140.370571, 41.173914], [140.369848, 41.174215], [140.370031, 41.176085], [140.369159, 41.177837], [140.369109, 41.179053], [140.368512, 41.179735], [140.368593, 41.180666], [140.368364, 41.18161], [140.368864, 41.182418], [140.368685, 41.183523], [140.369044, 41.184401], [140.369293, 41.185936], [140.369221, 41.186584], [140.369559, 41.187213], [140.371625, 41.18782], [140.372687, 41.188664], [140.373379, 41.188946], [140.373272, 41.189776], [140.372464, 41.191051], [140.37195, 41.191509], [140.371732, 41.192211], [140.371135, 41.192777], [140.371496, 41.193237], [140.374026, 41.195011], [140.37503, 41.195257], [140.375532, 41.196043], [140.37527, 41.197183], [140.375742, 41.198438], [140.376325, 41.198907], [140.376437, 41.199537], [140.374756, 41.199901], [140.373631, 41.199974], [140.373202, 41.200434], [140.372818, 41.201802], [140.371365, 41.203047], [140.37178, 41.203952], [140.37199, 41.205463], [140.371351, 41.206607], [140.37216, 41.207848], [140.372462, 41.210147], [140.372088, 41.210376], [140.370707, 41.210506], [140.369518, 41.210451], [140.369197, 41.211551], [140.368257, 41.21346], [140.36818, 41.214204], [140.366183, 41.216733], [140.36525, 41.217549], [140.363698, 41.217315], [140.362859, 41.218786], [140.36191, 41.219858], [140.36188, 41.221404], [140.362179, 41.222596], [140.362201, 41.22345], [140.361626, 41.224845], [140.361703, 41.22602], [140.362024, 41.227175], [140.362378, 41.227744], [140.362306, 41.228704], [140.363259, 41.229918], [140.362977, 41.230719], [140.362336, 41.231668], [140.361902, 41.232813], [140.36188, 41.23368], [140.362129, 41.234534], [140.36202, 41.235007], [140.361285, 41.235316], [140.359771, 41.235645], [140.35835, 41.236649], [140.35741, 41.237859], [140.356803, 41.238311], [140.356414, 41.239154], [140.354731, 41.239453], [140.354513, 41.239802], [140.354217, 41.241197], [140.354272, 41.241718], [140.355057, 41.24266], [140.355465, 41.243832], [140.354895, 41.244461], [140.354333, 41.244712], [140.353949, 41.245488], [140.352926, 41.246624], [140.350963, 41.247718], [140.349696, 41.248765], [140.349069, 41.248902], [140.347506, 41.248534], [140.346505, 41.248087], [140.345345, 41.24784], [140.343813, 41.248334], [140.342182, 41.248993], [140.342823, 41.249505], [140.342121, 41.249738], [140.342027, 41.250933], [140.342377, 41.251036], [140.342001, 41.251594], [140.342375, 41.251756], [140.341627, 41.252685], [140.340727, 41.252676], [140.340657, 41.253633], [140.339361, 41.254817], [140.338399, 41.254682], [140.338069, 41.255266], [140.339083, 41.256074], [140.339313, 41.257109], [140.339031, 41.257671], [140.338935, 41.259902], [140.339354, 41.260009], [140.339426, 41.259487], [140.340185, 41.259284], [140.341286, 41.259911], [140.341207, 41.260397], [140.34157, 41.26109], [140.343284, 41.26105], [140.343631, 41.261479], [140.344296, 41.261242], [140.343782, 41.26218], [140.344422, 41.262147], [140.344779, 41.262818], [140.345355, 41.262885], [140.345744, 41.26214], [140.345764, 41.262903], [140.34659, 41.262723], [140.346129, 41.261983], [140.346092, 41.261366], [140.345329, 41.261076], [140.344573, 41.261422], [140.344223, 41.260993], [140.345054, 41.260783], [140.345841, 41.259824], [140.345594, 41.259607], [140.346429, 41.258878], [140.347862, 41.258399], [140.349248, 41.258327], [140.349576, 41.258622], [140.350017, 41.258182], [140.349864, 41.257621], [140.350826, 41.257186], [140.35104, 41.256506], [140.351617, 41.256405], [140.352371, 41.255323], [140.353011, 41.255365], [140.353302, 41.254884], [140.355594, 41.254588], [140.355747, 41.255735], [140.356053, 41.255272], [140.355907, 41.254634], [140.356307, 41.254179], [140.357983, 41.253449], [140.358693, 41.253662], [140.35873, 41.253117], [140.359227, 41.253481], [140.359996, 41.252544], [140.359543, 41.252539], [140.359793, 41.251587], [140.361985, 41.25081], [140.36134, 41.250649], [140.36052, 41.250964], [140.361718, 41.250025], [140.362293, 41.250648], [140.363215, 41.250141], [140.363687, 41.250518], [140.363449, 41.250909], [140.364002, 41.250874], [140.364131, 41.250381], [140.364963, 41.250763], [140.365564, 41.249916], [140.365243, 41.249866], [140.36603, 41.249192], [140.366646, 41.249055], [140.368263, 41.249208], [140.370908, 41.248446], [140.371288, 41.247686], [140.371959, 41.247253], [140.373198, 41.247399], [140.374315, 41.247205], [140.374874, 41.24762], [140.375532, 41.246877], [140.376708, 41.244499], [140.377742, 41.244085], [140.378581, 41.244207], [140.379676, 41.243007], [140.380664, 41.242791], [140.382602, 41.241529], [140.382786, 41.241857], [140.383446, 41.24108], [140.383306, 41.240873], [140.384368, 41.240386], [140.384973, 41.23952], [140.386182, 41.239146], [140.387773, 41.239571], [140.387788, 41.240094], [140.388321, 41.23932], [140.390389, 41.238155], [140.39158, 41.238671], [140.392531, 41.238114], [140.392976, 41.23858], [140.393789, 41.238859], [140.394025, 41.238551], [140.393542, 41.237459], [140.391582, 41.238568], [140.390301, 41.238006], [140.391156, 41.237528], [140.391532, 41.237884], [140.392974, 41.237016], [140.39333, 41.235945], [140.394469, 41.234834], [140.39563, 41.234454], [140.396032, 41.23456], [140.396462, 41.235233], [140.397002, 41.234909], [140.396674, 41.234513], [140.397188, 41.234181], [140.397074, 41.233087], [140.396766, 41.233099], [140.39738, 41.231919], [140.398235, 41.231411], [140.397933, 41.23205], [140.398412, 41.231899], [140.398383, 41.230956], [140.398783, 41.230623], [140.399874, 41.230301], [140.39981, 41.229696], [140.401098, 41.228586], [140.401738, 41.227538], [140.401229, 41.226945], [140.401963, 41.22608], [140.401672, 41.225997], [140.402083, 41.224755], [140.402549, 41.224196], [140.402171, 41.223014], [140.40381, 41.221042], [140.404883, 41.220397], [140.405429, 41.21972], [140.407468, 41.218617], [140.410279, 41.217726], [140.41086, 41.217281], [140.413194, 41.216481], [140.413786, 41.216435], [140.415095, 41.215927], [140.415591, 41.215446], [140.415441, 41.214618], [140.416295, 41.213795], [140.417235, 41.213408], [140.419447, 41.211704], [140.419554, 41.211211], [140.420216, 41.210727], [140.421875, 41.210526], [140.422768, 41.210054], [140.422679, 41.20983], [140.423754, 41.209205], [140.425013, 41.207915], [140.426403, 41.207655], [140.426632, 41.205455], [140.426814, 41.20501], [140.428182, 41.205548], [140.428462, 41.20517], [140.428114, 41.204818], [140.429285, 41.203154], [140.430092, 41.202222], [140.430713, 41.202246], [140.431036, 41.201645], [140.430293, 41.201421], [140.430654, 41.200501], [140.431504, 41.19908], [140.431993, 41.198579], [140.431005, 41.19892], [140.430116, 41.197851], [140.430852, 41.196753], [140.432509, 41.195885], [140.432782, 41.195444], [140.433497, 41.196324], [140.43476, 41.19599], [140.436565, 41.196002], [140.436648, 41.195013], [140.438587, 41.194265], [140.439131, 41.19305], [140.441804, 41.192205], [140.443084, 41.191654], [140.444254, 41.190677], [140.4439, 41.190386], [140.444597, 41.189928], [140.444966, 41.190106], [140.446343, 41.189226], [140.447444, 41.188901], [140.448826, 41.188717]]]]}}, {"type": "Feature", "properties": {"OBJECTID": 688, "N03_001": "青森県", "N03_002": null, "N03_003": "西津軽郡", "N03_004": "鰺ヶ沢町", "N03_007": "02321", "Shape_Leng": 1.497079304798653, "Shape_Area": 0.03652852415647, "id": "gci:02321A1968", "code": "02321", "name": "鰺ヶ沢町"}, "geometry": {"type": "MultiPolygon", "coordinates": [[[[140.329463, 40.757101], [140.328337, 40.756498], [140.326725, 40.756328], [140.325741, 40.755527], [140.325042, 40.755237], [140.32245, 40.75363], [140.320686, 40.752155], [140.32024, 40.751115], [140.319611, 40.750538], [140.318179, 40.749845], [140.317456, 40.749251], [140.316953, 40.748498], [140.316304, 40.748442], [140.316276, 40.747995], [140.315605, 40.746689], [140.315939, 40.746438], [140.316695, 40.745259], [140.316523, 40.744846], [140.316838, 40.744097], [140.315917, 40.743889], [140.315432, 40.744132], [140.314921, 40.743792], [140.314604, 40.74398], [140.314438, 40.7448], [140.313968, 40.744899], [140.3127, 40.743787], [140.311853, 40.743703], [140.311068, 40.744425], [140.309894, 40.744649], [140.309186, 40.744022], [140.308723, 40.744017], [140.307864, 40.74346], [140.307619, 40.74256], [140.307073, 40.742348], [140.307514, 40.741309], [140.307377, 40.740158], [140.306024, 40.739543], [140.305893, 40.738947], [140.305027, 40.738645], [140.30513, 40.737902], [140.304031, 40.736476], [140.30306, 40.735871], [140.302842, 40.734704], [140.302092, 40.73371], [140.301448, 40.733248], [140.298692, 40.733091], [140.296071, 40.732584], [140.295794, 40.731964], [140.294848, 40.731329], [140.293571, 40.730811], [140.292422, 40.730555], [140.290634, 40.729271], [140.290197, 40.728729], [140.289327, 40.728162], [140.289117, 40.727624], [140.288199, 40.726936], [140.288011, 40.726076], [140.288108, 40.725419], [140.287804, 40.72433], [140.288027, 40.723697], [140.287955, 40.722535], [140.287048, 40.721598], [140.286818, 40.72038], [140.286925, 40.719668], [140.287389, 40.718962], [140.287083, 40.717925], [140.287911, 40.716953], [140.287701, 40.716039], [140.288261, 40.715258], [140.288623, 40.713716], [140.288352, 40.710402], [140.288781, 40.710082], [140.288776, 40.709449], [140.28832, 40.708596], [140.288623, 40.70722], [140.289058, 40.706345], [140.288792, 40.705538], [140.289041, 40.705212], [140.289045, 40.704146], [140.289338, 40.703586], [140.290638, 40.702964], [140.291124, 40.701848], [140.290641, 40.701384], [140.291467, 40.698769], [140.292896, 40.69727], [140.292942, 40.696112], [140.29278, 40.695153], [140.292433, 40.694553], [140.292312, 40.692975], [140.292577, 40.693007], [140.294758, 40.694099], [140.299236, 40.697227], [140.300759, 40.698182], [140.304536, 40.700682], [140.307632, 40.703217], [140.308935, 40.703858], [140.311422, 40.703426], [140.311988, 40.703145], [140.313398, 40.701993], [140.31503, 40.701591], [140.321936, 40.70122], [140.324316, 40.701231], [140.327739, 40.701039], [140.329959, 40.700743], [140.332728, 40.700228], [140.334695, 40.699738], [140.337132, 40.699436], [140.336076, 40.697978], [140.333989, 40.695861], [140.333154, 40.694138], [140.331987, 40.692789], [140.331082, 40.692908], [140.329928, 40.692532], [140.329474, 40.691888], [140.328495, 40.691725], [140.327697, 40.691239], [140.326757, 40.690141], [140.326065, 40.690045], [140.325411, 40.689403], [140.324242, 40.68865], [140.323293, 40.688262], [140.322139, 40.687534], [140.318721, 40.683561], [140.31748, 40.68222], [140.315568, 40.680996], [140.314715, 40.680656], [140.303192, 40.677738], [140.288739, 40.669281], [140.290339, 40.666932], [140.288252, 40.666117], [140.278175, 40.662356], [140.279552, 40.654578], [140.27689, 40.654653], [140.273404, 40.654403], [140.271962, 40.654153], [140.270412, 40.653651], [140.268834, 40.653343], [140.269031, 40.651222], [140.266878, 40.650709], [140.266199, 40.651732], [140.263279, 40.651396], [140.262752, 40.651446], [140.260344, 40.650212], [140.25926, 40.64985], [140.258617, 40.64985], [140.257369, 40.649536], [140.256169, 40.648873], [140.254738, 40.648873], [140.251853, 40.648665], [140.250474, 40.648427], [140.24637, 40.648911], [140.241477, 40.645818], [140.240087, 40.645045], [140.237136, 40.644706], [140.234516, 40.644535], [140.232894, 40.645038], [140.231043, 40.644829], [140.228764, 40.643523], [140.227217, 40.643346], [140.225274, 40.642825], [140.223034, 40.642717], [140.22186, 40.642374], [140.221604, 40.641983], [140.222334, 40.641033], [140.221854, 40.640273], [140.220872, 40.640426], [140.220096, 40.640866], [140.220107, 40.638951], [140.219367, 40.637948], [140.217963, 40.63765], [140.217161, 40.637725], [140.216943, 40.637477], [140.217035, 40.636569], [140.217343, 40.636007], [140.21766, 40.634762], [140.217083, 40.634336], [140.21568, 40.634081], [140.214351, 40.63399], [140.214355, 40.632848], [140.214589, 40.631473], [140.215063, 40.630983], [140.216595, 40.631236], [140.217017, 40.63094], [140.217153, 40.630325], [140.216917, 40.629862], [140.215743, 40.629153], [140.216191, 40.628766], [140.217476, 40.628274], [140.21776, 40.627567], [140.218693, 40.626791], [140.218613, 40.625847], [140.21938, 40.625752], [140.21927, 40.62496], [140.218949, 40.624492], [140.218062, 40.624254], [140.217679, 40.623877], [140.217384, 40.623035], [140.217032, 40.622809], [140.215981, 40.622759], [140.216574, 40.621799], [140.21573, 40.622102], [140.215415, 40.621905], [140.214093, 40.622093], [140.213667, 40.622316], [140.212465, 40.622102], [140.212342, 40.621729], [140.211514, 40.62084], [140.209855, 40.620417], [140.208372, 40.619595], [140.207849, 40.61837], [140.206551, 40.616948], [140.206481, 40.615526], [140.206252, 40.614894], [140.205196, 40.613188], [140.204785, 40.612037], [140.205063, 40.611011], [140.204838, 40.609223], [140.203308, 40.608245], [140.200963, 40.607823], [140.199315, 40.607249], [140.197763, 40.606936], [140.19671, 40.606086], [140.193952, 40.606629], [140.191301, 40.606189], [140.189391, 40.605706], [140.190184, 40.60456], [140.190835, 40.604375], [140.191771, 40.603634], [140.192774, 40.602166], [140.193049, 40.601352], [140.192778, 40.599817], [140.191821, 40.598862], [140.191133, 40.594965], [140.190554, 40.594657], [140.190809, 40.593541], [140.19061, 40.593198], [140.189907, 40.593049], [140.18931, 40.593851], [140.188947, 40.593986], [140.187771, 40.593712], [140.186386, 40.594317], [140.185217, 40.594408], [140.184651, 40.594085], [140.183855, 40.594981], [140.183584, 40.595819], [140.182196, 40.595843], [140.181842, 40.595203], [140.180957, 40.594464], [140.179816, 40.594564], [140.17892, 40.594894], [140.177937, 40.594439], [140.17701, 40.594223], [140.176545, 40.593856], [140.175472, 40.593716], [140.174613, 40.594227], [140.173883, 40.594188], [140.173055, 40.59328], [140.173289, 40.592546], [140.172554, 40.591914], [140.171684, 40.591922], [140.171418, 40.591229], [140.168636, 40.589769], [140.167713, 40.588449], [140.16489, 40.587376], [140.162127, 40.587971], [140.1603, 40.587665], [140.15711, 40.58752], [140.154767, 40.585802], [140.154734, 40.585602], [140.155678, 40.584363], [140.157136, 40.582154], [140.157252, 40.581775], [140.155628, 40.579736], [140.155086, 40.577372], [140.155366, 40.576054], [140.155506, 40.573907], [140.155053, 40.572148], [140.155053, 40.571437], [140.156152, 40.570852], [140.15709, 40.569025], [140.15841, 40.568442], [140.159177, 40.567873], [140.161078, 40.567157], [140.161776, 40.566027], [140.162071, 40.565248], [140.161896, 40.563331], [140.161496, 40.562067], [140.161463, 40.560365], [140.160449, 40.560345], [140.160128, 40.560013], [140.160403, 40.55872], [140.160753, 40.55839], [140.162626, 40.557821], [140.163214, 40.556951], [140.163072, 40.556375], [140.163906, 40.555004], [140.16327, 40.553925], [140.163192, 40.553349], [140.163404, 40.551375], [140.163627, 40.550455], [140.163463, 40.550003], [140.161666, 40.549033], [140.161961, 40.548583], [140.16159, 40.547832], [140.160331, 40.546656], [140.159979, 40.54531], [140.160434, 40.544493], [140.160198, 40.544114], [140.158231, 40.543344], [140.157114, 40.543051], [140.1565, 40.543071], [140.155892, 40.543532], [140.154516, 40.543809], [140.15221, 40.543876], [140.149865, 40.543719], [140.148759, 40.544024], [140.146174, 40.544102], [140.145236, 40.543312], [140.144312, 40.542794], [140.143343, 40.541667], [140.142732, 40.541402], [140.141908, 40.541382], [140.140249, 40.541836], [140.139486, 40.541614], [140.138313, 40.540504], [140.137657, 40.539571], [140.137443, 40.538603], [140.136741, 40.537595], [140.136538, 40.536922], [140.136684, 40.535283], [140.136365, 40.534335], [140.136315, 40.533039], [140.135841, 40.532192], [140.135146, 40.529343], [140.134412, 40.527517], [140.133867, 40.52675], [140.133719, 40.526081], [140.134608, 40.525565], [140.134711, 40.521907], [140.134851, 40.521356], [140.13559, 40.520875], [140.135954, 40.519584], [140.136479, 40.518919], [140.134479, 40.518003], [140.133389, 40.517097], [140.131343, 40.516433], [140.130207, 40.514704], [140.130097, 40.513962], [140.129151, 40.513735], [140.127073, 40.513866], [140.124793, 40.512474], [140.123309, 40.512541], [140.119548, 40.512181], [140.119415, 40.511378], [140.119894, 40.510091], [140.120582, 40.509545], [140.120322, 40.508976], [140.120267, 40.507993], [140.120521, 40.507599], [140.120143, 40.507084], [140.120204, 40.506338], [140.120774, 40.505316], [140.120645, 40.50494], [140.12086, 40.503774], [140.12155, 40.503131], [140.122698, 40.502777], [140.124118, 40.501709], [140.125703, 40.501591], [140.127208, 40.500058], [140.127864, 40.498541], [140.127311, 40.497795], [140.127814, 40.496624], [140.129357, 40.495332], [140.129783, 40.494828], [140.130749, 40.494485], [140.132847, 40.493948], [140.132547, 40.492425], [140.131986, 40.491902], [140.13187, 40.491152], [140.131275, 40.490032], [140.131192, 40.489048], [140.131555, 40.487623], [140.131525, 40.485569], [140.132654, 40.485505], [140.133787, 40.485709], [140.134438, 40.484278], [140.136217, 40.483586], [140.1372, 40.482573], [140.138444, 40.481649], [140.138385, 40.481142], [140.139182, 40.480411], [140.140426, 40.478916], [140.140948, 40.478816], [140.141311, 40.478247], [140.14323, 40.476483], [140.143636, 40.475823], [140.144908, 40.475759], [140.14627, 40.475994], [140.146744, 40.475328], [140.147325, 40.475022], [140.148621, 40.474724], [140.149561, 40.474274], [140.149063, 40.47355], [140.149133, 40.472138], [140.149799, 40.470937], [140.149509, 40.470106], [140.14903, 40.469557], [140.14981, 40.469296], [140.150741, 40.468414], [140.151747, 40.468053], [140.151747, 40.467463], [140.151358, 40.466802], [140.151972, 40.466313], [140.152704, 40.465056], [140.152492, 40.463593], [140.152706, 40.462832], [140.15313, 40.462489], [140.152212, 40.461864], [140.151307, 40.460626], [140.151736, 40.459765], [140.151727, 40.458972], [140.151395, 40.4583], [140.151465, 40.457775], [140.151025, 40.456937], [140.150746, 40.455881], [140.150689, 40.454833], [140.151541, 40.453935], [140.151349, 40.452659], [140.150947, 40.452167], [140.149983, 40.45166], [140.151644, 40.449095], [140.151154, 40.448086], [140.151183, 40.447517], [140.150153, 40.446267], [140.15016, 40.4456], [140.150772, 40.445394], [140.15186, 40.444422], [140.151541, 40.443816], [140.151799, 40.443194], [140.151484, 40.44214], [140.150531, 40.441319], [140.149078, 40.440633], [140.147387, 40.44002], [140.147153, 40.439391], [140.147245, 40.438126], [140.146012, 40.437942], [140.143962, 40.437942], [140.141798, 40.437766], [140.141466, 40.438387], [140.140201, 40.439267], [140.138791, 40.439538], [140.13673, 40.439616], [140.135218, 40.439057], [140.134296, 40.438291], [140.133253, 40.437959], [140.131352, 40.438239], [140.130792, 40.438133], [140.129252, 40.437193], [140.128364, 40.437074], [140.126258, 40.437171], [140.125008, 40.436807], [140.122615, 40.436619], [140.120945, 40.436402], [140.119612, 40.435555], [140.117595, 40.435012], [140.115418, 40.43612], [140.11467, 40.436243], [140.11328, 40.43597], [140.111622, 40.435416], [140.109908, 40.435764], [140.107616, 40.435896], [140.107198, 40.436487], [140.106416, 40.438387], [140.105424, 40.44039], [140.104786, 40.441029], [140.103063, 40.441729], [140.101945, 40.442942], [140.101156, 40.44312], [140.100076, 40.443744], [140.099173, 40.443969], [140.099519, 40.444461], [140.099842, 40.445603], [140.098531, 40.447676], [140.09737, 40.449241], [140.097901, 40.450603], [140.098382, 40.451026], [140.099501, 40.452957], [140.098911, 40.453496], [140.098745, 40.454074], [140.097517, 40.454974], [140.09697, 40.45567], [140.095288, 40.456916], [140.094411, 40.457739], [140.093583, 40.458925], [140.092947, 40.459194], [140.090615, 40.459641], [140.089988, 40.460523], [140.08895, 40.460898], [140.087851, 40.462047], [140.08688, 40.462482], [140.085012, 40.462567], [140.083499, 40.462347], [140.083464, 40.463095], [140.082999, 40.463937], [140.081935, 40.464948], [140.080177, 40.46587], [140.079546, 40.466644], [140.078453, 40.466895], [140.076797, 40.465411], [140.075278, 40.464771], [140.074128, 40.464619], [140.073208, 40.464855], [140.072087, 40.465388], [140.071141, 40.466226], [140.070835, 40.466796], [140.070655, 40.46791], [140.069969, 40.468548], [140.068345, 40.468856], [140.068088, 40.46962], [140.068772, 40.471483], [140.069366, 40.472533], [140.070214, 40.473456], [140.070826, 40.474607], [140.07128, 40.475121], [140.071287, 40.475609], [140.071757, 40.476072], [140.073446, 40.477238], [140.0746, 40.477863], [140.074755, 40.478717], [140.073702, 40.479534], [140.074493, 40.480604], [140.075643, 40.481043], [140.076467, 40.481992], [140.075957, 40.482818], [140.075708, 40.483935], [140.075317, 40.48461], [140.075643, 40.485176], [140.07554, 40.486742], [140.074307, 40.486711], [140.074128, 40.488348], [140.073759, 40.489072], [140.07285, 40.48907], [140.073289, 40.48987], [140.073368, 40.490899], [140.073079, 40.492291], [140.073818, 40.493001], [140.074786, 40.494577], [140.07533, 40.496803], [140.075383, 40.497396], [140.076469, 40.498526], [140.076919, 40.499282], [140.078095, 40.500789], [140.07912, 40.501092], [140.080184, 40.501738], [140.08098, 40.502579], [140.081965, 40.50434], [140.082719, 40.504632], [140.083563, 40.505566], [140.084245, 40.506002], [140.084087, 40.506735], [140.083689, 40.507129], [140.08346, 40.50824], [140.083757, 40.509545], [140.084797, 40.509796], [140.085471, 40.510307], [140.085606, 40.512727], [140.086257, 40.513879], [140.086887, 40.51584], [140.086174, 40.517181], [140.086076, 40.51892], [140.086314, 40.521261], [140.086201, 40.522132], [140.087348, 40.523954], [140.087346, 40.525508], [140.08652, 40.526334], [140.088045, 40.52704], [140.091393, 40.52753], [140.091706, 40.527873], [140.091717, 40.528543], [140.092407, 40.530848], [140.093415, 40.532681], [140.09426, 40.533639], [140.094586, 40.534335], [140.094741, 40.535706], [140.093607, 40.538251], [140.092676, 40.539671], [140.09216, 40.540802], [140.092621, 40.54233], [140.093131, 40.543222], [140.094241, 40.544701], [140.096168, 40.544756], [140.097296, 40.545388], [140.100207, 40.548017], [140.101191, 40.549081], [140.101807, 40.550281], [140.102213, 40.550632], [140.103142, 40.553455], [140.10319, 40.555385], [140.103544, 40.556207], [140.103402, 40.557106], [140.10389, 40.558474], [140.103474, 40.559656], [140.103463, 40.560819], [140.102897, 40.561363], [140.101916, 40.561529], [140.102122, 40.563291], [140.102441, 40.564033], [140.10116, 40.56459], [140.100207, 40.566801], [140.100511, 40.567992], [140.100246, 40.568561], [140.099444, 40.569474], [140.099202, 40.570097], [140.098546, 40.570705], [140.099055, 40.571932], [140.09902, 40.573248], [140.099173, 40.573755], [140.100126, 40.574501], [140.101389, 40.576214], [140.101599, 40.577988], [140.10222, 40.579583], [140.101586, 40.580466], [140.100952, 40.580944], [140.100889, 40.582558], [140.101435, 40.585359], [140.101024, 40.58737], [140.100725, 40.587994], [140.100808, 40.589212], [140.099936, 40.589868], [140.099986, 40.591014], [140.101239, 40.591823], [140.101875, 40.594076], [140.101617, 40.595377], [140.101221, 40.59644], [140.100681, 40.598691], [140.10015, 40.599031], [140.100155, 40.600103], [140.100393, 40.600874], [140.100904, 40.601535], [140.101073, 40.602307], [140.100546, 40.602646], [140.099731, 40.604361], [140.098778, 40.605299], [140.097888, 40.605821], [140.097241, 40.606908], [140.094945, 40.609029], [140.095548, 40.60976], [140.096009, 40.610722], [140.096022, 40.611206], [140.097139, 40.612852], [140.097689, 40.613948], [140.097659, 40.615161], [140.097453, 40.616238], [140.097746, 40.617096], [140.09744, 40.617934], [140.097849, 40.619068], [140.097683, 40.61978], [140.097029, 40.621002], [140.0963, 40.621943], [140.096697, 40.62328], [140.096999, 40.62504], [140.096955, 40.625682], [140.097626, 40.626832], [140.097633, 40.627622], [140.096551, 40.628417], [140.095773, 40.628552], [140.095102, 40.62933], [140.093882, 40.630216], [140.095146, 40.631762], [140.095626, 40.632537], [140.096031, 40.635859], [140.096564, 40.635776], [140.098736, 40.636205], [140.100922, 40.637303], [140.102716, 40.638839], [140.103081, 40.640288], [140.103122, 40.642475], [140.10335, 40.643414], [140.103243, 40.643968], [140.102782, 40.644462], [140.101794, 40.644411], [140.101538, 40.644757], [140.101057, 40.64793], [140.101359, 40.649022], [140.102049, 40.650108], [140.101916, 40.652291], [140.103072, 40.653688], [140.103601, 40.65526], [140.103437, 40.657465], [140.103501, 40.658164], [140.103964, 40.65904], [140.105103, 40.660283], [140.105238, 40.660749], [140.105137, 40.662328], [140.105446, 40.663664], [140.106195, 40.665302], [140.106195, 40.665641], [140.105111, 40.666967], [140.105201, 40.667379], [140.106342, 40.668209], [140.108302, 40.66884], [140.109506, 40.668762], [140.110085, 40.669063], [140.110422, 40.669615], [140.111482, 40.670648], [140.112, 40.6709], [140.114078, 40.670893], [140.114375, 40.671359], [140.114976, 40.673076], [140.116054, 40.673761], [140.117767, 40.675499], [140.118193, 40.675706], [140.119822, 40.675731], [140.120407, 40.6759], [140.12075, 40.677034], [140.121539, 40.677058], [140.122354, 40.678234], [140.123613, 40.678669], [140.124173, 40.679193], [140.126255, 40.679862], [140.127088, 40.680749], [140.127047, 40.681898], [140.128732, 40.683701], [140.128406, 40.684445], [140.127471, 40.685125], [140.12662, 40.68656], [140.127619, 40.687622], [140.128194, 40.688562], [140.127982, 40.689187], [140.127357, 40.689819], [140.129263, 40.691168], [140.130978, 40.692021], [140.131035, 40.692419], [140.129986, 40.693121], [140.12949, 40.69406], [140.130021, 40.694815], [140.131914, 40.69542], [140.132425, 40.695905], [140.133006, 40.698048], [140.134344, 40.699628], [140.134722, 40.700881], [140.135714, 40.701182], [140.136361, 40.702374], [140.136789, 40.702754], [140.138275, 40.703274], [140.139663, 40.703246], [140.141617, 40.704265], [140.143003, 40.704531], [140.145122, 40.70435], [140.146724, 40.705651], [140.147998, 40.705431], [140.148895, 40.705535], [140.149725, 40.706501], [140.150191, 40.709059], [140.150376, 40.712306], [140.150011, 40.713215], [140.150824, 40.713953], [140.151884, 40.713856], [140.152817, 40.714317], [140.153912, 40.7145], [140.154732, 40.715179], [140.15483, 40.716638], [140.155547, 40.717235], [140.155702, 40.718038], [140.155313, 40.718932], [140.154511, 40.719846], [140.154688, 40.720407], [140.159383, 40.721045], [140.160687, 40.721638], [140.161087, 40.72273], [140.162202, 40.724239], [140.163417, 40.724907], [140.163843, 40.725926], [140.164444, 40.726544], [140.164649, 40.728514], [140.165167, 40.728692], [140.166365, 40.728574], [140.167021, 40.729299], [140.16715, 40.730716], [140.166, 40.732081], [140.165465, 40.733081], [140.165058, 40.734636], [140.163421, 40.736376], [140.162232, 40.736557], [140.160086, 40.737772], [140.159553, 40.738539], [140.15975, 40.740394], [140.15933, 40.741398], [140.158602, 40.741864], [140.158467, 40.742636], [140.159232, 40.74378], [140.16015, 40.746252], [140.160888, 40.747303], [140.16074, 40.747998], [140.158596, 40.747958], [140.157055, 40.748047], [140.15525, 40.748624], [140.153246, 40.748945], [140.151703, 40.749343], [140.15, 40.749639], [140.148431, 40.749277], [140.148355, 40.750336], [140.147205, 40.750893], [140.145973, 40.750949], [140.144384, 40.751958], [140.144821, 40.752047], [140.146198, 40.753299], [140.148058, 40.754493], [140.149102, 40.754815], [140.15077, 40.755788], [140.152348, 40.757332], [140.155132, 40.75959], [140.1566, 40.760122], [140.156509, 40.75979], [140.15791, 40.760154], [140.162283, 40.763391], [140.164982, 40.765756], [140.166107, 40.766986], [140.167427, 40.768227], [140.16774, 40.768886], [140.168821, 40.769583], [140.167587, 40.771295], [140.17078, 40.772927], [140.169932, 40.772324], [140.167796, 40.771262], [140.168502, 40.770286], [140.170633, 40.771254], [140.170981, 40.77086], [140.17637, 40.773234], [140.178407, 40.773853], [140.178896, 40.773767], [140.180363, 40.77408], [140.182867, 40.774774], [140.184406, 40.775499], [140.186587, 40.77723], [140.187068, 40.77782], [140.187769, 40.779759], [140.188283, 40.78007], [140.190103, 40.781882], [140.191535, 40.782645], [140.193891, 40.783277], [140.195643, 40.784282], [140.197239, 40.783632], [140.19857, 40.783278], [140.199815, 40.783286], [140.200926, 40.783618], [140.203441, 40.785495], [140.204696, 40.785619], [140.205294, 40.785321], [140.210448, 40.785406], [140.210435, 40.78531], [140.205732, 40.78527], [140.206212, 40.784565], [140.207086, 40.78453], [140.205627, 40.783973], [140.206853, 40.782114], [140.207659, 40.781056], [140.208146, 40.780807], [140.209324, 40.782098], [140.211049, 40.781178], [140.210448, 40.780193], [140.213874, 40.778987], [140.215428, 40.778942], [140.215291, 40.780655], [140.210312, 40.783573], [140.21038, 40.783591], [140.215334, 40.780698], [140.215428, 40.779551], [140.217839, 40.779157], [140.219611, 40.779187], [140.219373, 40.779635], [140.220105, 40.780049], [140.22016, 40.779628], [140.221233, 40.779608], [140.222455, 40.780862], [140.223246, 40.781107], [140.223786, 40.780935], [140.224478, 40.781316], [140.224037, 40.781661], [140.225256, 40.781885], [140.22681, 40.782535], [140.227551, 40.781541], [140.228397, 40.781823], [140.229527, 40.782628], [140.231852, 40.783874], [140.235314, 40.786074], [140.237495, 40.787883], [140.239405, 40.789335], [140.240301, 40.790392], [140.240793, 40.791565], [140.240876, 40.792238], [140.236391, 40.794409], [140.23518, 40.798545], [140.235303, 40.798566], [140.236494, 40.794424], [140.241129, 40.792166], [140.241254, 40.792166], [140.243396, 40.794713], [140.243371, 40.794831], [140.240815, 40.796079], [140.241778, 40.797234], [140.239741, 40.798308], [140.244976, 40.795759], [140.246317, 40.796466], [140.247659, 40.797775], [140.248284, 40.798732], [140.249932, 40.800467], [140.251084, 40.800352], [140.256338, 40.800251], [140.258602, 40.799899], [140.259806, 40.799957], [140.263058, 40.799917], [140.26871, 40.800196], [140.270307, 40.8002], [140.270484, 40.799981], [140.270888, 40.798272], [140.27109, 40.798099], [140.273052, 40.79791], [140.275235, 40.797849], [140.275436, 40.796963], [140.276153, 40.796478], [140.275321, 40.795401], [140.274647, 40.795134], [140.273336, 40.794223], [140.273931, 40.793405], [140.2747, 40.792855], [140.275937, 40.791425], [140.276748, 40.791199], [140.278887, 40.789874], [140.279925, 40.788992], [140.281134, 40.787698], [140.281864, 40.787215], [140.283593, 40.786359], [140.284443, 40.78556], [140.287142, 40.782032], [140.289509, 40.776314], [140.290051, 40.776366], [140.290586, 40.775874], [140.290391, 40.774655], [140.291766, 40.772778], [140.292913, 40.773157], [140.293945, 40.773197], [140.294858, 40.772833], [140.297951, 40.770958], [140.298508, 40.770789], [140.302838, 40.770375], [140.303712, 40.770681], [140.306699, 40.769682], [140.310812, 40.769895], [140.311468, 40.769566], [140.312329, 40.768653], [140.313841, 40.767645], [140.317456, 40.765786], [140.319008, 40.764205], [140.319751, 40.763719], [140.32226, 40.761795], [140.325837, 40.759256], [140.329463, 40.757101]]]]}}, {"type": "Feature", "properties": {"N03_001": "青森県", "N03_002": null, "N03_003": "西津軽郡", "N03_004": "深浦町", "N03_007": "02323", "id": "gci:02323A1968", "code": "02323", "name": "深浦町"}, "geometry": {"type": "MultiPolygon", "coordinates": [[[[139.931812, 40.554605], [139.930852, 40.554554], [139.930933, 40.554846], [139.931812, 40.554605]]], [[[139.930684, 40.555595], [139.931613, 40.55533], [139.930846, 40.5552], [139.930116, 40.555504], [139.930684, 40.555595]]], [[[139.929097, 40.556434], [139.93033, 40.556034], [139.930417, 40.555708], [139.929718, 40.555443], [139.92847, 40.555358], [139.928206, 40.555674], [139.929106, 40.555646], [139.928398, 40.555978], [139.929097, 40.556434]]], [[[139.927386, 40.561456], [139.928308, 40.561247], [139.928433, 40.560617], [139.926884, 40.560605], [139.926765, 40.561411], [139.927386, 40.561456]]], [[[139.900044, 40.581639], [139.89915, 40.581312], [139.89901, 40.581667], [139.899808, 40.582269], [139.900249, 40.582061], [139.900044, 40.581639]]], [[[139.919864, 40.645623], [139.919317, 40.645652], [139.92265, 40.648234], [139.922819, 40.648102], [139.919739, 40.645715], [139.919864, 40.645623]]], [[[139.926833, 40.651828], [139.926333, 40.651449], [139.926263, 40.651912], [139.926833, 40.651828]]], [[[139.935721, 40.658005], [139.935044, 40.657565], [139.935582, 40.658404], [139.935721, 40.658005]]], [[[139.935413, 40.659429], [139.935442, 40.65859], [139.935072, 40.65886], [139.935413, 40.659429]]], [[[139.965719, 40.700223], [139.966029, 40.69994], [139.965448, 40.699796], [139.965719, 40.700223]]], [[[139.983334, 40.719609], [139.983065, 40.720077], [139.983423, 40.720345], [139.983334, 40.719609]]], [[[139.993863, 40.735364], [139.99331, 40.734871], [139.993656, 40.734305], [139.992812, 40.733218], [139.992464, 40.734359], [139.993142, 40.734829], [139.992674, 40.735127], [139.993863, 40.735364]]], [[[139.992849, 40.736613], [139.993159, 40.736397], [139.992834, 40.735921], [139.992849, 40.736613]]], [[[139.984029, 40.736199], [139.983806, 40.736855], [139.984269, 40.73725], [139.984479, 40.736729], [139.984029, 40.736199]]], [[[139.995762, 40.744611], [139.996709, 40.744013], [139.997897, 40.74364], [139.997675, 40.743098], [139.996409, 40.74276], [139.995902, 40.743344], [139.996062, 40.743634], [139.995273, 40.743555], [139.995037, 40.744571], [139.995762, 40.744611]]], [[[139.998435, 40.746299], [139.99955, 40.745733], [139.999054, 40.745447], [139.998236, 40.74544], [139.998227, 40.745829], [139.997517, 40.74595], [139.99738, 40.746717], [139.998435, 40.746299]]], [[[140.101293, 40.752322], [140.101276, 40.752196], [140.09649, 40.752571], [140.096505, 40.752696], [140.101293, 40.752322]]], [[[140.092995, 40.751913], [140.095546, 40.750301], [140.092936, 40.751859], [140.092995, 40.751913]]], [[[140.027078, 40.754252], [140.026737, 40.754428], [140.026715, 40.755047], [140.027344, 40.754772], [140.027078, 40.754252]]], [[[140.027794, 40.756375], [140.028454, 40.756156], [140.027425, 40.755272], [140.027025, 40.755553], [140.027794, 40.756375]]], [[[140.030303, 40.760215], [140.030852, 40.759759], [140.031125, 40.758651], [140.030786, 40.757513], [140.029971, 40.758329], [140.029689, 40.75923], [140.02989, 40.760192], [140.030303, 40.760215]]], [[[140.033422, 40.760486], [140.032926, 40.760835], [140.032976, 40.761404], [140.033547, 40.761128], [140.033422, 40.760486]]], [[[140.035767, 40.762788], [140.035352, 40.763109], [140.035655, 40.763385], [140.035767, 40.762788]]], [[[140.035931, 40.764438], [140.036803, 40.764083], [140.036167, 40.763875], [140.035931, 40.764438]]], [[[140.144384, 40.751958], [140.145973, 40.750949], [140.147205, 40.750893], [140.148355, 40.750336], [140.148431, 40.749277], [140.15, 40.749639], [140.151703, 40.749343], [140.153246, 40.748945], [140.15525, 40.748624], [140.157055, 40.748047], [140.158596, 40.747958], [140.16074, 40.747998], [140.160888, 40.747303], [140.16015, 40.746252], [140.159232, 40.74378], [140.158467, 40.742636], [140.158602, 40.741864], [140.15933, 40.741398], [140.15975, 40.740394], [140.159553, 40.738539], [140.160086, 40.737772], [140.162232, 40.736557], [140.163421, 40.736376], [140.165058, 40.734636], [140.165465, 40.733081], [140.166, 40.732081], [140.16715, 40.730716], [140.167021, 40.729299], [140.166365, 40.728574], [140.165167, 40.728692], [140.164649, 40.728514], [140.164444, 40.726544], [140.163843, 40.725926], [140.163417, 40.724907], [140.162202, 40.724239], [140.161087, 40.72273], [140.160687, 40.721638], [140.159383, 40.721045], [140.154688, 40.720407], [140.154511, 40.719846], [140.155313, 40.718932], [140.155702, 40.718038], [140.155547, 40.717235], [140.15483, 40.716638], [140.154732, 40.715179], [140.153912, 40.7145], [140.152817, 40.714317], [140.151884, 40.713856], [140.150824, 40.713953], [140.150011, 40.713215], [140.150376, 40.712306], [140.150191, 40.709059], [140.149725, 40.706501], [140.148895, 40.705535], [140.147998, 40.705431], [140.146724, 40.705651], [140.145122, 40.70435], [140.143003, 40.704531], [140.141617, 40.704265], [140.139663, 40.703246], [140.138275, 40.703274], [140.136789, 40.702754], [140.136361, 40.702374], [140.135714, 40.701182], [140.134722, 40.700881], [140.134344, 40.699628], [140.133006, 40.698048], [140.132425, 40.695905], [140.131914, 40.69542], [140.130021, 40.694815], [140.12949, 40.69406], [140.129986, 40.693121], [140.131035, 40.692419], [140.130978, 40.692021], [140.129263, 40.691168], [140.127357, 40.689819], [140.127982, 40.689187], [140.128194, 40.688562], [140.127619, 40.687622], [140.12662, 40.68656], [140.127471, 40.685125], [140.128406, 40.684445], [140.128732, 40.683701], [140.127047, 40.681898], [140.127088, 40.680749], [140.126255, 40.679862], [140.124173, 40.679193], [140.123613, 40.678669], [140.122354, 40.678234], [140.121539, 40.677058], [140.12075, 40.677034], [140.120407, 40.6759], [140.119822, 40.675731], [140.118193, 40.675706], [140.117767, 40.675499], [140.116054, 40.673761], [140.114976, 40.673076], [140.114375, 40.671359], [140.114078, 40.670893], [140.112, 40.6709], [140.111482, 40.670648], [140.110422, 40.669615], [140.110085, 40.669063], [140.109506, 40.668762], [140.108302, 40.66884], [140.106342, 40.668209], [140.105201, 40.667379], [140.105111, 40.666967], [140.106195, 40.665641], [140.106195, 40.665302], [140.105446, 40.663664], [140.105137, 40.662328], [140.105238, 40.660749], [140.105103, 40.660283], [140.103964, 40.65904], [140.103501, 40.658164], [140.103437, 40.657465], [140.103601, 40.65526], [140.103072, 40.653688], [140.101916, 40.652291], [140.102049, 40.650108], [140.101359, 40.649022], [140.101057, 40.64793], [140.101538, 40.644757], [140.101794, 40.644411], [140.102782, 40.644462], [140.103243, 40.643968], [140.10335, 40.643414], [140.103122, 40.642475], [140.103081, 40.640288], [140.102716, 40.638839], [140.100922, 40.637303], [140.098736, 40.636205], [140.096564, 40.635776], [140.096031, 40.635859], [140.095626, 40.632537], [140.095146, 40.631762], [140.093882, 40.630216], [140.095102, 40.62933], [140.095773, 40.628552], [140.096551, 40.628417], [140.097633, 40.627622], [140.097626, 40.626832], [140.096955, 40.625682], [140.096999, 40.62504], [140.096697, 40.62328], [140.0963, 40.621943], [140.097029, 40.621002], [140.097683, 40.61978], [140.097849, 40.619068], [140.09744, 40.617934], [140.097746, 40.617096], [140.097453, 40.616238], [140.097659, 40.615161], [140.097689, 40.613948], [140.097139, 40.612852], [140.096022, 40.611206], [140.096009, 40.610722], [140.095548, 40.60976], [140.094945, 40.609029], [140.097241, 40.606908], [140.097888, 40.605821], [140.098778, 40.605299], [140.099731, 40.604361], [140.100546, 40.602646], [140.101073, 40.602307], [140.100904, 40.601535], [140.100393, 40.600874], [140.100155, 40.600103], [140.10015, 40.599031], [140.100681, 40.598691], [140.101221, 40.59644], [140.101617, 40.595377], [140.101875, 40.594076], [140.101239, 40.591823], [140.099986, 40.591014], [140.099936, 40.589868], [140.100808, 40.589212], [140.100725, 40.587994], [140.101024, 40.58737], [140.101435, 40.585359], [140.100889, 40.582558], [140.100952, 40.580944], [140.101586, 40.580466], [140.10222, 40.579583], [140.101599, 40.577988], [140.101389, 40.576214], [140.100126, 40.574501], [140.099173, 40.573755], [140.09902, 40.573248], [140.099055, 40.571932], [140.098546, 40.570705], [140.099202, 40.570097], [140.099444, 40.569474], [140.100246, 40.568561], [140.100511, 40.567992], [140.100207, 40.566801], [140.10116, 40.56459], [140.102441, 40.564033], [140.102122, 40.563291], [140.101916, 40.561529], [140.102897, 40.561363], [140.103463, 40.560819], [140.103474, 40.559656], [140.10389, 40.558474], [140.103402, 40.557106], [140.103544, 40.556207], [140.10319, 40.555385], [140.103142, 40.553455], [140.102213, 40.550632], [140.101807, 40.550281], [140.101191, 40.549081], [140.100207, 40.548017], [140.097296, 40.545388], [140.096168, 40.544756], [140.094241, 40.544701], [140.093131, 40.543222], [140.092621, 40.54233], [140.09216, 40.540802], [140.092676, 40.539671], [140.093607, 40.538251], [140.094741, 40.535706], [140.094586, 40.534335], [140.09426, 40.533639], [140.093415, 40.532681], [140.092407, 40.530848], [140.091717, 40.528543], [140.091706, 40.527873], [140.091393, 40.52753], [140.088045, 40.52704], [140.08652, 40.526334], [140.087346, 40.525508], [140.087348, 40.523954], [140.086201, 40.522132], [140.086314, 40.521261], [140.086076, 40.51892], [140.086174, 40.517181], [140.086887, 40.51584], [140.086257, 40.513879], [140.085606, 40.512727], [140.085471, 40.510307], [140.084797, 40.509796], [140.083757, 40.509545], [140.08346, 40.50824], [140.083689, 40.507129], [140.084087, 40.506735], [140.084245, 40.506002], [140.083563, 40.505566], [140.082719, 40.504632], [140.081965, 40.50434], [140.08098, 40.502579], [140.080184, 40.501738], [140.07912, 40.501092], [140.078095, 40.500789], [140.076919, 40.499282], [140.076469, 40.498526], [140.075383, 40.497396], [140.07533, 40.496803], [140.074786, 40.494577], [140.073818, 40.493001], [140.073079, 40.492291], [140.073368, 40.490899], [140.073289, 40.48987], [140.07285, 40.48907], [140.073759, 40.489072], [140.074128, 40.488348], [140.074307, 40.486711], [140.07554, 40.486742], [140.075643, 40.485176], [140.075317, 40.48461], [140.075708, 40.483935], [140.075957, 40.482818], [140.076467, 40.481992], [140.075643, 40.481043], [140.074493, 40.480604], [140.073702, 40.479534], [140.074755, 40.478717], [140.0746, 40.477863], [140.073446, 40.477238], [140.071757, 40.476072], [140.071287, 40.475609], [140.07128, 40.475121], [140.070826, 40.474607], [140.070214, 40.473456], [140.069366, 40.472533], [140.068772, 40.471483], [140.068088, 40.46962], [140.068345, 40.468856], [140.067734, 40.468365], [140.067065, 40.468283], [140.065207, 40.46837], [140.063909, 40.468097], [140.062816, 40.467524], [140.061459, 40.467819], [140.060347, 40.467777], [140.059234, 40.46723], [140.058563, 40.46722], [140.055945, 40.467567], [140.055331, 40.467409], [140.053983, 40.467831], [140.053039, 40.467368], [140.052392, 40.466613], [140.052763, 40.465634], [140.054138, 40.464438], [140.053312, 40.4636], [140.051909, 40.463247], [140.049747, 40.461844], [140.049223, 40.461304], [140.048567, 40.460088], [140.047354, 40.460717], [140.045446, 40.460787], [140.043986, 40.46046], [140.042382, 40.460552], [140.041257, 40.461147], [140.038184, 40.460774], [140.037627, 40.461347], [140.036171, 40.461618], [140.036062, 40.460562], [140.035732, 40.459993], [140.03578, 40.459226], [140.035387, 40.458844], [140.034287, 40.458375], [140.034204, 40.457897], [140.032679, 40.458162], [140.031256, 40.45775], [140.030253, 40.456648], [140.030375, 40.455893], [140.030039, 40.455129], [140.029005, 40.454994], [140.028017, 40.453701], [140.027355, 40.453513], [140.025956, 40.453571], [140.024853, 40.453086], [140.023601, 40.452132], [140.022451, 40.450918], [140.021889, 40.449867], [140.020757, 40.449183], [140.020172, 40.448123], [140.020043, 40.447252], [140.020209, 40.446551], [140.020998, 40.445648], [140.022178, 40.444575], [140.022235, 40.443286], [140.023039, 40.442533], [140.023338, 40.441768], [140.02378, 40.441434], [140.025342, 40.439585], [140.026055, 40.439237], [140.025585, 40.437966], [140.025456, 40.436769], [140.02416, 40.435851], [140.022705, 40.435449], [140.022525, 40.435237], [140.022667, 40.433531], [140.022438, 40.432598], [140.022029, 40.432139], [140.022073, 40.431129], [140.022324, 40.430519], [140.022125, 40.429816], [140.021629, 40.429465], [140.019721, 40.429019], [140.018985, 40.428633], [140.018161, 40.427456], [140.017348, 40.426942], [140.017494, 40.425922], [140.018117, 40.425517], [140.018412, 40.424694], [140.019201, 40.423565], [140.019335, 40.423118], [140.018703, 40.422102], [140.018723, 40.421643], [140.019531, 40.421078], [140.01952, 40.419882], [140.018456, 40.420005], [140.017641, 40.420969], [140.0165, 40.421125], [140.015825, 40.421638], [140.014583, 40.42208], [140.014146, 40.422506], [140.014301, 40.423307], [140.013143, 40.424649], [140.012147, 40.424633], [140.012011, 40.425651], [140.011255, 40.425965], [140.009238, 40.425481], [140.008305, 40.426371], [140.006834, 40.427018], [140.006421, 40.427352], [140.005892, 40.42848], [140.005308, 40.429037], [140.0041, 40.430602], [140.003449, 40.431708], [140.00212, 40.432501], [140.001031, 40.432893], [140.000159, 40.432469], [139.998796, 40.432699], [139.997629, 40.432702], [139.997227, 40.432942], [139.996695, 40.434169], [139.995054, 40.435047], [139.994169, 40.434174], [139.993789, 40.433284], [139.993728, 40.432536], [139.991429, 40.432074], [139.990137, 40.430884], [139.989237, 40.430561], [139.988404, 40.429782], [139.986006, 40.428282], [139.985204, 40.427913], [139.98371, 40.428216], [139.982691, 40.42768], [139.981209, 40.427377], [139.97983, 40.427645], [139.978906, 40.428088], [139.977387, 40.427666], [139.976758, 40.427793], [139.97608, 40.427348], [139.975317, 40.427275], [139.973523, 40.4266], [139.972186, 40.426737], [139.971277, 40.427317], [139.969972, 40.427409], [139.969616, 40.427606], [139.968586, 40.428852], [139.967297, 40.429018], [139.964617, 40.430164], [139.964115, 40.430279], [139.964124, 40.431288], [139.963592, 40.43189], [139.963512, 40.43276], [139.961639, 40.434076], [139.959768, 40.434826], [139.957134, 40.434234], [139.956201, 40.433054], [139.954626, 40.432121], [139.950873, 40.430915], [139.949933, 40.431232], [139.94777, 40.431153], [139.947208, 40.430672], [139.94542, 40.429868], [139.943073, 40.429802], [139.94212, 40.429999], [139.941089, 40.429405], [139.939164, 40.428965], [139.938504, 40.428679], [139.93738, 40.428738], [139.936309, 40.428204], [139.936279, 40.428812], [139.937688, 40.429487], [139.938222, 40.430042], [139.939878, 40.430473], [139.940055, 40.430794], [139.939406, 40.430804], [139.938707, 40.432076], [139.938901, 40.432876], [139.93964, 40.433133], [139.940044, 40.434494], [139.93992, 40.435258], [139.939341, 40.435468], [139.939472, 40.435907], [139.94004, 40.436242], [139.94013, 40.437161], [139.939887, 40.438006], [139.940543, 40.438652], [139.940016, 40.438844], [139.939596, 40.439951], [139.939998, 40.440087], [139.939559, 40.440972], [139.939854, 40.443329], [139.939264, 40.444824], [139.939419, 40.445507], [139.938477, 40.445896], [139.938899, 40.446046], [139.938809, 40.447449], [139.940663, 40.448582], [139.941231, 40.448611], [139.941653, 40.449137], [139.942075, 40.449139], [139.942241, 40.450867], [139.941502, 40.451633], [139.940733, 40.451999], [139.941023, 40.452485], [139.941734, 40.452615], [139.94226, 40.45377], [139.941957, 40.454929], [139.942304, 40.455406], [139.942343, 40.456374], [139.941981, 40.456469], [139.942245, 40.45732], [139.941957, 40.457721], [139.942514, 40.458], [139.943384, 40.459519], [139.943314, 40.460453], [139.943766, 40.461197], [139.943843, 40.462609], [139.944946, 40.463658], [139.945034, 40.464349], [139.944636, 40.465881], [139.943672, 40.466767], [139.9432, 40.46698], [139.943989, 40.467163], [139.944269, 40.467784], [139.943631, 40.468069], [139.943947, 40.468445], [139.944607, 40.468579], [139.94492, 40.469034], [139.945423, 40.469007], [139.946028, 40.469935], [139.94591, 40.471038], [139.946087, 40.471584], [139.945906, 40.473792], [139.946275, 40.47481], [139.94666, 40.474973], [139.946609, 40.475965], [139.946802, 40.476256], [139.947147, 40.478435], [139.947147, 40.479951], [139.946504, 40.481067], [139.946677, 40.482668], [139.945849, 40.483328], [139.947029, 40.484347], [139.946749, 40.485698], [139.946004, 40.486634], [139.946419, 40.487753], [139.946227, 40.488062], [139.948229, 40.48921], [139.948714, 40.490206], [139.948423, 40.490828], [139.947857, 40.491266], [139.949295, 40.492476], [139.949433, 40.493211], [139.949898, 40.493772], [139.949804, 40.494588], [139.950012, 40.496293], [139.949708, 40.498298], [139.949236, 40.499734], [139.94928, 40.501935], [139.948839, 40.502741], [139.948087, 40.503534], [139.948919, 40.505759], [139.948943, 40.506744], [139.948552, 40.507384], [139.948607, 40.508141], [139.948371, 40.508674], [139.948578, 40.509335], [139.948168, 40.51056], [139.947038, 40.511624], [139.946598, 40.511691], [139.946542, 40.512481], [139.947438, 40.512534], [139.947481, 40.513185], [139.947208, 40.514051], [139.946507, 40.514872], [139.947503, 40.515453], [139.9478, 40.516895], [139.947529, 40.518431], [139.94791, 40.51955], [139.947864, 40.520879], [139.94751, 40.52405], [139.946662, 40.528368], [139.946314, 40.52936], [139.945805, 40.531443], [139.945031, 40.533651], [139.945324, 40.534248], [139.94475, 40.53496], [139.944979, 40.536464], [139.945001, 40.537883], [139.943871, 40.541425], [139.942951, 40.542894], [139.943001, 40.544622], [139.942787, 40.545725], [139.942319, 40.546397], [139.942029, 40.547461], [139.941581, 40.54771], [139.941622, 40.548512], [139.941133, 40.55033], [139.940669, 40.551125], [139.940044, 40.551665], [139.940175, 40.552696], [139.939625, 40.553503], [139.939277, 40.55359], [139.938914, 40.554469], [139.937927, 40.555697], [139.93679, 40.5564], [139.935448, 40.556839], [139.934585, 40.556721], [139.933051, 40.555989], [139.932255, 40.555133], [139.930605, 40.556086], [139.929351, 40.556946], [139.929185, 40.557235], [139.930039, 40.557332], [139.930747, 40.557073], [139.931296, 40.557482], [139.932011, 40.55743], [139.932041, 40.558094], [139.930859, 40.558453], [139.929958, 40.559194], [139.930854, 40.559592], [139.930848, 40.56046], [139.931543, 40.560224], [139.931726, 40.560475], [139.93148, 40.561321], [139.932653, 40.561557], [139.933442, 40.562717], [139.933567, 40.563753], [139.933486, 40.565284], [139.932557, 40.567502], [139.931899, 40.568831], [139.930299, 40.571758], [139.92903, 40.573909], [139.927185, 40.576719], [139.924228, 40.58039], [139.921492, 40.583447], [139.920091, 40.584713], [139.91843, 40.585794], [139.916767, 40.586262], [139.91631, 40.586566], [139.914429, 40.586902], [139.914346, 40.586018], [139.911911, 40.586084], [139.910893, 40.586259], [139.910893, 40.5854], [139.911494, 40.585385], [139.911509, 40.584886], [139.910941, 40.584644], [139.910567, 40.583831], [139.910775, 40.583734], [139.910318, 40.582945], [139.909948, 40.583047], [139.910862, 40.584663], [139.91056, 40.58513], [139.910051, 40.585254], [139.910602, 40.585649], [139.910556, 40.586025], [139.909879, 40.586277], [139.908364, 40.586112], [139.907013, 40.586397], [139.906998, 40.586168], [139.905921, 40.586076], [139.90275, 40.584319], [139.899793, 40.582984], [139.899273, 40.582454], [139.896303, 40.581912], [139.894928, 40.582704], [139.893177, 40.583237], [139.890631, 40.583491], [139.889082, 40.583428], [139.887983, 40.58359], [139.8852, 40.58431], [139.884184, 40.584355], [139.883341, 40.58385], [139.882628, 40.584161], [139.881948, 40.583333], [139.881844, 40.583827], [139.880362, 40.583762], [139.879455, 40.583178], [139.879968, 40.58273], [139.881415, 40.583174], [139.882683, 40.582549], [139.88133, 40.583026], [139.87999, 40.582636], [139.879361, 40.58286], [139.878122, 40.58264], [139.877333, 40.582291], [139.876647, 40.581678], [139.875101, 40.581623], [139.873183, 40.582137], [139.872348, 40.582597], [139.871375, 40.582786], [139.869135, 40.583984], [139.868112, 40.584906], [139.867559, 40.58574], [139.867195, 40.586677], [139.866242, 40.588073], [139.865376, 40.589919], [139.864793, 40.5914], [139.864823, 40.592357], [139.865287, 40.593174], [139.865383, 40.593855], [139.864445, 40.594733], [139.863374, 40.594524], [139.862039, 40.594958], [139.86127, 40.595808], [139.861316, 40.596196], [139.863101, 40.596349], [139.864461, 40.595734], [139.864963, 40.596038], [139.865451, 40.597074], [139.864032, 40.598048], [139.863582, 40.598932], [139.864135, 40.59971], [139.863057, 40.599613], [139.863095, 40.600306], [139.862443, 40.600948], [139.862347, 40.601854], [139.860407, 40.602907], [139.859742, 40.60302], [139.860385, 40.603441], [139.861788, 40.603622], [139.862098, 40.604061], [139.861971, 40.604533], [139.860813, 40.604855], [139.861875, 40.60553], [139.861351, 40.605947], [139.861099, 40.606932], [139.861313, 40.607185], [139.860407, 40.6079], [139.861279, 40.609123], [139.861126, 40.608396], [139.861733, 40.607973], [139.863119, 40.609104], [139.862424, 40.610068], [139.862166, 40.610745], [139.861676, 40.610872], [139.861431, 40.611354], [139.860518, 40.611185], [139.859948, 40.61152], [139.859845, 40.61239], [139.860275, 40.612607], [139.861012, 40.612382], [139.861086, 40.613315], [139.8604, 40.613422], [139.860081, 40.614146], [139.860997, 40.614463], [139.861165, 40.614933], [139.860946, 40.615977], [139.862601, 40.61643], [139.862944, 40.616031], [139.863591, 40.616586], [139.864568, 40.616423], [139.865649, 40.617116], [139.866441, 40.617824], [139.867802, 40.618717], [139.869037, 40.619762], [139.870757, 40.620259], [139.872009, 40.620921], [139.873233, 40.621209], [139.873465, 40.622014], [139.874977, 40.623359], [139.87581, 40.623435], [139.877311, 40.624661], [139.879422, 40.625852], [139.880493, 40.626135], [139.88091, 40.626642], [139.881946, 40.626823], [139.883623, 40.627829], [139.884554, 40.628658], [139.88442, 40.628959], [139.88536, 40.629231], [139.886217, 40.629186], [139.886195, 40.629802], [139.886689, 40.629411], [139.887519, 40.629833], [139.887441, 40.630097], [139.888238, 40.630284], [139.888715, 40.630926], [139.889405, 40.630414], [139.890107, 40.63056], [139.890441, 40.631233], [139.891258, 40.631174], [139.891717, 40.63163], [139.891099, 40.63227], [139.891101, 40.632666], [139.891748, 40.633274], [139.89224, 40.633029], [139.89196, 40.632537], [139.892301, 40.632187], [139.892981, 40.632435], [139.893807, 40.63306], [139.893291, 40.633797], [139.892233, 40.6341], [139.891982, 40.634832], [139.892423, 40.635667], [139.893923, 40.636873], [139.894047, 40.637362], [139.894991, 40.637679], [139.895372, 40.638226], [139.895756, 40.638213], [139.896582, 40.639226], [139.897714, 40.639497], [139.897474, 40.639838], [139.898012, 40.640724], [139.897872, 40.641016], [139.898643, 40.642238], [139.900472, 40.644129], [139.901825, 40.645037], [139.901762, 40.645433], [139.902398, 40.645814], [139.903825, 40.645917], [139.904553, 40.64652], [139.905298, 40.646461], [139.905938, 40.645869], [139.905774, 40.645087], [139.90622, 40.645636], [139.906672, 40.645243], [139.906216, 40.644544], [139.906946, 40.644888], [139.908183, 40.644338], [139.90869, 40.643924], [139.909579, 40.64373], [139.910514, 40.6429], [139.911089, 40.64273], [139.911537, 40.642243], [139.912645, 40.64217], [139.913325, 40.642428], [139.913572, 40.64295], [139.914011, 40.642603], [139.914877, 40.642823], [139.914586, 40.643149], [139.915351, 40.643622], [139.91522, 40.643195], [139.916002, 40.64311], [139.916013, 40.643649], [139.916649, 40.644539], [139.916959, 40.644248], [139.917281, 40.645003], [139.917322, 40.644354], [139.917965, 40.644962], [139.918716, 40.644327], [139.91902, 40.643725], [139.920456, 40.643753], [139.920659, 40.64395], [139.922458, 40.644327], [139.923527, 40.644275], [139.923833, 40.644067], [139.924903, 40.644598], [139.925791, 40.643327], [139.925529, 40.643219], [139.924973, 40.644014], [139.923378, 40.643472], [139.923769, 40.642887], [139.924676, 40.642174], [139.925789, 40.642064], [139.925819, 40.642262], [139.928402, 40.642274], [139.928752, 40.642544], [139.92854, 40.643251], [139.929159, 40.643946], [139.929878, 40.643855], [139.930026, 40.645053], [139.929207, 40.645687], [139.928649, 40.645676], [139.928011, 40.645008], [139.927004, 40.645651], [139.926311, 40.647048], [139.92762, 40.648428], [139.927399, 40.648973], [139.928507, 40.650554], [139.929054, 40.65089], [139.929497, 40.65271], [139.92878, 40.653176], [139.92866, 40.653544], [139.927734, 40.653541], [139.927345, 40.653865], [139.927666, 40.65453], [139.928442, 40.654168], [139.929067, 40.65353], [139.929578, 40.653707], [139.930138, 40.653059], [139.932109, 40.653161], [139.932955, 40.653425], [139.934642, 40.654194], [139.936202, 40.654532], [139.937059, 40.655439], [139.937245, 40.655991], [139.936801, 40.656514], [139.936711, 40.657589], [139.935923, 40.657492], [139.936218, 40.658568], [139.936534, 40.659019], [139.937267, 40.65943], [139.937553, 40.660331], [139.937326, 40.660584], [139.936674, 40.660421], [139.935748, 40.661113], [139.936786, 40.661261], [139.937149, 40.661671], [139.936703, 40.661965], [139.936777, 40.662617], [139.936069, 40.662728], [139.936587, 40.663546], [139.936036, 40.663622], [139.935494, 40.663297], [139.936381, 40.664541], [139.937426, 40.664376], [139.937745, 40.664052], [139.938366, 40.664423], [139.938455, 40.664973], [139.938982, 40.665464], [139.938222, 40.665726], [139.938587, 40.66659], [139.939424, 40.667492], [139.938978, 40.668275], [139.938213, 40.668666], [139.937564, 40.668581], [139.937334, 40.669111], [139.936676, 40.669505], [139.936045, 40.669533], [139.935815, 40.670093], [139.936775, 40.67047], [139.93643, 40.671264], [139.936495, 40.671705], [139.937354, 40.671123], [139.938622, 40.671123], [139.940621, 40.669253], [139.941557, 40.668033], [139.942057, 40.667778], [139.943159, 40.667863], [139.94409, 40.668173], [139.944317, 40.668492], [139.944736, 40.668118], [139.945368, 40.668303], [139.946135, 40.668871], [139.947079, 40.668978], [139.950843, 40.670453], [139.951435, 40.67087], [139.952322, 40.671871], [139.953032, 40.673144], [139.954444, 40.673479], [139.956262, 40.675553], [139.957368, 40.676569], [139.958065, 40.677447], [139.958524, 40.678983], [139.959302, 40.679189], [139.961851, 40.680732], [139.963175, 40.681724], [139.964351, 40.683017], [139.96498, 40.68401], [139.966215, 40.687055], [139.965872, 40.687893], [139.966281, 40.689025], [139.966864, 40.689336], [139.966901, 40.690793], [139.968195, 40.692398], [139.968632, 40.693253], [139.969229, 40.696075], [139.96906, 40.69706], [139.968121, 40.698022], [139.967817, 40.698878], [139.968897, 40.69948], [139.970376, 40.699897], [139.971012, 40.700472], [139.972203, 40.700691], [139.97316, 40.701235], [139.972489, 40.702371], [139.975643, 40.703446], [139.972583, 40.702332], [139.972898, 40.701798], [139.975444, 40.702718], [139.976111, 40.702695], [139.97719, 40.702186], [139.97862, 40.702493], [139.979118, 40.702775], [139.980759, 40.704325], [139.981697, 40.705349], [139.982844, 40.707164], [139.983157, 40.708557], [139.985006, 40.710351], [139.98661, 40.712713], [139.987377, 40.714294], [139.987683, 40.715936], [139.986944, 40.717935], [139.986448, 40.718644], [139.985517, 40.719387], [139.984957, 40.719456], [139.98442, 40.72012], [139.984547, 40.720737], [139.985043, 40.72095], [139.985803, 40.720785], [139.985982, 40.720407], [139.987602, 40.720958], [139.988542, 40.721532], [139.989864, 40.72326], [139.990686, 40.725327], [139.991608, 40.72661], [139.992163, 40.72777], [139.99246, 40.728783], [139.993457, 40.730129], [139.993538, 40.730827], [139.993308, 40.731711], [139.994182, 40.732386], [139.994307, 40.733152], [139.993916, 40.733631], [139.994034, 40.734914], [139.995091, 40.734886], [139.996398, 40.735284], [139.997006, 40.735309], [139.998343, 40.735827], [139.99948, 40.737182], [139.999982, 40.737361], [140.000557, 40.739675], [140.000024, 40.740753], [139.999176, 40.741264], [139.998883, 40.741735], [139.998258, 40.74147], [139.997091, 40.742448], [139.99741, 40.742887], [139.998302, 40.743191], [139.998518, 40.743763], [139.999202, 40.743654], [139.999436, 40.744333], [140.00024, 40.745381], [140.000599, 40.744988], [140.000966, 40.746077], [140.000854, 40.746572], [140.000079, 40.747263], [139.99941, 40.747507], [139.999993, 40.74775], [140.000527, 40.74745], [140.00146, 40.747497], [140.001654, 40.746592], [140.001053, 40.746069], [140.000677, 40.744953], [140.004146, 40.744072], [140.004012, 40.743539], [140.004814, 40.743472], [140.005942, 40.743641], [140.00702, 40.744615], [140.009284, 40.745342], [140.012044, 40.746511], [140.013478, 40.746811], [140.014898, 40.74748], [140.016493, 40.747832], [140.01853, 40.749727], [140.019918, 40.75032], [140.021085, 40.75041], [140.022696, 40.749979], [140.025677, 40.750205], [140.027106, 40.750938], [140.02739, 40.752654], [140.029029, 40.754551], [140.031066, 40.755759], [140.031516, 40.756298], [140.032141, 40.757524], [140.032484, 40.758525], [140.031608, 40.75847], [140.031704, 40.759432], [140.032559, 40.75881], [140.034027, 40.76046], [140.034641, 40.760799], [140.036204, 40.761266], [140.036888, 40.761851], [140.037365, 40.762555], [140.038556, 40.763124], [140.039301, 40.763307], [140.039272, 40.763848], [140.042507, 40.76419], [140.042387, 40.764874], [140.040337, 40.764684], [140.040345, 40.764795], [140.042415, 40.764991], [140.043285, 40.764909], [140.043138, 40.763734], [140.04377, 40.763842], [140.045949, 40.764945], [140.047798, 40.765289], [140.050278, 40.766071], [140.050818, 40.767163], [140.050455, 40.767778], [140.050855, 40.768255], [140.051767, 40.768475], [140.051865, 40.768905], [140.052862, 40.768712], [140.052982, 40.769218], [140.054697, 40.768729], [140.055108, 40.76827], [140.056245, 40.769145], [140.056933, 40.768989], [140.057755, 40.768504], [140.059842, 40.768048], [140.060412, 40.768178], [140.061064, 40.767869], [140.062056, 40.7678], [140.062759, 40.767277], [140.063612, 40.767256], [140.06395, 40.766422], [140.064862, 40.766822], [140.066055, 40.766455], [140.066083, 40.76596], [140.067624, 40.765391], [140.069097, 40.765067], [140.070594, 40.763422], [140.072533, 40.761716], [140.073726, 40.760937], [140.076211, 40.759604], [140.079126, 40.758771], [140.081237, 40.758394], [140.082037, 40.75845], [140.08485, 40.758369], [140.086262, 40.757196], [140.08751, 40.756741], [140.088775, 40.756733], [140.088886, 40.756532], [140.090412, 40.756632], [140.090602, 40.75496], [140.0903, 40.756399], [140.089114, 40.756316], [140.089271, 40.754936], [140.088817, 40.75297], [140.088959, 40.752312], [140.090191, 40.75223], [140.090453, 40.753153], [140.090676, 40.753092], [140.090458, 40.75215], [140.093528, 40.750311], [140.094805, 40.749439], [140.096536, 40.748538], [140.095502, 40.747432], [140.095904, 40.747047], [140.097067, 40.746638], [140.098782, 40.745844], [140.099967, 40.745654], [140.101226, 40.745053], [140.102045, 40.744915], [140.104862, 40.743976], [140.106543, 40.74372], [140.106696, 40.743475], [140.110144, 40.742549], [140.11174, 40.741758], [140.112349, 40.741603], [140.11365, 40.741613], [140.115995, 40.741255], [140.116808, 40.741528], [140.118235, 40.741546], [140.118845, 40.74192], [140.120654, 40.74242], [140.122748, 40.74258], [140.125193, 40.74378], [140.126568, 40.74415], [140.127715, 40.744681], [140.130196, 40.745265], [140.134359, 40.746819], [140.135764, 40.747252], [140.137368, 40.747983], [140.138216, 40.748604], [140.140181, 40.749483], [140.140568, 40.749892], [140.141519, 40.750291], [140.142214, 40.750222], [140.143392, 40.75093], [140.144384, 40.751958]]], [[[140.056822, 40.769472], [140.057897, 40.769116], [140.05734, 40.768966], [140.056822, 40.769472]]]]}}, {"type": "Feature", "properties": {"OBJECTID": 1430, "N03_001": "青森県", "N03_002": null, "N03_003": "中津軽郡", "N03_004": "西目屋村", "N03_007": "02343", "Shape_Leng": 0.885084294590402, "Shape_Area": 0.026140745359297, "id": "gci:02343A1968", "code": "02343", "name": "西目屋村"}, "geometry": {"type": "MultiPolygon", "coordinates": [[[[140.347808, 40.467547], [140.348111, 40.466969], [140.348009, 40.465657], [140.348391, 40.464798], [140.347928, 40.462493], [140.347016, 40.461559], [140.344798, 40.461801], [140.343371, 40.461662], [140.342892, 40.460298], [140.343203, 40.459535], [140.343653, 40.457664], [140.343426, 40.457289], [140.343887, 40.456491], [140.343452, 40.456024], [140.342698, 40.45469], [140.343629, 40.453156], [140.343784, 40.4522], [140.342613, 40.451452], [140.342217, 40.450811], [140.34133, 40.450396], [140.341124, 40.449715], [140.341428, 40.44906], [140.341422, 40.448283], [140.34178, 40.446888], [140.340602, 40.446079], [140.340707, 40.44533], [140.339822, 40.444256], [140.340668, 40.443229], [140.340183, 40.44269], [140.339236, 40.442203], [140.339149, 40.441137], [140.338847, 40.44094], [140.337781, 40.440918], [140.337042, 40.440633], [140.335215, 40.439383], [140.33398, 40.43988], [140.332227, 40.440125], [140.331336, 40.439467], [140.328858, 40.439185], [140.326875, 40.439074], [140.326414, 40.439248], [140.323857, 40.43941], [140.322065, 40.439265], [140.321862, 40.438915], [140.320966, 40.438604], [140.319399, 40.438896], [140.317893, 40.439683], [140.317133, 40.439311], [140.316796, 40.438656], [140.315345, 40.437495], [140.312753, 40.437209], [140.311273, 40.436325], [140.310727, 40.436287], [140.309538, 40.436572], [140.309105, 40.437195], [140.308196, 40.437703], [140.307973, 40.438065], [140.308271, 40.438853], [140.308386, 40.439984], [140.307995, 40.440631], [140.307882, 40.441573], [140.307626, 40.441894], [140.30577, 40.442747], [140.304044, 40.442897], [140.301957, 40.442836], [140.300923, 40.443776], [140.300394, 40.444484], [140.300042, 40.445436], [140.298871, 40.446252], [140.295726, 40.446448], [140.294625, 40.446389], [140.292828, 40.44598], [140.292236, 40.446327], [140.291041, 40.446584], [140.28988, 40.44611], [140.28887, 40.445027], [140.288145, 40.444894], [140.287528, 40.4452], [140.286947, 40.445889], [140.28592, 40.445994], [140.285096, 40.445828], [140.284443, 40.445337], [140.282672, 40.44598], [140.279344, 40.446053], [140.27826, 40.445682], [140.277322, 40.444856], [140.274543, 40.443075], [140.273115, 40.442562], [140.269986, 40.442065], [140.268672, 40.441367], [140.266867, 40.440743], [140.26226, 40.440868], [140.260444, 40.441858], [140.25907, 40.441406], [140.254187, 40.441562], [140.253405, 40.441467], [140.252227, 40.441867], [140.251497, 40.441909], [140.250389, 40.442894], [140.250055, 40.442994], [140.249034, 40.441791], [140.248016, 40.440819], [140.245839, 40.439383], [140.245679, 40.43843], [140.245382, 40.438097], [140.242502, 40.437279], [140.241562, 40.43762], [140.240159, 40.437449], [140.238509, 40.437397], [140.235624, 40.43654], [140.234472, 40.435993], [140.23275, 40.434641], [140.231987, 40.434278], [140.23004, 40.433918], [140.227704, 40.433656], [140.225615, 40.432637], [140.224561, 40.432506], [140.223377, 40.431557], [140.222448, 40.431583], [140.220169, 40.431145], [140.218772, 40.431478], [140.218199, 40.431845], [140.217415, 40.433249], [140.216121, 40.43381], [140.214694, 40.434076], [140.212428, 40.435301], [140.21158, 40.435922], [140.210668, 40.437632], [140.210096, 40.438429], [140.209204, 40.438639], [140.208448, 40.438359], [140.206586, 40.437313], [140.205275, 40.436451], [140.203706, 40.436564], [140.196961, 40.434622], [140.195633, 40.434499], [140.194052, 40.43478], [140.193467, 40.435217], [140.192385, 40.436437], [140.190724, 40.437444], [140.190278, 40.438126], [140.189505, 40.438454], [140.187476, 40.439575], [140.185794, 40.441962], [140.185468, 40.443306], [140.184642, 40.443192], [140.182754, 40.442491], [140.18203, 40.442387], [140.180376, 40.441149], [140.178411, 40.440506], [140.176294, 40.440182], [140.174191, 40.440309], [140.172875, 40.439538], [140.171912, 40.438593], [140.171162, 40.438117], [140.170681, 40.438187], [140.169484, 40.439311], [140.1689, 40.439635], [140.167217, 40.43981], [140.16452, 40.439446], [140.162425, 40.439359], [140.161347, 40.438921], [140.160156, 40.438668], [140.157483, 40.437465], [140.155621, 40.436218], [140.154225, 40.435834], [140.152855, 40.43518], [140.151412, 40.435024], [140.150846, 40.435369], [140.149539, 40.435718], [140.1478, 40.437014], [140.147245, 40.438126], [140.147153, 40.439391], [140.147387, 40.44002], [140.149078, 40.440633], [140.150531, 40.441319], [140.151484, 40.44214], [140.151799, 40.443194], [140.151541, 40.443816], [140.15186, 40.444422], [140.150772, 40.445394], [140.15016, 40.4456], [140.150153, 40.446267], [140.151183, 40.447517], [140.151154, 40.448086], [140.151644, 40.449095], [140.149983, 40.45166], [140.150947, 40.452167], [140.151349, 40.452659], [140.151541, 40.453935], [140.150689, 40.454833], [140.150746, 40.455881], [140.151025, 40.456937], [140.151465, 40.457775], [140.151395, 40.4583], [140.151727, 40.458972], [140.151736, 40.459765], [140.151307, 40.460626], [140.152212, 40.461864], [140.15313, 40.462489], [140.152706, 40.462832], [140.152492, 40.463593], [140.152704, 40.465056], [140.151972, 40.466313], [140.151358, 40.466802], [140.151747, 40.467463], [140.151747, 40.468053], [140.150741, 40.468414], [140.14981, 40.469296], [140.14903, 40.469557], [140.149509, 40.470106], [140.149799, 40.470937], [140.149133, 40.472138], [140.149063, 40.47355], [140.149561, 40.474274], [140.148621, 40.474724], [140.147325, 40.475022], [140.146744, 40.475328], [140.14627, 40.475994], [140.144908, 40.475759], [140.143636, 40.475823], [140.14323, 40.476483], [140.141311, 40.478247], [140.140948, 40.478816], [140.140426, 40.478916], [140.139182, 40.480411], [140.138385, 40.481142], [140.138444, 40.481649], [140.1372, 40.482573], [140.136217, 40.483586], [140.134438, 40.484278], [140.133787, 40.485709], [140.132654, 40.485505], [140.131525, 40.485569], [140.131555, 40.487623], [140.131192, 40.489048], [140.131275, 40.490032], [140.13187, 40.491152], [140.131986, 40.491902], [140.132547, 40.492425], [140.132847, 40.493948], [140.130749, 40.494485], [140.129783, 40.494828], [140.129357, 40.495332], [140.127814, 40.496624], [140.127311, 40.497795], [140.127864, 40.498541], [140.127208, 40.500058], [140.125703, 40.501591], [140.124118, 40.501709], [140.122698, 40.502777], [140.12155, 40.503131], [140.12086, 40.503774], [140.120645, 40.50494], [140.120774, 40.505316], [140.120204, 40.506338], [140.120143, 40.507084], [140.120521, 40.507599], [140.120267, 40.507993], [140.120322, 40.508976], [140.120582, 40.509545], [140.119894, 40.510091], [140.119415, 40.511378], [140.119548, 40.512181], [140.123309, 40.512541], [140.124793, 40.512474], [140.127073, 40.513866], [140.129151, 40.513735], [140.130097, 40.513962], [140.130207, 40.514704], [140.131343, 40.516433], [140.133389, 40.517097], [140.134479, 40.518003], [140.136479, 40.518919], [140.135954, 40.519584], [140.13559, 40.520875], [140.134851, 40.521356], [140.134711, 40.521907], [140.134608, 40.525565], [140.133719, 40.526081], [140.133867, 40.52675], [140.134412, 40.527517], [140.135146, 40.529343], [140.135841, 40.532192], [140.136315, 40.533039], [140.136365, 40.534335], [140.136684, 40.535283], [140.136538, 40.536922], [140.136741, 40.537595], [140.137443, 40.538603], [140.137657, 40.539571], [140.138313, 40.540504], [140.139486, 40.541614], [140.140249, 40.541836], [140.141908, 40.541382], [140.142732, 40.541402], [140.143343, 40.541667], [140.144312, 40.542794], [140.145236, 40.543312], [140.146174, 40.544102], [140.148759, 40.544024], [140.149865, 40.543719], [140.15221, 40.543876], [140.154516, 40.543809], [140.155892, 40.543532], [140.1565, 40.543071], [140.157114, 40.543051], [140.158231, 40.543344], [140.160198, 40.544114], [140.160434, 40.544493], [140.159979, 40.54531], [140.160331, 40.546656], [140.16159, 40.547832], [140.161961, 40.548583], [140.161666, 40.549033], [140.163463, 40.550003], [140.163627, 40.550455], [140.163404, 40.551375], [140.163192, 40.553349], [140.16327, 40.553925], [140.163906, 40.555004], [140.163072, 40.556375], [140.163214, 40.556951], [140.163712, 40.557497], [140.16386, 40.558193], [140.165209, 40.55918], [140.166157, 40.560646], [140.169315, 40.561146], [140.170098, 40.561056], [140.170065, 40.561624], [140.170858, 40.562404], [140.171698, 40.562437], [140.172587, 40.563516], [140.172596, 40.564093], [140.173251, 40.565334], [140.17335, 40.565921], [140.175142, 40.566301], [140.175225, 40.567198], [140.175472, 40.567293], [140.176357, 40.566763], [140.178114, 40.566783], [140.178735, 40.566043], [140.178588, 40.565201], [140.178765, 40.564824], [140.179913, 40.564622], [140.179854, 40.56378], [140.18047, 40.563148], [140.181512, 40.562464], [140.181053, 40.561072], [140.1805, 40.560311], [140.182164, 40.56007], [140.182553, 40.560286], [140.183486, 40.559908], [140.18419, 40.559246], [140.185044, 40.55879], [140.186093, 40.558553], [140.186703, 40.557583], [140.188436, 40.556907], [140.190141, 40.555774], [140.192271, 40.555987], [140.194085, 40.556437], [140.19515, 40.556583], [140.197239, 40.556338], [140.198052, 40.556594], [140.198262, 40.557315], [140.198804, 40.557899], [140.199086, 40.558807], [140.198913, 40.559683], [140.19838, 40.560764], [140.198659, 40.561595], [140.199831, 40.562781], [140.20114, 40.563883], [140.201334, 40.564575], [140.202067, 40.565154], [140.201874, 40.565682], [140.202486, 40.566364], [140.205106, 40.566506], [140.207401, 40.567103], [140.207989, 40.567003], [140.208243, 40.567613], [140.209198, 40.568368], [140.209731, 40.569281], [140.209971, 40.570301], [140.210568, 40.571333], [140.211193, 40.571962], [140.210465, 40.573274], [140.210813, 40.574063], [140.210568, 40.575071], [140.211619, 40.575857], [140.211492, 40.576885], [140.2104, 40.577736], [140.209823, 40.579524], [140.209536, 40.579868], [140.210072, 40.580893], [140.210933, 40.581687], [140.213514, 40.583198], [140.215083, 40.583328], [140.215782, 40.583708], [140.216351, 40.584511], [140.21778, 40.58502], [140.218394, 40.585088], [140.219902, 40.585763], [140.220582, 40.586819], [140.221528, 40.588825], [140.221978, 40.589307], [140.223536, 40.589191], [140.224393, 40.58927], [140.22627, 40.589747], [140.227429, 40.590446], [140.228469, 40.590198], [140.23023, 40.590328], [140.231393, 40.590971], [140.231902, 40.592134], [140.232951, 40.593272], [140.233784, 40.594982], [140.235082, 40.59586], [140.235301, 40.596739], [140.23583, 40.596916], [140.236599, 40.597572], [140.236605, 40.5979], [140.235941, 40.598263], [140.235972, 40.600128], [140.235692, 40.601309], [140.23621, 40.601917], [140.236004, 40.602467], [140.236356, 40.603493], [140.236975, 40.603697], [140.237202, 40.604304], [140.238102, 40.60435], [140.238411, 40.60395], [140.239224, 40.604066], [140.240594, 40.603429], [140.241805, 40.603388], [140.242919, 40.603625], [140.243531, 40.603136], [140.24484, 40.602749], [140.247659, 40.602796], [140.248398, 40.604137], [140.249025, 40.604824], [140.248739, 40.605366], [140.248601, 40.606354], [140.248656, 40.607477], [140.249434, 40.607945], [140.249952, 40.60887], [140.251086, 40.609369], [140.251685, 40.609328], [140.252559, 40.61018], [140.252714, 40.610729], [140.254301, 40.611446], [140.255282, 40.61203], [140.256886, 40.611926], [140.256996, 40.612646], [140.257365, 40.613074], [140.259258, 40.613907], [140.260095, 40.613477], [140.261196, 40.613631], [140.261578, 40.614069], [140.262568, 40.614269], [140.263864, 40.615217], [140.264688, 40.615378], [140.26624, 40.615372], [140.267499, 40.61579], [140.268168, 40.615653], [140.268904, 40.616011], [140.269505, 40.615803], [140.270801, 40.615803], [140.272521, 40.615511], [140.274781, 40.614789], [140.275668, 40.614623], [140.275858, 40.613873], [140.277537, 40.613687], [140.278507, 40.612907], [140.279925, 40.612563], [140.280404, 40.61222], [140.281626, 40.612256], [140.281783, 40.611586], [140.283256, 40.611346], [140.284403, 40.611825], [140.28488, 40.611335], [140.285944, 40.610941], [140.286471, 40.609917], [140.286989, 40.609479], [140.287201, 40.608871], [140.286792, 40.608673], [140.287386, 40.60793], [140.287262, 40.607503], [140.287821, 40.60717], [140.288737, 40.607118], [140.289515, 40.606442], [140.291215, 40.606791], [140.29217, 40.606624], [140.293274, 40.607352], [140.29492, 40.60768], [140.296161, 40.607087], [140.297009, 40.60715], [140.297662, 40.606536], [140.29763, 40.605939], [140.298395, 40.605252], [140.29808, 40.60494], [140.297247, 40.604982], [140.297002, 40.604409], [140.297295, 40.603998], [140.298292, 40.603405], [140.297199, 40.602626], [140.295549, 40.603228], [140.294987, 40.603167], [140.296032, 40.601507], [140.296224, 40.600436], [140.297562, 40.598908], [140.29843, 40.597706], [140.299083, 40.597082], [140.299262, 40.596561], [140.299459, 40.594851], [140.300687, 40.594633], [140.30148, 40.594206], [140.303294, 40.594175], [140.305252, 40.593816], [140.307069, 40.594014], [140.307873, 40.59393], [140.308408, 40.593055], [140.310495, 40.591507], [140.311225, 40.590275], [140.311238, 40.589651], [140.310474, 40.588393], [140.307663, 40.586014], [140.307136, 40.585668], [140.30739, 40.585092], [140.30642, 40.58532], [140.305373, 40.585203], [140.304568, 40.584894], [140.304188, 40.585044], [140.302838, 40.586781], [140.299715, 40.586685], [140.299743, 40.585775], [140.298773, 40.585214], [140.298937, 40.584483], [140.30098, 40.583643], [140.301806, 40.583537], [140.302302, 40.583169], [140.304151, 40.583039], [140.303557, 40.582631], [140.30605, 40.581023], [140.306299, 40.580177], [140.307785, 40.579583], [140.308817, 40.578835], [140.306734, 40.577396], [140.305401, 40.576296], [140.303983, 40.575303], [140.303919, 40.573695], [140.305331, 40.572869], [140.3056, 40.572342], [140.306382, 40.57189], [140.306986, 40.571156], [140.307215, 40.570321], [140.306981, 40.569911], [140.308091, 40.568584], [140.310259, 40.567576], [140.309844, 40.567185], [140.309505, 40.565662], [140.310825, 40.564392], [140.31022, 40.563774], [140.310235, 40.562941], [140.309014, 40.562043], [140.308673, 40.560786], [140.310299, 40.559999], [140.309951, 40.559455], [140.310519, 40.558473], [140.310159, 40.557838], [140.310506, 40.556081], [140.309973, 40.555281], [140.310185, 40.554623], [140.309864, 40.554305], [140.310135, 40.552486], [140.30899, 40.551309], [140.308251, 40.549413], [140.307853, 40.5491], [140.306063, 40.54864], [140.305193, 40.548303], [140.304981, 40.547896], [140.303537, 40.547627], [140.302643, 40.546844], [140.302446, 40.546077], [140.302682, 40.544895], [140.302379, 40.542773], [140.301559, 40.541907], [140.302027, 40.541059], [140.302411, 40.539496], [140.302339, 40.538828], [140.30159, 40.537802], [140.30155, 40.537226], [140.301907, 40.535948], [140.3014, 40.535176], [140.301721, 40.533958], [140.30173, 40.533085], [140.301417, 40.531821], [140.301592, 40.531155], [140.301531, 40.530107], [140.30225, 40.528577], [140.302033, 40.527573], [140.302945, 40.526662], [140.303113, 40.525461], [140.304265, 40.524722], [140.304523, 40.523061], [140.305287, 40.521993], [140.305945, 40.521365], [140.307573, 40.521996], [140.308098, 40.521399], [140.30918, 40.520949], [140.311177, 40.520455], [140.312143, 40.519411], [140.312226, 40.519059], [140.311459, 40.518239], [140.311678, 40.517876], [140.313529, 40.516303], [140.314246, 40.515483], [140.31524, 40.515279], [140.316344, 40.515274], [140.317454, 40.51499], [140.318922, 40.515232], [140.319825, 40.515108], [140.320382, 40.513935], [140.320902, 40.513554], [140.32167, 40.512521], [140.321938, 40.511676], [140.322686, 40.510741], [140.323282, 40.509466], [140.323129, 40.508944], [140.322059, 40.508441], [140.32132, 40.507783], [140.32014, 40.506444], [140.319904, 40.505422], [140.319156, 40.504143], [140.320588, 40.50269], [140.320583, 40.501796], [140.320162, 40.501116], [140.320127, 40.49974], [140.320669, 40.499068], [140.321737, 40.498392], [140.322312, 40.497427], [140.32306, 40.497197], [140.324655, 40.496013], [140.3278, 40.495496], [140.327896, 40.49505], [140.327376, 40.494043], [140.328943, 40.492702], [140.329631, 40.492614], [140.329747, 40.491793], [140.330324, 40.490947], [140.329636, 40.489919], [140.327509, 40.488558], [140.327046, 40.487886], [140.328069, 40.486731], [140.32721, 40.485358], [140.32818, 40.484036], [140.328287, 40.48289], [140.327955, 40.482649], [140.327336, 40.481432], [140.329679, 40.481725], [140.331054, 40.481756], [140.33226, 40.482059], [140.333235, 40.481364], [140.334476, 40.480975], [140.334752, 40.480241], [140.335755, 40.479462], [140.336456, 40.479441], [140.336539, 40.478593], [140.337053, 40.476986], [140.336998, 40.475863], [140.337588, 40.474642], [140.338113, 40.474316], [140.3393, 40.474533], [140.339809, 40.474367], [140.340751, 40.473649], [140.342305, 40.472958], [140.343826, 40.472999], [140.344328, 40.472246], [140.345336, 40.471787], [140.345581, 40.471085], [140.345989, 40.470751], [140.345817, 40.46995], [140.346297, 40.469568], [140.346665, 40.468615], [140.347808, 40.467547]]]]}}, {"type": "Feature", "properties": {"OBJECTID": 1431, "N03_001": "青森県", "N03_002": null, "N03_003": "南津軽郡", "N03_004": "藤崎町", "N03_007": "02361", "Shape_Leng": 0.564421255619871, "Shape_Area": 0.00397175509275, "id": "gci:02361A1968", "code": "02361", "name": "藤崎町"}, "geometry": {"type": "MultiPolygon", "coordinates": [[[[140.578246, 40.687317], [140.579022, 40.685074], [140.577935, 40.684865], [140.577835, 40.684029], [140.578248, 40.681688], [140.57816, 40.68112], [140.578375, 40.679916], [140.576618, 40.679891], [140.576556, 40.677182], [140.575295, 40.677625], [140.57203, 40.672326], [140.571327, 40.672585], [140.570728, 40.672826], [140.570881, 40.673103], [140.569521, 40.673511], [140.567474, 40.674428], [140.567148, 40.672665], [140.565981, 40.672796], [140.565848, 40.671733], [140.565043, 40.671981], [140.564987, 40.671514], [140.566422, 40.671486], [140.566479, 40.670714], [140.566173, 40.670728], [140.565695, 40.669723], [140.565231, 40.669463], [140.564508, 40.66962], [140.563455, 40.66911], [140.563326, 40.667576], [140.562869, 40.66799], [140.562279, 40.667311], [140.561413, 40.667612], [140.560122, 40.666129], [140.55989, 40.666117], [140.557901, 40.662999], [140.558199, 40.662497], [140.55847, 40.660853], [140.558196, 40.660331], [140.558402, 40.659856], [140.557823, 40.659511], [140.556004, 40.660561], [140.555648, 40.660433], [140.553893, 40.662026], [140.55166, 40.660614], [140.54973, 40.662416], [140.549009, 40.661951], [140.547914, 40.660888], [140.547573, 40.660017], [140.547993, 40.659669], [140.547684, 40.659161], [140.544955, 40.658904], [140.543958, 40.659212], [140.542275, 40.659438], [140.541233, 40.659054], [140.538674, 40.659167], [140.537612, 40.659868], [140.53731, 40.659715], [140.535288, 40.660998], [140.534958, 40.661595], [140.53434, 40.660943], [140.530924, 40.66294], [140.531132, 40.660398], [140.530544, 40.659251], [140.52835, 40.659231], [140.528249, 40.659885], [140.527657, 40.659852], [140.527591, 40.660229], [140.526228, 40.660112], [140.526195, 40.65965], [140.524289, 40.660751], [140.522456, 40.661462], [140.522836, 40.659197], [140.522615, 40.658436], [140.522982, 40.657069], [140.521367, 40.653896], [140.51989, 40.650728], [140.518909, 40.650995], [140.518399, 40.650706], [140.517707, 40.649245], [140.517693, 40.64872], [140.516218, 40.649047], [140.515171, 40.647424], [140.514802, 40.646261], [140.515381, 40.645917], [140.515921, 40.645201], [140.514951, 40.645079], [140.511026, 40.645331], [140.510715, 40.645236], [140.510422, 40.644476], [140.50952, 40.64452], [140.50938, 40.643098], [140.506554, 40.643021], [140.506226, 40.642491], [140.504784, 40.64233], [140.5037, 40.641982], [140.502092, 40.641261], [140.5004, 40.641555], [140.498501, 40.64253], [140.497275, 40.642746], [140.497056, 40.642615], [140.495529, 40.644148], [140.495054, 40.645516], [140.494801, 40.64971], [140.493802, 40.650655], [140.490666, 40.651483], [140.487871, 40.652096], [140.485832, 40.6523], [140.483559, 40.651574], [140.482886, 40.651503], [140.482792, 40.650766], [140.481821, 40.64935], [140.481516, 40.648583], [140.481192, 40.646854], [140.480445, 40.645771], [140.479614, 40.645518], [140.478019, 40.645572], [140.477459, 40.646081], [140.476522, 40.646473], [140.476441, 40.648515], [140.475438, 40.649009], [140.47523, 40.650008], [140.474745, 40.650784], [140.473661, 40.651914], [140.473093, 40.651345], [140.471812, 40.650805], [140.470352, 40.652806], [140.468877, 40.654204], [140.46724, 40.655347], [140.466447, 40.65727], [140.465658, 40.660691], [140.46493, 40.661522], [140.464296, 40.661629], [140.460797, 40.661386], [140.460572, 40.661605], [140.460944, 40.662501], [140.461016, 40.663746], [140.461335, 40.665421], [140.461075, 40.665625], [140.461691, 40.667479], [140.462496, 40.66898], [140.462841, 40.669271], [140.463931, 40.669253], [140.465186, 40.669967], [140.46547, 40.67051], [140.466952, 40.671586], [140.467756, 40.671448], [140.467572, 40.670529], [140.46792, 40.669342], [140.469141, 40.668508], [140.469443, 40.667976], [140.470562, 40.667757], [140.471176, 40.667347], [140.471519, 40.666634], [140.472157, 40.666168], [140.475267, 40.666331], [140.476275, 40.666843], [140.476378, 40.667259], [140.477892, 40.668224], [140.478655, 40.668896], [140.477759, 40.669342], [140.477479, 40.669936], [140.479136, 40.671116], [140.479153, 40.67247], [140.478401, 40.673237], [140.478189, 40.673917], [140.478729, 40.674617], [140.478703, 40.675148], [140.478132, 40.676175], [140.476585, 40.676585], [140.475886, 40.678106], [140.474614, 40.67989], [140.475073, 40.680039], [140.476054, 40.679755], [140.47704, 40.680197], [140.477831, 40.681445], [140.479157, 40.681808], [140.479042, 40.682677], [140.479431, 40.683068], [140.481977, 40.683673], [140.48265, 40.683626], [140.483229, 40.682277], [140.48367, 40.682283], [140.485323, 40.68309], [140.487777, 40.680792], [140.488175, 40.680819], [140.488452, 40.681745], [140.48852, 40.683908], [140.48904, 40.683404], [140.489473, 40.683404], [140.48939, 40.684268], [140.490238, 40.684686], [140.490034, 40.68367], [140.490618, 40.684047], [140.492069, 40.684579], [140.492753, 40.685592], [140.491789, 40.68607], [140.492209, 40.686423], [140.492281, 40.687755], [140.493116, 40.688519], [140.493181, 40.689142], [140.492862, 40.68966], [140.491767, 40.690157], [140.491409, 40.691918], [140.491868, 40.693338], [140.49144, 40.695004], [140.491424, 40.695883], [140.492604, 40.697334], [140.492543, 40.697994], [140.493015, 40.699492], [140.49484, 40.699832], [140.494786, 40.701462], [140.495494, 40.700967], [140.498282, 40.70225], [140.499093, 40.701144], [140.500516, 40.702359], [140.501224, 40.70357], [140.501499, 40.70438], [140.501119, 40.704723], [140.501456, 40.705586], [140.50115, 40.707062], [140.50226, 40.706505], [140.502446, 40.707248], [140.502664, 40.709459], [140.504458, 40.709335], [140.504402, 40.708773], [140.50556, 40.708672], [140.505486, 40.707749], [140.506589, 40.707673], [140.506253, 40.704823], [140.50768, 40.704747], [140.507529, 40.70234], [140.5086, 40.701793], [140.509723, 40.702078], [140.510927, 40.701632], [140.510919, 40.701326], [140.509806, 40.70031], [140.51002, 40.699458], [140.509795, 40.699068], [140.510145, 40.698615], [140.510479, 40.698923], [140.511419, 40.698788], [140.511478, 40.698325], [140.511919, 40.698307], [140.512693, 40.699476], [140.514479, 40.699386], [140.515984, 40.69799], [140.516295, 40.698034], [140.518323, 40.696049], [140.518758, 40.694218], [140.518806, 40.693548], [140.518235, 40.691962], [140.518607, 40.691631], [140.519682, 40.692188], [140.521872, 40.691173], [140.522204, 40.691318], [140.525913, 40.68965], [140.527722, 40.68898], [140.530299, 40.688761], [140.533608, 40.688245], [140.536204, 40.688136], [140.536239, 40.688372], [140.533413, 40.68859], [140.530395, 40.689042], [140.528227, 40.689188], [140.526835, 40.689641], [140.523972, 40.690874], [140.521973, 40.692089], [140.521317, 40.692741], [140.520408, 40.694345], [140.520854, 40.694699], [140.520712, 40.695126], [140.522008, 40.694835], [140.522366, 40.695778], [140.523341, 40.695551], [140.524407, 40.698433], [140.527298, 40.697808], [140.528127, 40.700102], [140.528603, 40.700021], [140.528245, 40.701888], [140.52677, 40.704553], [140.52649, 40.705812], [140.525019, 40.70826], [140.525334, 40.710146], [140.525222, 40.711106], [140.52446, 40.712458], [140.523738, 40.713218], [140.523299, 40.714515], [140.523113, 40.715757], [140.522436, 40.716817], [140.521168, 40.717769], [140.520596, 40.718811], [140.520495, 40.719909], [140.521127, 40.721957], [140.522401, 40.720898], [140.524318, 40.720405], [140.525137, 40.719897], [140.526236, 40.717941], [140.526702, 40.718003], [140.527587, 40.716801], [140.527875, 40.716889], [140.528533, 40.7163], [140.527775, 40.715821], [140.529158, 40.714244], [140.531197, 40.712214], [140.5322, 40.712029], [140.532928, 40.711476], [140.533787, 40.710501], [140.53366, 40.710254], [140.534272, 40.70985], [140.534578, 40.708751], [140.535306, 40.708418], [140.535964, 40.707697], [140.536598, 40.707504], [140.536182, 40.706932], [140.536917, 40.705991], [140.540997, 40.703426], [140.541823, 40.703402], [140.542116, 40.702854], [140.543344, 40.70224], [140.543453, 40.701587], [140.544441, 40.700983], [140.547064, 40.700284], [140.54754, 40.698829], [140.547927, 40.698082], [140.548384, 40.69621], [140.548753, 40.69548], [140.547586, 40.695261], [140.546329, 40.69476], [140.545049, 40.691183], [140.545798, 40.690999], [140.545307, 40.689654], [140.545521, 40.689075], [140.544968, 40.687957], [140.545809, 40.687966], [140.545348, 40.686727], [140.543825, 40.686929], [140.542358, 40.687439], [140.540732, 40.687659], [140.540164, 40.687118], [140.541003, 40.686817], [140.540514, 40.686615], [140.541637, 40.685418], [140.542166, 40.685742], [140.543261, 40.684596], [140.542509, 40.684181], [140.541871, 40.684221], [140.542111, 40.683545], [140.541449, 40.683149], [140.543805, 40.680632], [140.543882, 40.680304], [140.543311, 40.679978], [140.544651, 40.679483], [140.544006, 40.678241], [140.544633, 40.677402], [140.544271, 40.677119], [140.545503, 40.67634], [140.546067, 40.67644], [140.546734, 40.676982], [140.547276, 40.676822], [140.545986, 40.675979], [140.546992, 40.675317], [140.54733, 40.675592], [140.547988, 40.674773], [140.549164, 40.674797], [140.549459, 40.67416], [140.548897, 40.674074], [140.549343, 40.671988], [140.549048, 40.671435], [140.549682, 40.670802], [140.550329, 40.669712], [140.551172, 40.670188], [140.551564, 40.670723], [140.553347, 40.674451], [140.553642, 40.676112], [140.554241, 40.676999], [140.555268, 40.676779], [140.556221, 40.678606], [140.555862, 40.67917], [140.555373, 40.680654], [140.555569, 40.68142], [140.555524, 40.684065], [140.55461, 40.684213], [140.555003, 40.684759], [140.555764, 40.684856], [140.556752, 40.68613], [140.55756, 40.686894], [140.559182, 40.688064], [140.559827, 40.688178], [140.561005, 40.688055], [140.562897, 40.688555], [140.564466, 40.688653], [140.566366, 40.688407], [140.567832, 40.687862], [140.568697, 40.687897], [140.569587, 40.688257], [140.570907, 40.689198], [140.571899, 40.689427], [140.576777, 40.68766], [140.578246, 40.687317]]]]}}, {"type": "Feature", "properties": {"OBJECTID": 1432, "N03_001": "青森県", "N03_002": null, "N03_003": "南津軽郡", "N03_004": "大鰐町", "N03_007": "02362", "Shape_Leng": 0.896449930673382, "Shape_Area": 0.017358076674847, "id": "gci:02362A1968", "code": "02362", "name": "大鰐町"}, "geometry": {"type": "MultiPolygon", "coordinates": [[[[140.598149, 40.542837], [140.598677, 40.542376], [140.598625, 40.54196], [140.599283, 40.54113], [140.600233, 40.540671], [140.600384, 40.540165], [140.60231, 40.539052], [140.603158, 40.539535], [140.603691, 40.539528], [140.605267, 40.53851], [140.606115, 40.537547], [140.606147, 40.536964], [140.606801, 40.537261], [140.607561, 40.53714], [140.60879, 40.536664], [140.609281, 40.536238], [140.61028, 40.53634], [140.611513, 40.536175], [140.613499, 40.536363], [140.614181, 40.535723], [140.615608, 40.535514], [140.61636, 40.536023], [140.617536, 40.536086], [140.617962, 40.536626], [140.619201, 40.537561], [140.621166, 40.537419], [140.625574, 40.539157], [140.627528, 40.540517], [140.627792, 40.540472], [140.628883, 40.539495], [140.629523, 40.539115], [140.631341, 40.538566], [140.63168, 40.538052], [140.63062, 40.535743], [140.633087, 40.535121], [140.63416, 40.535312], [140.635592, 40.536182], [140.637515, 40.536265], [140.638621, 40.536818], [140.639965, 40.536999], [140.641025, 40.53785], [140.641375, 40.538793], [140.641272, 40.54006], [140.64245, 40.54039], [140.642863, 40.540685], [140.644434, 40.541122], [140.645149, 40.541054], [140.645415, 40.540697], [140.644985, 40.539467], [140.645431, 40.536565], [140.646224, 40.535906], [140.646104, 40.535453], [140.64514, 40.534828], [140.644937, 40.534157], [140.646117, 40.533628], [140.647035, 40.533595], [140.648329, 40.532786], [140.648471, 40.531674], [140.649467, 40.531807], [140.650132, 40.53159], [140.651585, 40.531467], [140.652868, 40.531935], [140.657518, 40.531602], [140.659092, 40.530553], [140.662482, 40.530403], [140.663356, 40.530437], [140.665281, 40.529914], [140.66564, 40.529256], [140.66649, 40.528679], [140.667445, 40.528562], [140.669558, 40.525885], [140.67118, 40.525991], [140.671783, 40.525057], [140.672823, 40.524467], [140.673029, 40.523484], [140.674349, 40.521996], [140.675889, 40.521612], [140.677205, 40.521791], [140.677021, 40.521352], [140.677323, 40.520823], [140.676705, 40.518678], [140.676497, 40.517023], [140.677273, 40.516235], [140.677054, 40.514997], [140.67736, 40.513938], [140.678022, 40.513428], [140.679004, 40.513019], [140.679069, 40.512606], [140.678665, 40.511964], [140.678921, 40.511035], [140.677775, 40.509468], [140.676342, 40.508876], [140.675791, 40.508326], [140.674397, 40.50789], [140.673112, 40.507764], [140.671881, 40.507255], [140.670373, 40.505897], [140.669257, 40.505161], [140.668319, 40.504139], [140.66689, 40.503261], [140.666184, 40.502584], [140.663511, 40.501499], [140.662246, 40.500859], [140.660611, 40.500607], [140.659907, 40.499499], [140.658109, 40.498702], [140.656826, 40.498371], [140.656461, 40.497796], [140.655187, 40.497242], [140.654275, 40.49643], [140.652951, 40.495993], [140.652195, 40.495509], [140.651109, 40.495491], [140.650285, 40.495086], [140.650035, 40.494338], [140.648414, 40.493853], [140.646513, 40.494236], [140.645555, 40.493991], [140.644517, 40.493381], [140.643907, 40.493342], [140.643265, 40.49386], [140.641805, 40.494324], [140.640509, 40.494023], [140.639191, 40.494322], [140.63729, 40.4942], [140.63675, 40.49437], [140.636247, 40.494976], [140.635896, 40.494983], [140.634257, 40.49436], [140.633249, 40.494987], [140.632252, 40.494901], [140.630832, 40.494268], [140.630421, 40.494327], [140.628845, 40.495281], [140.628207, 40.495514], [140.627228, 40.495442], [140.626712, 40.495625], [140.625416, 40.495645], [140.624494, 40.496435], [140.624134, 40.498776], [140.62395, 40.49895], [140.621192, 40.497926], [140.620344, 40.496183], [140.619516, 40.495032], [140.619448, 40.492429], [140.619166, 40.491986], [140.61777, 40.491631], [140.617324, 40.491329], [140.616867, 40.489945], [140.616093, 40.48651], [140.616491, 40.485644], [140.616401, 40.48531], [140.615022, 40.484546], [140.614391, 40.483746], [140.614078, 40.480724], [140.612865, 40.479522], [140.610999, 40.4788], [140.60995, 40.478729], [140.608368, 40.478878], [140.607199, 40.479738], [140.606855, 40.481194], [140.606156, 40.481911], [140.605747, 40.482921], [140.605833, 40.483677], [140.60552, 40.484287], [140.605135, 40.485988], [140.605208, 40.486537], [140.605929, 40.48817], [140.60601, 40.488937], [140.605223, 40.490081], [140.603986, 40.490371], [140.602635, 40.490324], [140.601545, 40.491409], [140.600649, 40.491942], [140.599486, 40.49306], [140.597862, 40.493366], [140.595821, 40.493488], [140.594484, 40.49392], [140.593524, 40.493892], [140.593063, 40.493481], [140.592226, 40.491028], [140.592156, 40.49052], [140.590917, 40.489221], [140.588946, 40.487715], [140.587586, 40.487336], [140.585654, 40.487126], [140.584859, 40.486802], [140.583646, 40.485691], [140.583412, 40.485177], [140.584736, 40.484234], [140.585405, 40.483919], [140.586157, 40.483212], [140.588406, 40.482717], [140.58914, 40.482462], [140.591426, 40.480631], [140.59178, 40.479951], [140.591817, 40.478611], [140.592873, 40.477885], [140.594001, 40.477829], [140.595557, 40.478097], [140.596088, 40.477988], [140.596645, 40.47689], [140.598057, 40.476504], [140.598636, 40.475607], [140.598507, 40.473906], [140.597856, 40.472115], [140.59807, 40.471387], [140.597692, 40.470612], [140.597473, 40.469482], [140.597884, 40.469374], [140.598977, 40.468598], [140.599995, 40.466376], [140.599768, 40.465933], [140.599654, 40.464675], [140.599403, 40.464046], [140.599434, 40.46315], [140.599209, 40.462422], [140.599296, 40.46146], [140.599589, 40.460682], [140.599268, 40.45959], [140.599807, 40.458696], [140.59984, 40.457527], [140.600371, 40.45659], [140.600413, 40.455284], [140.600789, 40.45477], [140.601263, 40.452868], [140.601073, 40.451836], [140.600428, 40.450855], [140.599158, 40.449906], [140.599484, 40.449218], [140.600201, 40.448754], [140.601044, 40.448619], [140.600491, 40.445766], [140.600192, 40.445097], [140.5993, 40.443962], [140.599152, 40.44265], [140.597858, 40.441237], [140.597458, 40.440526], [140.595065, 40.439984], [140.593741, 40.439429], [140.592176, 40.438318], [140.589837, 40.436327], [140.58973, 40.436113], [140.590076, 40.434237], [140.590045, 40.433663], [140.588902, 40.430502], [140.588707, 40.430196], [140.587217, 40.429292], [140.586509, 40.429073], [140.585294, 40.429014], [140.583384, 40.429825], [140.581884, 40.429839], [140.579998, 40.429529], [140.578447, 40.428875], [140.577245, 40.429284], [140.576561, 40.42928], [140.575387, 40.428779], [140.575199, 40.428148], [140.574096, 40.426142], [140.571449, 40.426158], [140.570319, 40.42602], [140.568383, 40.426144], [140.566193, 40.425948], [140.564792, 40.425688], [140.563531, 40.425825], [140.562945, 40.426082], [140.562163, 40.427024], [140.560906, 40.426059], [140.5588, 40.425719], [140.557637, 40.425692], [140.557014, 40.424612], [140.555657, 40.423074], [140.554846, 40.422446], [140.554885, 40.421864], [140.55444, 40.421298], [140.553367, 40.420563], [140.553214, 40.419985], [140.554772, 40.4192], [140.555569, 40.41749], [140.556385, 40.416315], [140.556249, 40.415158], [140.5569, 40.414444], [140.557906, 40.414073], [140.558561, 40.413388], [140.559363, 40.411341], [140.561048, 40.410175], [140.562207, 40.410076], [140.562696, 40.40981], [140.563566, 40.408538], [140.564687, 40.408094], [140.56597, 40.406474], [140.566199, 40.404841], [140.565706, 40.403685], [140.566584, 40.403051], [140.567954, 40.401378], [140.569368, 40.400736], [140.568743, 40.4004], [140.567069, 40.39864], [140.566068, 40.398399], [140.565443, 40.398043], [140.564195, 40.398299], [140.563166, 40.398223], [140.561765, 40.397612], [140.560686, 40.397689], [140.559145, 40.39706], [140.558277, 40.39737], [140.557276, 40.398557], [140.556339, 40.399189], [140.555371, 40.39946], [140.554794, 40.399896], [140.553085, 40.400277], [140.552527, 40.400621], [140.550545, 40.400937], [140.549938, 40.402226], [140.548392, 40.402909], [140.547944, 40.403878], [140.54735, 40.403914], [140.54492, 40.402723], [140.543849, 40.402752], [140.542894, 40.403262], [140.542002, 40.402913], [140.54052, 40.402701], [140.540136, 40.402969], [140.539377, 40.404061], [140.53814, 40.404601], [140.537786, 40.405026], [140.53729, 40.407667], [140.536912, 40.408247], [140.536285, 40.408568], [140.535889, 40.409521], [140.533833, 40.410264], [140.532181, 40.411281], [140.530185, 40.411362], [140.528975, 40.410859], [140.526829, 40.410582], [140.526055, 40.410345], [140.523808, 40.410213], [140.523658, 40.410874], [140.524462, 40.411603], [140.525144, 40.413475], [140.524464, 40.415802], [140.524003, 40.416667], [140.524394, 40.418952], [140.524269, 40.419666], [140.52588, 40.419571], [140.52981, 40.420265], [140.529357, 40.423249], [140.52996, 40.424443], [140.530349, 40.425732], [140.530808, 40.426713], [140.530461, 40.427306], [140.530574, 40.427922], [140.529934, 40.428369], [140.52991, 40.430259], [140.529652, 40.430536], [140.527681, 40.431336], [140.526357, 40.430867], [140.524676, 40.430766], [140.523299, 40.430925], [140.521852, 40.430401], [140.520084, 40.430506], [140.518825, 40.430785], [140.517276, 40.430318], [140.516655, 40.429893], [140.515211, 40.429252], [140.515071, 40.429005], [140.513677, 40.428544], [140.512322, 40.429295], [140.511122, 40.42906], [140.510527, 40.428682], [140.508456, 40.428526], [140.507566, 40.429272], [140.505278, 40.43013], [140.502572, 40.431446], [140.501788, 40.432702], [140.501318, 40.434288], [140.499972, 40.435032], [140.498011, 40.436451], [140.496521, 40.436534], [140.49505, 40.436923], [140.493865, 40.437545], [140.492589, 40.438033], [140.491505, 40.437962], [140.489713, 40.438476], [140.488011, 40.439324], [140.486271, 40.440378], [140.485159, 40.440865], [140.481378, 40.44176], [140.481192, 40.441909], [140.483179, 40.442782], [140.483734, 40.443482], [140.483863, 40.44467], [140.484322, 40.446223], [140.483775, 40.447403], [140.481668, 40.449273], [140.480967, 40.450496], [140.481013, 40.451635], [140.479374, 40.452265], [140.478567, 40.452357], [140.477647, 40.453074], [140.476657, 40.452912], [140.475324, 40.453428], [140.4745, 40.453527], [140.473342, 40.453393], [140.471959, 40.453694], [140.470636, 40.453417], [140.469644, 40.453481], [140.467793, 40.453841], [140.465887, 40.453983], [140.465647, 40.455192], [140.464733, 40.45618], [140.464224, 40.456427], [140.463171, 40.455917], [140.460754, 40.456051], [140.459412, 40.456447], [140.457703, 40.455368], [140.456278, 40.454937], [140.455437, 40.454873], [140.454444, 40.45452], [140.453428, 40.454371], [140.452488, 40.453456], [140.451533, 40.453512], [140.450071, 40.454057], [140.448664, 40.453964], [140.447645, 40.45284], [140.44718, 40.452582], [140.445967, 40.452476], [140.445263, 40.452235], [140.444343, 40.451051], [140.443823, 40.450634], [140.442573, 40.450131], [140.441594, 40.449962], [140.439955, 40.450081], [140.439704, 40.450407], [140.440315, 40.452487], [140.439371, 40.452952], [140.438825, 40.453936], [140.437553, 40.455269], [140.437468, 40.456062], [140.437918, 40.457833], [140.437807, 40.458851], [140.436714, 40.459495], [140.436817, 40.46052], [140.437385, 40.462215], [140.437352, 40.46436], [140.43702, 40.46547], [140.435632, 40.466567], [140.43346, 40.467702], [140.433512, 40.469361], [140.433169, 40.469876], [140.433538, 40.471474], [140.433215, 40.47185], [140.433853, 40.472726], [140.43521, 40.473776], [140.435062, 40.474711], [140.436205, 40.476248], [140.436462, 40.477287], [140.437206, 40.478256], [140.440304, 40.478703], [140.440962, 40.479659], [140.441364, 40.479874], [140.444383, 40.480252], [140.445206, 40.479945], [140.445939, 40.479425], [140.447558, 40.478694], [140.448373, 40.477947], [140.44904, 40.478011], [140.450047, 40.478589], [140.451179, 40.480114], [140.45225, 40.480588], [140.453321, 40.480701], [140.454355, 40.481234], [140.457076, 40.481], [140.459263, 40.480228], [140.460564, 40.480332], [140.461527, 40.480888], [140.462196, 40.482337], [140.462832, 40.482899], [140.463995, 40.483431], [140.46434, 40.483828], [140.464106, 40.485045], [140.464438, 40.485697], [140.464646, 40.486884], [140.463512, 40.487894], [140.462985, 40.488672], [140.461777, 40.4897], [140.460959, 40.491352], [140.458732, 40.492823], [140.458435, 40.49378], [140.459869, 40.494717], [140.461973, 40.497083], [140.462633, 40.498322], [140.461936, 40.500088], [140.462041, 40.501445], [140.461822, 40.502336], [140.462026, 40.502694], [140.462928, 40.503222], [140.463427, 40.503182], [140.465767, 40.503552], [140.467981, 40.503683], [140.469329, 40.503584], [140.470365, 40.503716], [140.471932, 40.504167], [140.473449, 40.503748], [140.474996, 40.503959], [140.475757, 40.504209], [140.477145, 40.504289], [140.478207, 40.504926], [140.479181, 40.505811], [140.480049, 40.506099], [140.481083, 40.506894], [140.482575, 40.507005], [140.484086, 40.50787], [140.483915, 40.508354], [140.484569, 40.510023], [140.485034, 40.51189], [140.483102, 40.513387], [140.482106, 40.513757], [140.481872, 40.51461], [140.482787, 40.515942], [140.483581, 40.516753], [140.484293, 40.518504], [140.485502, 40.519289], [140.487713, 40.519748], [140.48838, 40.519699], [140.48968, 40.520079], [140.492465, 40.521717], [140.493863, 40.521913], [140.496516, 40.52096], [140.497644, 40.52074], [140.498614, 40.521162], [140.499296, 40.521877], [140.501875, 40.522349], [140.502286, 40.522619], [140.503763, 40.523057], [140.507245, 40.523841], [140.508416, 40.523661], [140.509153, 40.524044], [140.510425, 40.524242], [140.5112, 40.5237], [140.51193, 40.522103], [140.512505, 40.521945], [140.513624, 40.522081], [140.515224, 40.523204], [140.516247, 40.52346], [140.517276, 40.523259], [140.518428, 40.523243], [140.520078, 40.52287], [140.52206, 40.523508], [140.52399, 40.523777], [140.525054, 40.524766], [140.527135, 40.525225], [140.527808, 40.527249], [140.52852, 40.527766], [140.53005, 40.527035], [140.531125, 40.526947], [140.532506, 40.527293], [140.533228, 40.527785], [140.533739, 40.528909], [140.534438, 40.52902], [140.534921, 40.529431], [140.536779, 40.532519], [140.537362, 40.534651], [140.538123, 40.535382], [140.539255, 40.538674], [140.540619, 40.538951], [140.541657, 40.539689], [140.54153, 40.54058], [140.541854, 40.541374], [140.54143, 40.542509], [140.541357, 40.543202], [140.541875, 40.544142], [140.541432, 40.544708], [140.54141, 40.545376], [140.5425, 40.546321], [140.543521, 40.546515], [140.544297, 40.547266], [140.546218, 40.547352], [140.546388, 40.547103], [140.546148, 40.545475], [140.546032, 40.543299], [140.5474, 40.541718], [140.548915, 40.540242], [140.550171, 40.538024], [140.55105, 40.536118], [140.553126, 40.537061], [140.553766, 40.537205], [140.553491, 40.538519], [140.554451, 40.53874], [140.554387, 40.53925], [140.55343, 40.540891], [140.553388, 40.541175], [140.55418, 40.541694], [140.554092, 40.543312], [140.553884, 40.544618], [140.553609, 40.545027], [140.553884, 40.545404], [140.555423, 40.545169], [140.554811, 40.546349], [140.553544, 40.549219], [140.553653, 40.549994], [140.554142, 40.549983], [140.557224, 40.549472], [140.557344, 40.549817], [140.558539, 40.549676], [140.558227, 40.549258], [140.559302, 40.548746], [140.559829, 40.547476], [140.560135, 40.54598], [140.560485, 40.545701], [140.56135, 40.54559], [140.561579, 40.544843], [140.562135, 40.544786], [140.563334, 40.543834], [140.564069, 40.54292], [140.565144, 40.542761], [140.566029, 40.54301], [140.566545, 40.542845], [140.567122, 40.543054], [140.56746, 40.543751], [140.569246, 40.544197], [140.570691, 40.543643], [140.571978, 40.542659], [140.573029, 40.541626], [140.574157, 40.540145], [140.57502, 40.539314], [140.575813, 40.537931], [140.576447, 40.537435], [140.57782, 40.537135], [140.579177, 40.537257], [140.58122, 40.537898], [140.583027, 40.538302], [140.583421, 40.539944], [140.584616, 40.540772], [140.585206, 40.541508], [140.588036, 40.540781], [140.589634, 40.541129], [140.590945, 40.542223], [140.592995, 40.541488], [140.594497, 40.542157], [140.595839, 40.541875], [140.596708, 40.542502], [140.598149, 40.542837]]]]}}, {"type": "Feature", "properties": {"OBJECTID": 1433, "N03_001": "青森県", "N03_002": null, "N03_003": "南津軽郡", "N03_004": "田舎館村", "N03_007": "02367", "Shape_Leng": 0.352172075965717, "Shape_Area": 0.002378825395163, "id": "gci:02367A1968", "code": "02367", "name": "田舎館村"}, "geometry": {"type": "MultiPolygon", "coordinates": [[[[140.571327, 40.672585], [140.570487, 40.671256], [140.57097, 40.670738], [140.569856, 40.669346], [140.568691, 40.669244], [140.568241, 40.668743], [140.57207, 40.665126], [140.574391, 40.663001], [140.573615, 40.662399], [140.576001, 40.660183], [140.573171, 40.658453], [140.572931, 40.658524], [140.570592, 40.660682], [140.569377, 40.660086], [140.567447, 40.661888], [140.564838, 40.66028], [140.565402, 40.659645], [140.565817, 40.658323], [140.56581, 40.656674], [140.566224, 40.655743], [140.566779, 40.655517], [140.566774, 40.654252], [140.567554, 40.653517], [140.568547, 40.653293], [140.569875, 40.65264], [140.571093, 40.651804], [140.57186, 40.651513], [140.572352, 40.651654], [140.573958, 40.651499], [140.574168, 40.650985], [140.57384, 40.650443], [140.574544, 40.649847], [140.574756, 40.649338], [140.573228, 40.647155], [140.575225, 40.645682], [140.576585, 40.644849], [140.57573, 40.644759], [140.575713, 40.644026], [140.575346, 40.643378], [140.573564, 40.640998], [140.573248, 40.640842], [140.573066, 40.639634], [140.572452, 40.639561], [140.573556, 40.637616], [140.57457, 40.637508], [140.575346, 40.636887], [140.575953, 40.636806], [140.577365, 40.637042], [140.578482, 40.636679], [140.579332, 40.636126], [140.579837, 40.636043], [140.581364, 40.635317], [140.581714, 40.634971], [140.581465, 40.634088], [140.58094, 40.631063], [140.582077, 40.630955], [140.579819, 40.630861], [140.576993, 40.630926], [140.573359, 40.630362], [140.570614, 40.630098], [140.569539, 40.629751], [140.568022, 40.628773], [140.568179, 40.628482], [140.570339, 40.62822], [140.572765, 40.627804], [140.572362, 40.626404], [140.572098, 40.626724], [140.568247, 40.62796], [140.567863, 40.626898], [140.566713, 40.627173], [140.566206, 40.625674], [140.563841, 40.62589], [140.563599, 40.6244], [140.557237, 40.624919], [140.557038, 40.623431], [140.550228, 40.623944], [140.550165, 40.62341], [140.542164, 40.623953], [140.542264, 40.624729], [140.544022, 40.62462], [140.544293, 40.626685], [140.54273, 40.626868], [140.542732, 40.627351], [140.540475, 40.627634], [140.53905, 40.628086], [140.53705, 40.629161], [140.536368, 40.629921], [140.534585, 40.629714], [140.533697, 40.629295], [140.532065, 40.628814], [140.531167, 40.628414], [140.530323, 40.628539], [140.529777, 40.627722], [140.527235, 40.628503], [140.525869, 40.62593], [140.52442, 40.626269], [140.523909, 40.625362], [140.522436, 40.625756], [140.522088, 40.625178], [140.521315, 40.625415], [140.520683, 40.624237], [140.518375, 40.623877], [140.51614, 40.6194], [140.515683, 40.619564], [140.515348, 40.618884], [140.516784, 40.618469], [140.516806, 40.61765], [140.516151, 40.617049], [140.516083, 40.615788], [140.515611, 40.616088], [140.514885, 40.615519], [140.514483, 40.615821], [140.513836, 40.61524], [140.513069, 40.615408], [140.511994, 40.616355], [140.511666, 40.617263], [140.511504, 40.61887], [140.511655, 40.620409], [140.511443, 40.621019], [140.509467, 40.621994], [140.506215, 40.623043], [140.505051, 40.623806], [140.504441, 40.624501], [140.504412, 40.625887], [140.504786, 40.62652], [140.505776, 40.62742], [140.506156, 40.629259], [140.504976, 40.630194], [140.50408, 40.630331], [140.501694, 40.630287], [140.501416, 40.630981], [140.499825, 40.632195], [140.499563, 40.63306], [140.498905, 40.634246], [140.498995, 40.634468], [140.498468, 40.6355], [140.499067, 40.636347], [140.499299, 40.637801], [140.498798, 40.639839], [140.498407, 40.640783], [140.497056, 40.642615], [140.497275, 40.642746], [140.498501, 40.64253], [140.5004, 40.641555], [140.502092, 40.641261], [140.5037, 40.641982], [140.504784, 40.64233], [140.506226, 40.642491], [140.506554, 40.643021], [140.50938, 40.643098], [140.50952, 40.64452], [140.510422, 40.644476], [140.510715, 40.645236], [140.511026, 40.645331], [140.514951, 40.645079], [140.515921, 40.645201], [140.515381, 40.645917], [140.514802, 40.646261], [140.515171, 40.647424], [140.516218, 40.649047], [140.517693, 40.64872], [140.517707, 40.649245], [140.518399, 40.650706], [140.518909, 40.650995], [140.51989, 40.650728], [140.521367, 40.653896], [140.522982, 40.657069], [140.522615, 40.658436], [140.522836, 40.659197], [140.522456, 40.661462], [140.524289, 40.660751], [140.526195, 40.65965], [140.526228, 40.660112], [140.527591, 40.660229], [140.527657, 40.659852], [140.528249, 40.659885], [140.52835, 40.659231], [140.530544, 40.659251], [140.531132, 40.660398], [140.530924, 40.66294], [140.53434, 40.660943], [140.534958, 40.661595], [140.535288, 40.660998], [140.53731, 40.659715], [140.537612, 40.659868], [140.538674, 40.659167], [140.541233, 40.659054], [140.542275, 40.659438], [140.543958, 40.659212], [140.544955, 40.658904], [140.547684, 40.659161], [140.547993, 40.659669], [140.547573, 40.660017], [140.547914, 40.660888], [140.549009, 40.661951], [140.54973, 40.662416], [140.55166, 40.660614], [140.553893, 40.662026], [140.555648, 40.660433], [140.556004, 40.660561], [140.557823, 40.659511], [140.558402, 40.659856], [140.558196, 40.660331], [140.55847, 40.660853], [140.558199, 40.662497], [140.557901, 40.662999], [140.55989, 40.666117], [140.560122, 40.666129], [140.561413, 40.667612], [140.562279, 40.667311], [140.562869, 40.66799], [140.563326, 40.667576], [140.563455, 40.66911], [140.564508, 40.66962], [140.565231, 40.669463], [140.565695, 40.669723], [140.566173, 40.670728], [140.566479, 40.670714], [140.566422, 40.671486], [140.564987, 40.671514], [140.565043, 40.671981], [140.565848, 40.671733], [140.565981, 40.672796], [140.567148, 40.672665], [140.567474, 40.674428], [140.569521, 40.673511], [140.570881, 40.673103], [140.570728, 40.672826], [140.571327, 40.672585]]]]}}, {"type": "Feature", "properties": {"OBJECTID": 1434, "N03_001": "青森県", "N03_002": null, "N03_003": "北津軽郡", "N03_004": "板柳町", "N03_007": "02381", "Shape_Leng": 0.579430143660422, "Shape_Area": 0.004463247155034, "id": "gci:02381A1968", "code": "02381", "name": "板柳町"}, "geometry": {"type": "MultiPolygon", "coordinates": [[[[140.520239, 40.729689], [140.520364, 40.729091], [140.52128, 40.728674], [140.521542, 40.728166], [140.521632, 40.726897], [140.522381, 40.726462], [140.522185, 40.724931], [140.521476, 40.72358], [140.521127, 40.721957], [140.520495, 40.719909], [140.520596, 40.718811], [140.521168, 40.717769], [140.522436, 40.716817], [140.523113, 40.715757], [140.523299, 40.714515], [140.523738, 40.713218], [140.52446, 40.712458], [140.525222, 40.711106], [140.525334, 40.710146], [140.525019, 40.70826], [140.52649, 40.705812], [140.52677, 40.704553], [140.528245, 40.701888], [140.528603, 40.700021], [140.528127, 40.700102], [140.527298, 40.697808], [140.524407, 40.698433], [140.523341, 40.695551], [140.522366, 40.695778], [140.522008, 40.694835], [140.520712, 40.695126], [140.520854, 40.694699], [140.520408, 40.694345], [140.521317, 40.692741], [140.521973, 40.692089], [140.523972, 40.690874], [140.526835, 40.689641], [140.528227, 40.689188], [140.530395, 40.689042], [140.533413, 40.68859], [140.536239, 40.688372], [140.536204, 40.688136], [140.533608, 40.688245], [140.530299, 40.688761], [140.527722, 40.68898], [140.525913, 40.68965], [140.522204, 40.691318], [140.521872, 40.691173], [140.519682, 40.692188], [140.518607, 40.691631], [140.518235, 40.691962], [140.518806, 40.693548], [140.518758, 40.694218], [140.518323, 40.696049], [140.516295, 40.698034], [140.515984, 40.69799], [140.514479, 40.699386], [140.512693, 40.699476], [140.511919, 40.698307], [140.511478, 40.698325], [140.511419, 40.698788], [140.510479, 40.698923], [140.510145, 40.698615], [140.509795, 40.699068], [140.51002, 40.699458], [140.509806, 40.70031], [140.510919, 40.701326], [140.510927, 40.701632], [140.509723, 40.702078], [140.5086, 40.701793], [140.507529, 40.70234], [140.50768, 40.704747], [140.506253, 40.704823], [140.506589, 40.707673], [140.505486, 40.707749], [140.50556, 40.708672], [140.504402, 40.708773], [140.504458, 40.709335], [140.502664, 40.709459], [140.502446, 40.707248], [140.50226, 40.706505], [140.50115, 40.707062], [140.501456, 40.705586], [140.501119, 40.704723], [140.501499, 40.70438], [140.501224, 40.70357], [140.500516, 40.702359], [140.499093, 40.701144], [140.498282, 40.70225], [140.495494, 40.700967], [140.494786, 40.701462], [140.49484, 40.699832], [140.493015, 40.699492], [140.492543, 40.697994], [140.492604, 40.697334], [140.491424, 40.695883], [140.49144, 40.695004], [140.491868, 40.693338], [140.491409, 40.691918], [140.491767, 40.690157], [140.492862, 40.68966], [140.493181, 40.689142], [140.493116, 40.688519], [140.492281, 40.687755], [140.492209, 40.686423], [140.491789, 40.68607], [140.492753, 40.685592], [140.492069, 40.684579], [140.490618, 40.684047], [140.490034, 40.68367], [140.490238, 40.684686], [140.48939, 40.684268], [140.489473, 40.683404], [140.48904, 40.683404], [140.48852, 40.683908], [140.488452, 40.681745], [140.488175, 40.680819], [140.487777, 40.680792], [140.485323, 40.68309], [140.48367, 40.682283], [140.483229, 40.682277], [140.48265, 40.683626], [140.481977, 40.683673], [140.479431, 40.683068], [140.479042, 40.682677], [140.479157, 40.681808], [140.477831, 40.681445], [140.47704, 40.680197], [140.476054, 40.679755], [140.475073, 40.680039], [140.474614, 40.67989], [140.475886, 40.678106], [140.476585, 40.676585], [140.478132, 40.676175], [140.478703, 40.675148], [140.478729, 40.674617], [140.478189, 40.673917], [140.478401, 40.673237], [140.479153, 40.67247], [140.479136, 40.671116], [140.477479, 40.669936], [140.477759, 40.669342], [140.478655, 40.668896], [140.477892, 40.668224], [140.476378, 40.667259], [140.476275, 40.666843], [140.475267, 40.666331], [140.472157, 40.666168], [140.471519, 40.666634], [140.471176, 40.667347], [140.470562, 40.667757], [140.469443, 40.667976], [140.469141, 40.668508], [140.46792, 40.669342], [140.467572, 40.670529], [140.467756, 40.671448], [140.466952, 40.671586], [140.46547, 40.67051], [140.464255, 40.67242], [140.463396, 40.674156], [140.463437, 40.67537], [140.463684, 40.675956], [140.463466, 40.677322], [140.463416, 40.67909], [140.466429, 40.680614], [140.468464, 40.681325], [140.467505, 40.683022], [140.462351, 40.682726], [140.462172, 40.682891], [140.462439, 40.683814], [140.462371, 40.684348], [140.461877, 40.684999], [140.461219, 40.685379], [140.45953, 40.685963], [140.456081, 40.68757], [140.455432, 40.688346], [140.454777, 40.689661], [140.454565, 40.691262], [140.454158, 40.69331], [140.453634, 40.694641], [140.452853, 40.695377], [140.450775, 40.696589], [140.447368, 40.69735], [140.446382, 40.697753], [140.44562, 40.698306], [140.444726, 40.699398], [140.443889, 40.700786], [140.442899, 40.703368], [140.442383, 40.704468], [140.44169, 40.705515], [140.440025, 40.706473], [140.438261, 40.706898], [140.436631, 40.707441], [140.435772, 40.708073], [140.434198, 40.710395], [140.432961, 40.711787], [140.431222, 40.713298], [140.429428, 40.715124], [140.427926, 40.71704], [140.427316, 40.718625], [140.42703, 40.720747], [140.426545, 40.722009], [140.428326, 40.722176], [140.42851, 40.722887], [140.42804, 40.723204], [140.429004, 40.72371], [140.428595, 40.725284], [140.430376, 40.726261], [140.432478, 40.724604], [140.432926, 40.724579], [140.433521, 40.723857], [140.434463, 40.724216], [140.434336, 40.724679], [140.435103, 40.72486], [140.434507, 40.726106], [140.436137, 40.726126], [140.437737, 40.724223], [140.43912, 40.726274], [140.43818, 40.727203], [140.438067, 40.727637], [140.438829, 40.728313], [140.438099, 40.728685], [140.437763, 40.728392], [140.437383, 40.729436], [140.437981, 40.729701], [140.437839, 40.729991], [140.438928, 40.73023], [140.43999, 40.729789], [140.438757, 40.733217], [140.44006, 40.733504], [140.439644, 40.734519], [140.440822, 40.73478], [140.440997, 40.734222], [140.440805, 40.732443], [140.440785, 40.7304], [140.44096, 40.729299], [140.442842, 40.728669], [140.443546, 40.728176], [140.443008, 40.7264], [140.443375, 40.726113], [140.443854, 40.726602], [140.445176, 40.725718], [140.446854, 40.728163], [140.444289, 40.729661], [140.444894, 40.730001], [140.446885, 40.730436], [140.448373, 40.729812], [140.449477, 40.728996], [140.450998, 40.728535], [140.449392, 40.729493], [140.44975, 40.73078], [140.450441, 40.730349], [140.449785, 40.729698], [140.45055, 40.729416], [140.451343, 40.729571], [140.451354, 40.728876], [140.452257, 40.728906], [140.452495, 40.72801], [140.453059, 40.727784], [140.453758, 40.72842], [140.454097, 40.727917], [140.454973, 40.72813], [140.455054, 40.729552], [140.4547, 40.729334], [140.454687, 40.730471], [140.455871, 40.730797], [140.457902, 40.730546], [140.459856, 40.73108], [140.460019, 40.731292], [140.460913, 40.730776], [140.463016, 40.729888], [140.463888, 40.72901], [140.464309, 40.728233], [140.464674, 40.728071], [140.465374, 40.726862], [140.465374, 40.726573], [140.466788, 40.724604], [140.467253, 40.724688], [140.466508, 40.725807], [140.465739, 40.726558], [140.466748, 40.727642], [140.46717, 40.728557], [140.467655, 40.730641], [140.467507, 40.731642], [140.467688, 40.73192], [140.468401, 40.731638], [140.468547, 40.732461], [140.468405, 40.733625], [140.468127, 40.733644], [140.468444, 40.734651], [140.468433, 40.73546], [140.468138, 40.736111], [140.467972, 40.737523], [140.467437, 40.738959], [140.467548, 40.739341], [140.468604, 40.74001], [140.468051, 40.740451], [140.468877, 40.741031], [140.469089, 40.740853], [140.470125, 40.741615], [140.469633, 40.741968], [140.469489, 40.742732], [140.472103, 40.744379], [140.470387, 40.745866], [140.470295, 40.746255], [140.471023, 40.746734], [140.470975, 40.747132], [140.472466, 40.748422], [140.47186, 40.748913], [140.472055, 40.749273], [140.472846, 40.749491], [140.472297, 40.750075], [140.472776, 40.751111], [140.472354, 40.751301], [140.472588, 40.752134], [140.473847, 40.752136], [140.475206, 40.752838], [140.475805, 40.75333], [140.476544, 40.753058], [140.476445, 40.753617], [140.47695, 40.753858], [140.477392, 40.753309], [140.478618, 40.752364], [140.478511, 40.751918], [140.478709, 40.7508], [140.479385, 40.750052], [140.481201, 40.74919], [140.482269, 40.749826], [140.483238, 40.749686], [140.483552, 40.74938], [140.483786, 40.748474], [140.484486, 40.748374], [140.485764, 40.746958], [140.48656, 40.747177], [140.486817, 40.746813], [140.487659, 40.746709], [140.48786, 40.747612], [140.488494, 40.747749], [140.488887, 40.748864], [140.490222, 40.749209], [140.490209, 40.748544], [140.491, 40.748585], [140.490981, 40.74766], [140.491855, 40.747679], [140.492235, 40.747017], [140.493162, 40.747192], [140.493055, 40.7475], [140.494091, 40.74792], [140.494547, 40.747433], [140.494523, 40.746839], [140.493673, 40.746847], [140.493653, 40.743885], [140.497688, 40.743914], [140.49891, 40.744081], [140.498918, 40.742814], [140.498735, 40.740154], [140.501436, 40.740627], [140.498599, 40.748975], [140.501158, 40.748642], [140.499771, 40.752627], [140.500804, 40.752866], [140.499567, 40.756367], [140.49899, 40.756948], [140.497338, 40.758013], [140.497972, 40.7583], [140.497745, 40.759466], [140.499023, 40.759933], [140.501036, 40.760047], [140.501324, 40.75978], [140.502105, 40.757513], [140.50351, 40.757758], [140.503348, 40.759031], [140.503868, 40.759426], [140.503846, 40.759938], [140.505295, 40.760265], [140.507256, 40.75921], [140.50813, 40.759712], [140.508639, 40.759396], [140.508685, 40.758177], [140.508434, 40.757524], [140.509179, 40.756979], [140.509795, 40.7573], [140.509933, 40.757752], [140.510796, 40.75841], [140.512193, 40.758197], [140.513305, 40.75776], [140.513727, 40.757101], [140.513384, 40.755335], [140.51339, 40.754697], [140.514264, 40.75425], [140.514136, 40.753722], [140.513248, 40.753275], [140.512822, 40.752097], [140.513084, 40.750928], [140.514179, 40.750139], [140.51362, 40.749676], [140.512571, 40.749296], [140.512311, 40.748797], [140.512791, 40.748198], [140.51259, 40.747755], [140.5116, 40.747366], [140.511524, 40.746005], [140.512097, 40.744483], [140.513495, 40.743748], [140.51296, 40.743023], [140.513607, 40.741672], [140.514632, 40.741228], [140.515429, 40.740639], [140.515471, 40.740059], [140.515067, 40.739651], [140.51428, 40.739452], [140.513733, 40.73879], [140.513371, 40.737539], [140.512418, 40.737013], [140.513001, 40.736352], [140.512186, 40.735862], [140.513305, 40.735545], [140.51391, 40.734883], [140.515353, 40.733922], [140.518452, 40.732146], [140.519027, 40.731255], [140.519531, 40.731003], [140.519614, 40.730505], [140.520239, 40.729689]]]]}}, {"type": "Feature", "properties": {"OBJECTID": 1435, "N03_001": "青森県", "N03_002": null, "N03_003": "北津軽郡", "N03_004": "鶴田町", "N03_007": "02384", "Shape_Leng": 0.712870584635309, "Shape_Area": 0.004951764923047, "id": "gci:02384A1968", "code": "02384", "name": "鶴田町"}, "geometry": {"type": "MultiPolygon", "coordinates": [[[[140.43749, 40.789643], [140.438585, 40.789237], [140.438287, 40.788011], [140.437723, 40.78732], [140.437636, 40.786837], [140.437962, 40.786283], [140.437413, 40.786023], [140.437754, 40.785532], [140.436301, 40.785333], [140.435916, 40.784967], [140.436305, 40.784701], [140.437083, 40.785207], [140.437131, 40.784377], [140.438252, 40.784649], [140.438963, 40.784025], [140.439269, 40.783166], [140.438432, 40.782948], [140.439142, 40.78213], [140.438947, 40.781336], [140.439249, 40.780984], [140.439767, 40.7813], [140.440582, 40.780999], [140.441074, 40.781173], [140.442062, 40.780513], [140.442354, 40.780767], [140.44341, 40.780779], [140.444136, 40.780283], [140.444063, 40.779695], [140.444682, 40.778919], [140.444765, 40.778398], [140.443723, 40.777496], [140.443657, 40.776993], [140.444147, 40.776329], [140.443521, 40.775201], [140.443961, 40.775043], [140.444216, 40.773383], [140.444721, 40.771324], [140.445088, 40.771275], [140.446164, 40.771797], [140.447597, 40.771541], [140.448948, 40.771663], [140.450087, 40.771069], [140.450594, 40.771066], [140.450851, 40.771545], [140.451695, 40.771209], [140.452567, 40.771409], [140.453109, 40.770046], [140.454344, 40.770343], [140.453769, 40.771711], [140.455004, 40.771978], [140.454436, 40.773323], [140.455168, 40.773577], [140.455716, 40.773414], [140.456044, 40.772913], [140.455559, 40.77253], [140.456051, 40.771996], [140.455963, 40.771215], [140.456341, 40.770809], [140.457904, 40.770433], [140.459362, 40.770773], [140.458959, 40.769489], [140.462249, 40.761275], [140.465848, 40.762105], [140.466204, 40.761246], [140.467614, 40.761306], [140.468333, 40.759361], [140.469139, 40.759397], [140.468886, 40.75902], [140.46957, 40.757611], [140.469609, 40.757213], [140.470125, 40.757533], [140.471895, 40.757085], [140.472914, 40.756375], [140.47351, 40.757355], [140.474205, 40.757129], [140.474677, 40.756656], [140.474754, 40.757307], [140.475551, 40.757277], [140.475239, 40.756853], [140.475652, 40.75614], [140.476231, 40.757313], [140.476847, 40.758046], [140.476823, 40.758618], [140.47726, 40.758744], [140.477245, 40.757778], [140.477844, 40.757708], [140.478043, 40.75892], [140.478646, 40.759294], [140.477916, 40.760577], [140.47761, 40.76188], [140.478393, 40.763229], [140.479584, 40.763304], [140.480117, 40.763136], [140.482049, 40.763826], [140.483683, 40.763606], [140.483762, 40.763995], [140.484437, 40.763836], [140.484995, 40.764589], [140.485869, 40.764904], [140.485574, 40.768859], [140.488422, 40.769077], [140.489693, 40.769246], [140.490607, 40.760755], [140.491195, 40.759937], [140.492797, 40.758068], [140.494274, 40.756016], [140.49899, 40.756948], [140.499567, 40.756367], [140.500804, 40.752866], [140.499771, 40.752627], [140.501158, 40.748642], [140.498599, 40.748975], [140.501436, 40.740627], [140.498735, 40.740154], [140.498918, 40.742814], [140.49891, 40.744081], [140.497688, 40.743914], [140.493653, 40.743885], [140.493673, 40.746847], [140.494523, 40.746839], [140.494547, 40.747433], [140.494091, 40.74792], [140.493055, 40.7475], [140.493162, 40.747192], [140.492235, 40.747017], [140.491855, 40.747679], [140.490981, 40.74766], [140.491, 40.748585], [140.490209, 40.748544], [140.490222, 40.749209], [140.488887, 40.748864], [140.488494, 40.747749], [140.48786, 40.747612], [140.487659, 40.746709], [140.486817, 40.746813], [140.48656, 40.747177], [140.485764, 40.746958], [140.484486, 40.748374], [140.483786, 40.748474], [140.483552, 40.74938], [140.483238, 40.749686], [140.482269, 40.749826], [140.481201, 40.74919], [140.479385, 40.750052], [140.478709, 40.7508], [140.478511, 40.751918], [140.478618, 40.752364], [140.477392, 40.753309], [140.47695, 40.753858], [140.476445, 40.753617], [140.476544, 40.753058], [140.475805, 40.75333], [140.475206, 40.752838], [140.473847, 40.752136], [140.472588, 40.752134], [140.472354, 40.751301], [140.472776, 40.751111], [140.472297, 40.750075], [140.472846, 40.749491], [140.472055, 40.749273], [140.47186, 40.748913], [140.472466, 40.748422], [140.470975, 40.747132], [140.471023, 40.746734], [140.470295, 40.746255], [140.470387, 40.745866], [140.472103, 40.744379], [140.469489, 40.742732], [140.469633, 40.741968], [140.470125, 40.741615], [140.469089, 40.740853], [140.468877, 40.741031], [140.468051, 40.740451], [140.468604, 40.74001], [140.467548, 40.739341], [140.467437, 40.738959], [140.467972, 40.737523], [140.468138, 40.736111], [140.468433, 40.73546], [140.468444, 40.734651], [140.468127, 40.733644], [140.468405, 40.733625], [140.468547, 40.732461], [140.468401, 40.731638], [140.467688, 40.73192], [140.467507, 40.731642], [140.467655, 40.730641], [140.46717, 40.728557], [140.466748, 40.727642], [140.465739, 40.726558], [140.466508, 40.725807], [140.467253, 40.724688], [140.466788, 40.724604], [140.465374, 40.726573], [140.465374, 40.726862], [140.464674, 40.728071], [140.464309, 40.728233], [140.463888, 40.72901], [140.463016, 40.729888], [140.460913, 40.730776], [140.460019, 40.731292], [140.459856, 40.73108], [140.457902, 40.730546], [140.455871, 40.730797], [140.454687, 40.730471], [140.4547, 40.729334], [140.455054, 40.729552], [140.454973, 40.72813], [140.454097, 40.727917], [140.453758, 40.72842], [140.453059, 40.727784], [140.452495, 40.72801], [140.452257, 40.728906], [140.451354, 40.728876], [140.451343, 40.729571], [140.45055, 40.729416], [140.449785, 40.729698], [140.450441, 40.730349], [140.44975, 40.73078], [140.449392, 40.729493], [140.450998, 40.728535], [140.449477, 40.728996], [140.448373, 40.729812], [140.446885, 40.730436], [140.444894, 40.730001], [140.444289, 40.729661], [140.446854, 40.728163], [140.445176, 40.725718], [140.443854, 40.726602], [140.443375, 40.726113], [140.443008, 40.7264], [140.443546, 40.728176], [140.442842, 40.728669], [140.44096, 40.729299], [140.440785, 40.7304], [140.440805, 40.732443], [140.440997, 40.734222], [140.440822, 40.73478], [140.439644, 40.734519], [140.44006, 40.733504], [140.438757, 40.733217], [140.43999, 40.729789], [140.438928, 40.73023], [140.437839, 40.729991], [140.437981, 40.729701], [140.437383, 40.729436], [140.437763, 40.728392], [140.438099, 40.728685], [140.438829, 40.728313], [140.438067, 40.727637], [140.43818, 40.727203], [140.43912, 40.726274], [140.437737, 40.724223], [140.436137, 40.726126], [140.434507, 40.726106], [140.435103, 40.72486], [140.434336, 40.724679], [140.434463, 40.724216], [140.433521, 40.723857], [140.432926, 40.724579], [140.432478, 40.724604], [140.430376, 40.726261], [140.428595, 40.725284], [140.429004, 40.72371], [140.42804, 40.723204], [140.42851, 40.722887], [140.428326, 40.722176], [140.426545, 40.722009], [140.42585, 40.72263], [140.42297, 40.723429], [140.421005, 40.723567], [140.41979, 40.724128], [140.419038, 40.724882], [140.418553, 40.725659], [140.418411, 40.727281], [140.419576, 40.729294], [140.419794, 40.730634], [140.419691, 40.732061], [140.419989, 40.732607], [140.420126, 40.733719], [140.420177, 40.735649], [140.420439, 40.736654], [140.417165, 40.73701], [140.417211, 40.737415], [140.41564, 40.737251], [140.414344, 40.737278], [140.412451, 40.737843], [140.411671, 40.737555], [140.410941, 40.737863], [140.411035, 40.738444], [140.410117, 40.738319], [140.409262, 40.737489], [140.409297, 40.73827], [140.408943, 40.738499], [140.407636, 40.736325], [140.407053, 40.736203], [140.406655, 40.735332], [140.405652, 40.734196], [140.405012, 40.734], [140.404496, 40.734962], [140.403384, 40.734647], [140.402487, 40.736337], [140.403834, 40.737954], [140.403497, 40.73858], [140.40193, 40.738068], [140.401696, 40.738499], [140.402846, 40.740197], [140.403045, 40.740683], [140.401819, 40.742491], [140.402024, 40.744453], [140.401244, 40.74495], [140.401316, 40.745959], [140.400676, 40.745599], [140.398427, 40.745534], [140.399271, 40.746076], [140.399362, 40.746683], [140.397496, 40.74686], [140.396659, 40.746815], [140.396663, 40.747274], [140.397151, 40.747614], [140.395931, 40.748102], [140.395225, 40.748035], [140.394751, 40.747509], [140.395164, 40.746944], [140.39462, 40.746517], [140.394235, 40.745714], [140.393385, 40.745068], [140.393066, 40.744535], [140.392524, 40.744696], [140.392207, 40.744091], [140.391252, 40.744], [140.390898, 40.743553], [140.389001, 40.742618], [140.388929, 40.742165], [140.38732, 40.741989], [140.386949, 40.741343], [140.385511, 40.741675], [140.385694, 40.741937], [140.387237, 40.742786], [140.387541, 40.743171], [140.387281, 40.744005], [140.386722, 40.744192], [140.386188, 40.745145], [140.385445, 40.745278], [140.385096, 40.745962], [140.383881, 40.745887], [140.382821, 40.746256], [140.383446, 40.747316], [140.383172, 40.747738], [140.381732, 40.747822], [140.379949, 40.747128], [140.378931, 40.746206], [140.377993, 40.744826], [140.377217, 40.745002], [140.377069, 40.745666], [140.373438, 40.745797], [140.373272, 40.746157], [140.372433, 40.746507], [140.373111, 40.747055], [140.373375, 40.747702], [140.371233, 40.748156], [140.367477, 40.748124], [140.365311, 40.748363], [140.365031, 40.749242], [140.363624, 40.749805], [140.362697, 40.748988], [140.362291, 40.748988], [140.361919, 40.748466], [140.360402, 40.748213], [140.358092, 40.748936], [140.356838, 40.748737], [140.355572, 40.749387], [140.354464, 40.750719], [140.35436, 40.752788], [140.35481, 40.753418], [140.355518, 40.755057], [140.356379, 40.75558], [140.353409, 40.756268], [140.351134, 40.756988], [140.349565, 40.757615], [140.346621, 40.758481], [140.343122, 40.759115], [140.34058, 40.758974], [140.339623, 40.759222], [140.339881, 40.759721], [140.340552, 40.759941], [140.341151, 40.760773], [140.342462, 40.76182], [140.345926, 40.763553], [140.348269, 40.764363], [140.349951, 40.764799], [140.351344, 40.764955], [140.353448, 40.765006], [140.355205, 40.765797], [140.356346, 40.76619], [140.358348, 40.767233], [140.35938, 40.767889], [140.361108, 40.769333], [140.36177, 40.769471], [140.364754, 40.770544], [140.367383, 40.771331], [140.368484, 40.771434], [140.369363, 40.7712], [140.370514, 40.771259], [140.371238, 40.772075], [140.371443, 40.772803], [140.372212, 40.773172], [140.373393, 40.773256], [140.373522, 40.773532], [140.374811, 40.774359], [140.374774, 40.774893], [140.375582, 40.77591], [140.37525, 40.776293], [140.37513, 40.777111], [140.374186, 40.777076], [140.373887, 40.778112], [140.372344, 40.778267], [140.372403, 40.778583], [140.367081, 40.77918], [140.36747, 40.781238], [140.362951, 40.781762], [140.364205, 40.782521], [140.363143, 40.783491], [140.362699, 40.783217], [140.360968, 40.783707], [140.362037, 40.787207], [140.362638, 40.786805], [140.365324, 40.784465], [140.367981, 40.783308], [140.372188, 40.78159], [140.373594, 40.783198], [140.373019, 40.783768], [140.372044, 40.784298], [140.370995, 40.785513], [140.371782, 40.786291], [140.374571, 40.787858], [140.377925, 40.789817], [140.384237, 40.783573], [140.387084, 40.785208], [140.393309, 40.779062], [140.394178, 40.778244], [140.396399, 40.779137], [140.396845, 40.779207], [140.397485, 40.77882], [140.400223, 40.775076], [140.400665, 40.774684], [140.400982, 40.769856], [140.403589, 40.770201], [140.405678, 40.770881], [140.406437, 40.770813], [140.406225, 40.771792], [140.407365, 40.772403], [140.408338, 40.771366], [140.408797, 40.771401], [140.408932, 40.769655], [140.410062, 40.768156], [140.411417, 40.766883], [140.412576, 40.765276], [140.414232, 40.762603], [140.414588, 40.76174], [140.414982, 40.762137], [140.41567, 40.762108], [140.416072, 40.763543], [140.416254, 40.763565], [140.419499, 40.762645], [140.41942, 40.763121], [140.421409, 40.76386], [140.422382, 40.76458], [140.421352, 40.765823], [140.420861, 40.769408], [140.420277, 40.772032], [140.418168, 40.773348], [140.415537, 40.774537], [140.414643, 40.776484], [140.416284, 40.778885], [140.417154, 40.779967], [140.418363, 40.780996], [140.420133, 40.782254], [140.421103, 40.783088], [140.421687, 40.784611], [140.422493, 40.785831], [140.423979, 40.787488], [140.424626, 40.787833], [140.426999, 40.788095], [140.430494, 40.787813], [140.434109, 40.787848], [140.435479, 40.787958], [140.43657, 40.788344], [140.437324, 40.789047], [140.43749, 40.789643]]]]}}, {"type": "Feature", "properties": {"N03_001": "青森県", "N03_002": null, "N03_003": "北津軽郡", "N03_004": "中泊町", "N03_007": "02387", "id": "gci:02387A2005", "code": "02387", "name": "中泊町"}, "geometry": {"type": "MultiPolygon", "coordinates": [[[[140.456728, 41.104145], [140.456859, 41.103156], [140.456212, 41.102348], [140.455987, 41.100806], [140.455192, 41.099356], [140.456217, 41.098513], [140.457071, 41.097564], [140.458092, 41.096792], [140.458201, 41.095713], [140.458826, 41.094542], [140.459945, 41.093992], [140.460109, 41.092811], [140.461193, 41.091146], [140.461604, 41.090766], [140.463177, 41.090034], [140.464174, 41.089434], [140.46415, 41.089113], [140.462638, 41.087964], [140.464377, 41.086406], [140.465501, 41.086224], [140.467022, 41.085344], [140.468079, 41.085095], [140.46905, 41.085131], [140.470274, 41.084898], [140.470363, 41.084162], [140.470846, 41.08377], [140.472737, 41.083989], [140.47348, 41.083669], [140.475158, 41.081911], [140.476535, 41.080677], [140.478484, 41.080695], [140.479205, 41.080488], [140.479883, 41.079813], [140.48018, 41.078793], [140.480886, 41.078344], [140.481957, 41.078009], [140.483017, 41.077231], [140.483714, 41.076909], [140.485211, 41.07677], [140.487357, 41.074751], [140.487099, 41.074204], [140.487338, 41.073445], [140.488559, 41.072679], [140.488712, 41.07212], [140.489752, 41.071105], [140.490122, 41.071044], [140.49225, 41.07139], [140.493608, 41.071438], [140.494794, 41.070916], [140.494746, 41.070522], [140.493522, 41.069804], [140.494348, 41.068978], [140.495356, 41.068541], [140.495284, 41.067726], [140.494727, 41.067087], [140.494886, 41.066491], [140.494525, 41.06586], [140.494751, 41.065374], [140.495568, 41.064723], [140.495529, 41.064371], [140.494338, 41.063738], [140.494755, 41.063204], [140.496818, 41.06292], [140.497498, 41.062504], [140.497675, 41.062018], [140.497498, 41.059588], [140.496781, 41.059095], [140.497017, 41.058565], [140.497032, 41.057521], [140.497576, 41.056705], [140.49649, 41.056464], [140.495898, 41.056029], [140.494978, 41.055749], [140.495524, 41.054546], [140.494348, 41.053087], [140.494309, 41.052717], [140.49521, 41.051412], [140.497323, 41.05089], [140.498088, 41.050074], [140.498639, 41.049087], [140.498547, 41.047765], [140.499495, 41.046863], [140.499633, 41.046229], [140.500535, 41.045213], [140.500894, 41.044246], [140.501377, 41.043942], [140.501705, 41.043277], [140.502708, 41.042556], [140.503243, 41.041931], [140.505658, 41.039975], [140.506677, 41.039744], [140.508357, 41.039587], [140.50952, 41.039203], [140.509926, 41.038763], [140.509911, 41.038091], [140.510667, 41.037423], [140.512044, 41.037005], [140.51511, 41.037274], [140.515248, 41.036222], [140.514645, 41.035234], [140.515018, 41.033797], [140.515073, 41.033041], [140.512754, 41.031823], [140.511524, 41.031551], [140.514323, 41.029927], [140.516793, 41.029395], [140.517512, 41.029783], [140.518023, 41.029728], [140.518476, 41.029213], [140.519308, 41.028976], [140.519339, 41.028277], [140.518415, 41.026787], [140.518415, 41.026451], [140.519186, 41.025655], [140.519317, 41.025019], [140.519011, 41.024021], [140.518889, 41.02293], [140.516939, 41.021844], [140.516791, 41.021431], [140.517383, 41.02011], [140.516946, 41.019193], [140.516913, 41.018504], [140.516502, 41.017274], [140.515904, 41.016363], [140.515698, 41.01546], [140.515775, 41.014714], [140.516218, 41.013625], [140.516811, 41.012965], [140.516502, 41.01206], [140.516046, 41.011412], [140.516102, 41.01013], [140.515877, 41.009638], [140.516135, 41.009141], [140.516972, 41.008792], [140.517276, 41.007538], [140.518318, 41.007372], [140.520172, 41.007562], [140.52159, 41.007389], [140.522027, 41.007131], [140.522523, 41.006032], [140.522543, 41.00478], [140.521074, 41.002504], [140.521234, 41.001901], [140.520454, 41.000357], [140.520991, 40.999202], [140.522099, 40.997428], [140.522156, 40.996185], [140.521658, 40.99569], [140.520832, 40.994419], [140.51918, 40.992962], [140.517079, 40.991681], [140.516323, 40.989917], [140.516341, 40.989249], [140.517149, 40.987362], [140.516843, 40.986753], [140.515989, 40.986101], [140.515816, 40.984946], [140.516843, 40.984508], [140.517779, 40.983294], [140.517457, 40.982772], [140.515836, 40.981368], [140.51553, 40.98022], [140.514533, 40.979356], [140.514282, 40.978571], [140.514498, 40.976699], [140.512169, 40.97571], [140.512562, 40.975133], [140.512645, 40.974209], [140.513052, 40.972933], [140.513736, 40.97179], [140.515069, 40.970564], [140.5153, 40.969618], [140.514111, 40.968971], [140.513893, 40.967046], [140.51339, 40.966213], [140.513733, 40.964679], [140.512909, 40.963461], [140.512689, 40.96252], [140.51204, 40.960963], [140.511555, 40.960163], [140.510055, 40.958222], [140.509446, 40.957087], [140.508722, 40.956388], [140.507922, 40.954533], [140.508427, 40.953188], [140.507968, 40.952761], [140.506705, 40.95248], [140.505951, 40.951718], [140.504885, 40.951222], [140.50434, 40.950413], [140.502996, 40.950101], [140.502393, 40.949261], [140.502151, 40.948343], [140.501617, 40.948141], [140.499344, 40.947802], [140.498411, 40.947797], [140.496416, 40.947209], [140.493876, 40.947313], [140.492836, 40.947122], [140.492034, 40.946654], [140.490889, 40.946696], [140.490294, 40.94641], [140.489934, 40.945403], [140.489132, 40.944343], [140.488096, 40.943614], [140.487421, 40.942416], [140.485989, 40.942555], [140.484461, 40.941938], [140.483546, 40.942052], [140.481668, 40.942989], [140.480388, 40.94305], [140.479053, 40.943345], [140.477383, 40.943006], [140.476913, 40.942207], [140.476192, 40.942077], [140.474004, 40.942346], [140.474022, 40.941244], [140.473049, 40.94087], [140.472918, 40.939516], [140.470892, 40.938699], [140.469965, 40.938205], [140.468506, 40.937944], [140.467714, 40.938083], [140.466547, 40.93764], [140.466272, 40.936746], [140.464041, 40.935574], [140.463411, 40.935088], [140.461659, 40.934957], [140.460756, 40.93467], [140.456107, 40.934409], [140.453743, 40.934618], [140.452724, 40.935183], [140.45102, 40.935487], [140.449639, 40.935469], [140.448874, 40.935756], [140.447156, 40.936103], [140.444455, 40.9348], [140.443441, 40.934504], [140.441061, 40.933523], [140.440842, 40.932933], [140.43766, 40.931552], [140.434638, 40.930615], [140.431993, 40.929938], [140.433962, 40.926412], [140.434456, 40.926507], [140.434867, 40.92576], [140.434375, 40.925691], [140.434673, 40.925249], [140.43504, 40.922591], [140.430494, 40.922261], [140.430809, 40.920048], [140.421741, 40.919344], [140.42163, 40.920298], [140.419145, 40.920108], [140.419578, 40.921822], [140.419009, 40.921871], [140.418876, 40.923105], [140.418476, 40.923862], [140.416953, 40.926059], [140.416879, 40.92706], [140.417318, 40.928509], [140.415609, 40.930426], [140.414475, 40.932052], [140.414223, 40.932875], [140.413273, 40.933894], [140.413681, 40.934166], [140.41143, 40.936195], [140.409199, 40.936232], [140.40883, 40.936568], [140.409496, 40.936859], [140.411135, 40.937195], [140.412195, 40.936915], [140.414413, 40.935325], [140.414846, 40.936493], [140.414413, 40.937288], [140.413421, 40.938018], [140.412287, 40.938419], [140.410672, 40.938354], [140.409415, 40.938093], [140.407584, 40.937541], [140.406277, 40.936914], [140.405661, 40.93696], [140.401858, 40.939813], [140.400053, 40.941431], [140.395647, 40.941861], [140.394388, 40.941917], [140.391849, 40.940242], [140.39132, 40.940167], [140.390105, 40.940514], [140.38918, 40.940505], [140.387443, 40.939682], [140.385804, 40.938419], [140.385052, 40.938605], [140.384453, 40.939232], [140.383258, 40.939989], [140.38163, 40.940616], [140.380342, 40.941596], [140.379566, 40.942832], [140.379398, 40.943888], [140.379842, 40.945161], [140.380478, 40.946227], [140.380589, 40.947059], [140.37999, 40.948181], [140.378585, 40.949368], [140.376946, 40.950051], [140.375991, 40.950686], [140.375657, 40.951285], [140.375941, 40.952098], [140.376614, 40.952837], [140.37718, 40.954062], [140.377235, 40.955259], [140.376638, 40.957242], [140.376994, 40.958223], [140.378924, 40.960832], [140.379558, 40.962066], [140.380181, 40.963656], [140.382646, 40.967041], [140.385666, 40.970799], [140.387725, 40.973175], [140.390671, 40.976102], [140.3917, 40.977729], [140.392144, 40.978655], [140.392421, 40.97972], [140.392458, 40.980618], [140.392089, 40.983535], [140.391477, 40.985826], [140.390441, 40.987659], [140.388149, 40.989856], [140.385869, 40.992409], [140.382917, 40.995224], [140.382423, 40.995803], [140.381955, 40.996953], [140.382023, 40.99901], [140.38194, 41.00181], [140.381514, 41.002639], [140.380377, 41.003894], [140.379066, 41.005858], [140.377873, 41.006982], [140.373858, 41.009734], [140.37296, 41.010514], [140.371762, 41.01086], [140.370672, 41.010945], [140.367007, 41.012064], [140.371013, 41.016338], [140.371507, 41.016667], [140.37756, 41.019315], [140.382353, 41.020052], [140.384359, 41.020895], [140.387135, 41.022206], [140.390481, 41.022938], [140.39182, 41.023109], [140.391954, 41.022914], [140.392039, 41.019114], [140.392187, 41.018837], [140.393387, 41.018352], [140.395804, 41.018193], [140.397518, 41.0183], [140.397924, 41.018678], [140.398796, 41.020177], [140.399653, 41.023392], [140.404808, 41.022749], [140.408211, 41.017746], [140.408873, 41.017256], [140.411367, 41.016524], [140.411835, 41.016553], [140.411124, 41.019611], [140.41338, 41.020282], [140.413668, 41.020642], [140.413384, 41.021439], [140.413539, 41.022294], [140.414057, 41.023014], [140.413996, 41.023357], [140.414973, 41.024702], [140.415342, 41.026024], [140.415421, 41.026862], [140.414859, 41.027889], [140.414228, 41.027534], [140.410797, 41.031068], [140.409804, 41.031606], [140.408371, 41.031753], [140.407553, 41.032236], [140.406852, 41.034414], [140.406487, 41.034898], [140.406109, 41.03609], [140.405313, 41.037393], [140.404955, 41.0375], [140.403067, 41.03924], [140.403115, 41.039654], [140.401436, 41.039936], [140.399222, 41.04012], [140.396578, 41.040125], [140.393778, 41.04025], [140.391827, 41.040113], [140.386481, 41.039936], [140.385944, 41.040627], [140.38425, 41.041777], [140.384589, 41.042698], [140.385233, 41.043134], [140.386053, 41.043234], [140.387493, 41.043719], [140.38823, 41.043719], [140.388828, 41.043996], [140.391114, 41.044052], [140.393365, 41.044344], [140.394559, 41.044661], [140.395328, 41.044622], [140.396193, 41.044269], [140.398058, 41.044688], [140.398788, 41.045095], [140.400236, 41.044997], [140.402206, 41.04423], [140.402852, 41.044174], [140.40412, 41.043426], [140.404865, 41.043209], [140.406572, 41.043271], [140.407016, 41.043619], [140.409271, 41.04428], [140.410213, 41.044841], [140.411544, 41.044851], [140.412809, 41.045064], [140.413231, 41.044887], [140.414641, 41.044911], [140.415382, 41.044728], [140.415812, 41.045206], [140.415766, 41.045814], [140.416269, 41.046269], [140.416708, 41.04818], [140.416238, 41.049278], [140.416428, 41.05028], [140.417152, 41.050723], [140.417351, 41.051867], [140.41772, 41.052475], [140.419329, 41.053974], [140.419536, 41.055224], [140.420255, 41.056033], [140.421007, 41.057373], [140.422755, 41.058742], [140.4238, 41.058894], [140.425649, 41.05945], [140.427083, 41.060111], [140.427834, 41.060741], [140.429045, 41.062057], [140.430514, 41.063196], [140.431654, 41.064695], [140.43285, 41.065267], [140.434111, 41.066707], [140.434734, 41.067581], [140.434837, 41.06814], [140.436495, 41.070105], [140.436983, 41.071793], [140.437621, 41.072536], [140.439649, 41.073298], [140.440322, 41.073834], [140.441104, 41.074939], [140.443624, 41.076272], [140.444743, 41.077322], [140.445222, 41.077357], [140.446516, 41.076426], [140.447294, 41.076384], [140.448777, 41.076862], [140.450336, 41.077812], [140.451671, 41.078207], [140.452453, 41.078803], [140.452672, 41.079741], [140.452628, 41.080515], [140.451946, 41.082078], [140.452095, 41.082467], [140.453085, 41.083087], [140.453177, 41.083465], [140.452309, 41.084538], [140.451787, 41.084768], [140.450814, 41.085623], [140.449669, 41.085965], [140.450639, 41.086273], [140.451789, 41.087028], [140.452152, 41.088169], [140.450701, 41.088995], [140.449254, 41.089508], [140.449363, 41.090443], [140.447866, 41.09153], [140.448069, 41.091721], [140.449236, 41.091675], [140.449593, 41.091847], [140.449413, 41.09347], [140.449018, 41.093927], [140.447932, 41.09431], [140.44676, 41.095077], [140.447429, 41.096413], [140.448596, 41.097046], [140.448981, 41.098502], [140.448889, 41.099952], [140.448076, 41.100836], [140.449496, 41.101892], [140.449715, 41.102449], [140.450825, 41.104078], [140.451715, 41.104573], [140.452792, 41.104701], [140.453808, 41.104585], [140.455096, 41.105124], [140.455802, 41.104885], [140.456728, 41.104145]], [[140.411985, 40.936612], [140.410982, 40.936845], [140.409586, 40.936703], [140.409662, 40.936477], [140.410777, 40.936496], [140.411732, 40.936315], [140.412855, 40.935579], [140.413697, 40.934605], [140.413808, 40.935115], [140.412541, 40.93631], [140.411985, 40.936612]]], [[[140.248346, 41.12363], [140.248807, 41.12336], [140.248166, 41.123253], [140.248346, 41.12363]]], [[[140.251031, 41.135442], [140.251514, 41.135149], [140.251447, 41.13448], [140.250785, 41.134508], [140.250026, 41.134896], [140.251031, 41.135442]]], [[[140.260376, 41.139576], [140.260733, 41.139412], [140.260175, 41.138933], [140.260376, 41.139576]]], [[[140.255571, 41.139305], [140.255064, 41.139507], [140.255376, 41.139778], [140.255571, 41.139305]]], [[[140.275347, 41.140043], [140.275272, 41.139626], [140.274833, 41.139879], [140.275347, 41.140043]]], [[[140.278041, 41.140438], [140.277222, 41.140162], [140.277504, 41.140887], [140.278041, 41.140438]]], [[[140.276291, 41.14189], [140.276627, 41.141586], [140.276269, 41.141282], [140.276291, 41.14189]]], [[[140.325818, 41.157002], [140.326183, 41.156704], [140.325645, 41.156591], [140.325818, 41.157002]]], [[[140.329944, 41.224861], [140.329944, 41.22449], [140.329303, 41.224771], [140.329944, 41.224861]]], [[[140.331613, 41.235772], [140.332037, 41.23589], [140.33148, 41.235051], [140.331021, 41.235573], [140.331613, 41.235772]]], [[[140.341142, 41.245191], [140.340582, 41.244678], [140.340709, 41.245191], [140.341142, 41.245191]]], [[[140.342042, 41.247291], [140.341677, 41.24751], [140.342079, 41.248113], [140.342326, 41.247504], [140.342042, 41.247291]]], [[[140.39125, 41.127054], [140.389622, 41.12722], [140.387056, 41.127313], [140.386241, 41.126766], [140.385607, 41.126649], [140.382746, 41.127268], [140.381837, 41.127026], [140.38048, 41.126894], [140.379741, 41.127068], [140.37796, 41.127881], [140.376262, 41.127618], [140.374035, 41.127614], [140.372781, 41.127144], [140.372014, 41.125959], [140.369498, 41.125198], [140.367024, 41.12512], [140.364981, 41.123905], [140.363375, 41.123169], [140.361685, 41.122556], [140.359181, 41.121206], [140.358389, 41.120452], [140.357454, 41.119197], [140.357131, 41.11825], [140.356499, 41.117619], [140.355076, 41.11672], [140.354316, 41.115973], [140.354095, 41.113935], [140.353544, 41.113016], [140.352469, 41.112347], [140.352078, 41.111582], [140.351844, 41.110338], [140.351477, 41.109744], [140.350312, 41.109209], [140.348712, 41.109142], [140.34732, 41.109965], [140.345637, 41.109993], [140.344138, 41.110394], [140.34319, 41.110404], [140.34133, 41.109753], [140.339704, 41.1085], [140.338222, 41.107802], [140.33754, 41.107237], [140.336192, 41.10675], [140.335447, 41.106702], [140.334395, 41.106988], [140.332516, 41.106988], [140.331314, 41.106529], [140.329657, 41.106146], [140.328082, 41.10672], [140.32712, 41.106759], [140.326716, 41.107027], [140.326134, 41.108902], [140.325514, 41.109313], [140.324646, 41.10937], [140.320789, 41.108298], [140.318947, 41.108605], [140.317707, 41.108595], [140.316709, 41.107945], [140.315437, 41.107887], [140.31354, 41.106177], [140.313223, 41.106117], [140.311794, 41.106845], [140.311551, 41.107304], [140.310419, 41.107925], [140.310104, 41.108891], [140.309774, 41.109246], [140.308876, 41.108854], [140.308231, 41.108155], [140.307346, 41.107687], [140.305869, 41.106627], [140.305143, 41.107114], [140.304262, 41.1073], [140.304007, 41.106984], [140.303183, 41.107063], [140.301815, 41.10757], [140.302545, 41.107778], [140.302425, 41.108657], [140.302001, 41.108865], [140.301509, 41.109602], [140.301085, 41.109168], [140.300252, 41.109642], [140.300707, 41.109872], [140.300871, 41.110436], [140.30058, 41.11087], [140.299068, 41.111883], [140.298593, 41.113134], [140.297702, 41.114098], [140.296395, 41.114708], [140.295129, 41.114843], [140.295129, 41.11512], [140.29438, 41.115084], [140.29438, 41.114782], [140.293021, 41.114811], [140.292164, 41.115067], [140.29139, 41.115629], [140.290499, 41.116591], [140.291611, 41.11716], [140.290929, 41.117771], [140.290586, 41.11766], [140.289329, 41.117946], [140.288645, 41.117602], [140.288272, 41.117743], [140.288562, 41.118216], [140.289091, 41.11838], [140.288392, 41.119449], [140.28764, 41.119618], [140.28677, 41.120276], [140.286602, 41.120011], [140.284711, 41.120521], [140.280196, 41.121261], [140.28, 41.120759], [140.27755, 41.121221], [140.276553, 41.120659], [140.276888, 41.120346], [140.279646, 41.119778], [140.279602, 41.119702], [140.275675, 41.120496], [140.271546, 41.120782], [140.271627, 41.121289], [140.270006, 41.121154], [140.270016, 41.120945], [140.268666, 41.120845], [140.268957, 41.120411], [140.271341, 41.120592], [140.271361, 41.120509], [140.268895, 41.120324], [140.268705, 41.120644], [140.267326, 41.120539], [140.266723, 41.119893], [140.267248, 41.119618], [140.270996, 41.120038], [140.271809, 41.119997], [140.272967, 41.119661], [140.274508, 41.119019], [140.275511, 41.118303], [140.275369, 41.11819], [140.274409, 41.118867], [140.272895, 41.11952], [140.271765, 41.119872], [140.270471, 41.119904], [140.267228, 41.119524], [140.266644, 41.119837], [140.266024, 41.119736], [140.2656, 41.120152], [140.265838, 41.120563], [140.266426, 41.120366], [140.26699, 41.121133], [140.266638, 41.12156], [140.265643, 41.121803], [140.26395, 41.121747], [140.262774, 41.12217], [140.256858, 41.121119], [140.255475, 41.121384], [140.255175, 41.121766], [140.253204, 41.122798], [140.252386, 41.122995], [140.251962, 41.122617], [140.251412, 41.123254], [140.2508, 41.123068], [140.250824, 41.123444], [140.249692, 41.12375], [140.249165, 41.123592], [140.248711, 41.124177], [140.247987, 41.124126], [140.248829, 41.124886], [140.249506, 41.12729], [140.250004, 41.128759], [140.249349, 41.129165], [140.248628, 41.129216], [140.248748, 41.129678], [140.250406, 41.13001], [140.250651, 41.13019], [140.250465, 41.131068], [140.249847, 41.132199], [140.248442, 41.132301], [140.248925, 41.132752], [140.248785, 41.1339], [140.249298, 41.134013], [140.250437, 41.133388], [140.251403, 41.134013], [140.252668, 41.1352], [140.252749, 41.135697], [140.253479, 41.135488], [140.253739, 41.136361], [140.254275, 41.136715], [140.254624, 41.138004], [140.254082, 41.137599], [140.253857, 41.137948], [140.254185, 41.13855], [140.254878, 41.138162], [140.255667, 41.138461], [140.256032, 41.139744], [140.256902, 41.13957], [140.257706, 41.139683], [140.256908, 41.140065], [140.25688, 41.140515], [140.257393, 41.140729], [140.257712, 41.140324], [140.258783, 41.140032], [140.259089, 41.139086], [140.259863, 41.138889], [140.259699, 41.138275], [140.261283, 41.137504], [140.262496, 41.137053], [140.263746, 41.136011], [140.264671, 41.1356], [140.265547, 41.13586], [140.265674, 41.136794], [140.266553, 41.137075], [140.267057, 41.137649], [140.26723, 41.138348], [140.267713, 41.138422], [140.26848, 41.138039], [140.268242, 41.137554], [140.269684, 41.137358], [140.269306, 41.138309], [140.270198, 41.137909], [140.27095, 41.136991], [140.273063, 41.13743], [140.273769, 41.138129], [140.275935, 41.138963], [140.276761, 41.138934], [140.27755, 41.139254], [140.278026, 41.139925], [140.278181, 41.139351], [140.280035, 41.138652], [140.280421, 41.138044], [140.281092, 41.137842], [140.282303, 41.138106], [140.282111, 41.137419], [140.28269, 41.136429], [140.284104, 41.13595], [140.284998, 41.135956], [140.285712, 41.136316], [140.286174, 41.136896], [140.285623, 41.137414], [140.285765, 41.137898], [140.285205, 41.137983], [140.285221, 41.138715], [140.285892, 41.138878], [140.285697, 41.138422], [140.286455, 41.13809], [140.287074, 41.138202], [140.288138, 41.137611], [140.286991, 41.136908], [140.287275, 41.136395], [140.288897, 41.136457], [140.289388, 41.13599], [140.289187, 41.135618], [140.289611, 41.135382], [140.289865, 41.134453], [140.290586, 41.133811], [140.290857, 41.134005], [140.296034, 41.135833], [140.296082, 41.135754], [140.291032, 41.133966], [140.291228, 41.133184], [140.29276, 41.132338], [140.293222, 41.132721], [140.291744, 41.133714], [140.294172, 41.132262], [140.294046, 41.132032], [140.29572, 41.131126], [140.296397, 41.131784], [140.296266, 41.131016], [140.297678, 41.130787], [140.297988, 41.131559], [140.297468, 41.131703], [140.297684, 41.132128], [140.296388, 41.132471], [140.293305, 41.134283], [140.29337, 41.134348], [140.295923, 41.13283], [140.296841, 41.133855], [140.297101, 41.133744], [140.296784, 41.132985], [140.298731, 41.13246], [140.299111, 41.133278], [140.299542, 41.133131], [140.299188, 41.132329], [140.301013, 41.131869], [140.301367, 41.132685], [140.301791, 41.132562], [140.301485, 41.131738], [140.303364, 41.131307], [140.3043, 41.131594], [140.304077, 41.132723], [140.297391, 41.134443], [140.297455, 41.134513], [140.304096, 41.132807], [140.30473, 41.132794], [140.304798, 41.131999], [140.3065, 41.132731], [140.307595, 41.133682], [140.308102, 41.133846], [140.310021, 41.135438], [140.309156, 41.135938], [140.310303, 41.137213], [140.309709, 41.137454], [140.310244, 41.137623], [140.311748, 41.136903], [140.312499, 41.138012], [140.312008, 41.139048], [140.311866, 41.140455], [140.312252, 41.141722], [140.312231, 41.142758], [140.312008, 41.143478], [140.311374, 41.144144], [140.310251, 41.144976], [140.310891, 41.145629], [140.312104, 41.145731], [140.315273, 41.144988], [140.317168, 41.1449], [140.317729, 41.144999], [140.31936, 41.145961], [140.320579, 41.14689], [140.321591, 41.147831], [140.321844, 41.148421], [140.321709, 41.149148], [140.321978, 41.150202], [140.322996, 41.151401], [140.324203, 41.152014], [140.324716, 41.152481], [140.325444, 41.153805], [140.326307, 41.156405], [140.327155, 41.157887], [140.327306, 41.158742], [140.328027, 41.160026], [140.327693, 41.161287], [140.328235, 41.162238], [140.327863, 41.163466], [140.327328, 41.163675], [140.326434, 41.163596], [140.326978, 41.164439], [140.328027, 41.164298], [140.328897, 41.165002], [140.329142, 41.165746], [140.328866, 41.167796], [140.329113, 41.168217], [140.329834, 41.168584], [140.330783, 41.169623], [140.331067, 41.170394], [140.331157, 41.171933], [140.332345, 41.173915], [140.332433, 41.174619], [140.331594, 41.175845], [140.330975, 41.175935], [140.332232, 41.177795], [140.332479, 41.178843], [140.332839, 41.17864], [140.33337, 41.179072], [140.333283, 41.17983], [140.333731, 41.179895], [140.333755, 41.181463], [140.333587, 41.181113], [140.332745, 41.181585], [140.332968, 41.18199], [140.333659, 41.182123], [140.333698, 41.182819], [140.333263, 41.183156], [140.333637, 41.184128], [140.333032, 41.183746], [140.332713, 41.182887], [140.332361, 41.182955], [140.332407, 41.183935], [140.333255, 41.185052], [140.334247, 41.185123], [140.334542, 41.18537], [140.33459, 41.186552], [140.334977, 41.187211], [140.334481, 41.186918], [140.33428, 41.187305], [140.335202, 41.187903], [140.335525, 41.187717], [140.335707, 41.188526], [140.335195, 41.188814], [140.335718, 41.189116], [140.335165, 41.189479], [140.335014, 41.19027], [140.33577, 41.190422], [140.335792, 41.190828], [140.335156, 41.19095], [140.335919, 41.191409], [140.336094, 41.19198], [140.335803, 41.192178], [140.335567, 41.19315], [140.334953, 41.193889], [140.33381, 41.194513], [140.334013, 41.194771], [140.333327, 41.195696], [140.332651, 41.195994], [140.332059, 41.195472], [140.332116, 41.196263], [140.332603, 41.196294], [140.332188, 41.197068], [140.331642, 41.196992], [140.331084, 41.1975], [140.3315, 41.197845], [140.331148, 41.198865], [140.331382, 41.199988], [140.330586, 41.199626], [140.330744, 41.200484], [140.331185, 41.200719], [140.331224, 41.201754], [140.331661, 41.202155], [140.331836, 41.201718], [140.332155, 41.202107], [140.331736, 41.202732], [140.332575, 41.202938], [140.33242, 41.203575], [140.333165, 41.203491], [140.333891, 41.204047], [140.334522, 41.204978], [140.333596, 41.205721], [140.332879, 41.20574], [140.332409, 41.206406], [140.332818, 41.206599], [140.333631, 41.206152], [140.334245, 41.206179], [140.334063, 41.206836], [140.334586, 41.206594], [140.334848, 41.207664], [140.334277, 41.208888], [140.333239, 41.209264], [140.333545, 41.209892], [140.33327, 41.210141], [140.3327, 41.209451], [140.332361, 41.209878], [140.332907, 41.210253], [140.332514, 41.210482], [140.332606, 41.211035], [140.33311, 41.21094], [140.333051, 41.211646], [140.332389, 41.212176], [140.332914, 41.213319], [140.332992, 41.213957], [140.332612, 41.21373], [140.332531, 41.213101], [140.332094, 41.212254], [140.331605, 41.212475], [140.331633, 41.213171], [140.33226, 41.213457], [140.331592, 41.214829], [140.332029, 41.215247], [140.33155, 41.216046], [140.330921, 41.216458], [140.330993, 41.217392], [140.329625, 41.218525], [140.330025, 41.219029], [140.328973, 41.219136], [140.328711, 41.219621], [140.32872, 41.220784], [140.329874, 41.220218], [140.330322, 41.220822], [140.330003, 41.221362], [140.330114, 41.22193], [140.329332, 41.222936], [140.330217, 41.223105], [140.330733, 41.222871], [140.330873, 41.22426], [140.330213, 41.224838], [140.32988, 41.225906], [140.330761, 41.226127], [140.330075, 41.226794], [140.33004, 41.227254], [140.330693, 41.22716], [140.33035, 41.228498], [140.330988, 41.228192], [140.331325, 41.228361], [140.330287, 41.22904], [140.329935, 41.229827], [140.330291, 41.230454], [140.330833, 41.230286], [140.330768, 41.230991], [140.331194, 41.231334], [140.331961, 41.231304], [140.332225, 41.231009], [140.332842, 41.232035], [140.332109, 41.232095], [140.332271, 41.232654], [140.332107, 41.234138], [140.33303, 41.23374], [140.333381, 41.234091], [140.333132, 41.235128], [140.332105, 41.236061], [140.3323, 41.237335], [140.332673, 41.238173], [140.333084, 41.238496], [140.333773, 41.238187], [140.333517, 41.238595], [140.334752, 41.238517], [140.334671, 41.237803], [140.335667, 41.237681], [140.335807, 41.23816], [140.336585, 41.237844], [140.33699, 41.238568], [140.336257, 41.238341], [140.336275, 41.238742], [140.33721, 41.239108], [140.33791, 41.238421], [140.338347, 41.238497], [140.33791, 41.239066], [140.338738, 41.238677], [140.339538, 41.238922], [140.339066, 41.239551], [140.33966, 41.239478], [140.339918, 41.239096], [140.340644, 41.239438], [140.339901, 41.239703], [140.339243, 41.240575], [140.340016, 41.240508], [140.339962, 41.241449], [140.341332, 41.241759], [140.341371, 41.242009], [140.340609, 41.24232], [140.339724, 41.242303], [140.340165, 41.243206], [140.340768, 41.243098], [140.340794, 41.243583], [140.341605, 41.24351], [140.342007, 41.243772], [140.341994, 41.245096], [140.342812, 41.246259], [140.342897, 41.247822], [140.341999, 41.248494], [140.342182, 41.248993], [140.343813, 41.248334], [140.345345, 41.24784], [140.346505, 41.248087], [140.347506, 41.248534], [140.349069, 41.248902], [140.349696, 41.248765], [140.350963, 41.247718], [140.352926, 41.246624], [140.353949, 41.245488], [140.354333, 41.244712], [140.354895, 41.244461], [140.355465, 41.243832], [140.355057, 41.24266], [140.354272, 41.241718], [140.354217, 41.241197], [140.354513, 41.239802], [140.354731, 41.239453], [140.356414, 41.239154], [140.356803, 41.238311], [140.35741, 41.237859], [140.35835, 41.236649], [140.359771, 41.235645], [140.361285, 41.235316], [140.36202, 41.235007], [140.362129, 41.234534], [140.36188, 41.23368], [140.361902, 41.232813], [140.362336, 41.231668], [140.362977, 41.230719], [140.363259, 41.229918], [140.362306, 41.228704], [140.362378, 41.227744], [140.362024, 41.227175], [140.361703, 41.22602], [140.361626, 41.224845], [140.362201, 41.22345], [140.362179, 41.222596], [140.36188, 41.221404], [140.36191, 41.219858], [140.362859, 41.218786], [140.363698, 41.217315], [140.36525, 41.217549], [140.366183, 41.216733], [140.36818, 41.214204], [140.368257, 41.21346], [140.369197, 41.211551], [140.369518, 41.210451], [140.370707, 41.210506], [140.372088, 41.210376], [140.372462, 41.210147], [140.37216, 41.207848], [140.371351, 41.206607], [140.37199, 41.205463], [140.37178, 41.203952], [140.371365, 41.203047], [140.372818, 41.201802], [140.373202, 41.200434], [140.373631, 41.199974], [140.374756, 41.199901], [140.376437, 41.199537], [140.376325, 41.198907], [140.375742, 41.198438], [140.37527, 41.197183], [140.375532, 41.196043], [140.37503, 41.195257], [140.374026, 41.195011], [140.371496, 41.193237], [140.371135, 41.192777], [140.371732, 41.192211], [140.37195, 41.191509], [140.372464, 41.191051], [140.373272, 41.189776], [140.373379, 41.188946], [140.372687, 41.188664], [140.371625, 41.18782], [140.369559, 41.187213], [140.369221, 41.186584], [140.369293, 41.185936], [140.369044, 41.184401], [140.368685, 41.183523], [140.368864, 41.182418], [140.368364, 41.18161], [140.368593, 41.180666], [140.368512, 41.179735], [140.369109, 41.179053], [140.369159, 41.177837], [140.370031, 41.176085], [140.369848, 41.174215], [140.370571, 41.173914], [140.370582, 41.173368], [140.36969, 41.171778], [140.369767, 41.170372], [140.369319, 41.169288], [140.368027, 41.168248], [140.368751, 41.166463], [140.368344, 41.165183], [140.368239, 41.163727], [140.367907, 41.163209], [140.368027, 41.162131], [140.367422, 41.161225], [140.366618, 41.159252], [140.366128, 41.158591], [140.365722, 41.157631], [140.364533, 41.156906], [140.364107, 41.155887], [140.363455, 41.154958], [140.363112, 41.153695], [140.363193, 41.1528], [140.364668, 41.152692], [140.365381, 41.152464], [140.366323, 41.150975], [140.366703, 41.1508], [140.368145, 41.150789], [140.368985, 41.150543], [140.370079, 41.149926], [140.370307, 41.150042], [140.371496, 41.149028], [140.372564, 41.147905], [140.372809, 41.147094], [140.372569, 41.145769], [140.372641, 41.145314], [140.373856, 41.144425], [140.376631, 41.14369], [140.3777, 41.142033], [140.378163, 41.140957], [140.378474, 41.139518], [140.380484, 41.1386], [140.381691, 41.137268], [140.383395, 41.136514], [140.383533, 41.135507], [140.385089, 41.135246], [140.385813, 41.13487], [140.386608, 41.133684], [140.387495, 41.13265], [140.388319, 41.131435], [140.389268, 41.130382], [140.39125, 41.127054]]]]}}, {"type": "Feature", "properties": {"N03_001": "青森県", "N03_002": null, "N03_003": "上北郡", "N03_004": "野辺地町", "N03_007": "02401", "id": "gci:02401A1968", "code": "02401", "name": "野辺地町"}, "geometry": {"type": "MultiPolygon", "coordinates": [[[[141.255339, 40.969358], [141.255376, 40.968255], [141.256605, 40.967353], [141.258202, 40.966634], [141.258248, 40.966282], [141.257796, 40.965023], [141.257002, 40.96332], [141.253683, 40.963196], [141.249585, 40.961931], [141.248462, 40.961315], [141.248337, 40.96094], [141.246431, 40.960251], [141.245771, 40.959559], [141.245621, 40.958415], [141.24611, 40.9577], [141.245507, 40.955897], [141.245732, 40.954196], [141.245041, 40.95267], [141.243179, 40.951531], [141.241508, 40.95013], [141.240137, 40.9493], [141.239659, 40.947834], [141.238413, 40.946965], [141.237836, 40.945956], [141.236892, 40.945326], [141.236162, 40.944555], [141.235948, 40.943787], [141.234704, 40.942986], [141.234326, 40.941737], [141.232779, 40.940526], [141.234654, 40.938714], [141.235181, 40.937465], [141.233998, 40.93716], [141.233094, 40.935625], [141.232578, 40.934462], [141.232453, 40.931615], [141.233019, 40.929141], [141.23439, 40.924905], [141.234503, 40.924123], [141.234127, 40.923418], [141.232593, 40.921541], [141.232794, 40.920942], [141.232392, 40.920807], [141.232165, 40.919673], [141.230886, 40.917994], [141.227018, 40.914699], [141.226153, 40.912965], [141.225499, 40.912251], [141.224682, 40.910001], [141.224555, 40.908333], [141.22516, 40.907419], [141.225184, 40.90701], [141.224695, 40.905017], [141.224959, 40.903063], [141.222899, 40.899888], [141.220988, 40.89962], [141.220173, 40.899916], [141.219456, 40.899925], [141.218991, 40.899467], [141.21893, 40.898667], [141.217511, 40.896426], [141.216067, 40.895392], [141.214847, 40.894205], [141.213879, 40.893851], [141.21226, 40.892688], [141.208807, 40.890019], [141.207613, 40.88893], [141.205642, 40.888413], [141.204021, 40.887431], [141.203393, 40.886498], [141.202677, 40.883398], [141.199801, 40.878148], [141.195279, 40.869648], [141.194564, 40.869734], [141.194011, 40.870543], [141.192779, 40.870878], [141.191448, 40.870934], [141.189249, 40.869914], [141.188259, 40.86922], [141.186587, 40.86777], [141.177583, 40.865425], [141.175, 40.86441], [141.173737, 40.864022], [141.170496, 40.861823], [141.16953, 40.861038], [141.16781, 40.859915], [141.165015, 40.858334], [141.161278, 40.856013], [141.158415, 40.85402], [141.156782, 40.852972], [141.15643, 40.852313], [141.155639, 40.852087], [141.155263, 40.85122], [141.153945, 40.850608], [141.15275, 40.849608], [141.15108, 40.84937], [141.151141, 40.849026], [141.149961, 40.84873], [141.14995, 40.84814], [141.148104, 40.848235], [141.147702, 40.848121], [141.146646, 40.84712], [141.144887, 40.847827], [141.143442, 40.847902], [141.141799, 40.848598], [141.141206, 40.849084], [141.139939, 40.849341], [141.13955, 40.849752], [141.138619, 40.84997], [141.137992, 40.850446], [141.136698, 40.850686], [141.135944, 40.850982], [141.135518, 40.850705], [141.13347, 40.850544], [141.132478, 40.849562], [141.132314, 40.84897], [141.132755, 40.847645], [141.132803, 40.846348], [141.133383, 40.845242], [141.133885, 40.844777], [141.134311, 40.843213], [141.1342, 40.841974], [141.134652, 40.841192], [141.135304, 40.839338], [141.135002, 40.837908], [141.135078, 40.837174], [141.13474, 40.836296], [141.133863, 40.834955], [141.133476, 40.834711], [141.131667, 40.834173], [141.130948, 40.835025], [141.129967, 40.836818], [141.127982, 40.836913], [141.127091, 40.837815], [141.127705, 40.840856], [141.1269, 40.84242], [141.124112, 40.840398], [141.123096, 40.840894], [141.12145, 40.840481], [141.12027, 40.840613], [141.11949, 40.841195], [141.117794, 40.840558], [141.116091, 40.840721], [141.115158, 40.840629], [141.113989, 40.840104], [141.111959, 40.839534], [141.110566, 40.838763], [141.107771, 40.838213], [141.105251, 40.837436], [141.102782, 40.836755], [141.099499, 40.836008], [141.098208, 40.835568], [141.096291, 40.835303], [141.093734, 40.834247], [141.092449, 40.834054], [141.090222, 40.834061], [141.089438, 40.833729], [141.087908, 40.832668], [141.086332, 40.832269], [141.084734, 40.831267], [141.083758, 40.830902], [141.081662, 40.830902], [141.078191, 40.830677], [141.077536, 40.830357], [141.07674, 40.830278], [141.075684, 40.830517], [141.074428, 40.8313], [141.072614, 40.831432], [141.070887, 40.832143], [141.068545, 40.832222], [141.067738, 40.832508], [141.067537, 40.833451], [141.065765, 40.833503], [141.06373, 40.8339], [141.063085, 40.834552], [141.06229, 40.834943], [141.059412, 40.835308], [141.057875, 40.835241], [141.055382, 40.834916], [141.053067, 40.834797], [141.051216, 40.83396], [141.048681, 40.833967], [141.0469, 40.833801], [141.045965, 40.833416], [141.045291, 40.832906], [141.044384, 40.83335], [141.04386, 40.834279], [141.043276, 40.834524], [141.042315, 40.836312], [141.041576, 40.836835], [141.040918, 40.838244], [141.039968, 40.839146], [141.039402, 40.840386], [141.039507, 40.841309], [141.038943, 40.844166], [141.03919, 40.844608], [141.03903, 40.846108], [141.039454, 40.846771], [141.041091, 40.847239], [141.042339, 40.847213], [141.043447, 40.849029], [141.045281, 40.850822], [141.046198, 40.851959], [141.045965, 40.852756], [141.046778, 40.854246], [141.04634, 40.855602], [141.045718, 40.856068], [141.045567, 40.857594], [141.043165, 40.858299], [141.042809, 40.85994], [141.04231, 40.860905], [141.042138, 40.862282], [141.041688, 40.863312], [141.041635, 40.864898], [141.041987, 40.865378], [141.042177, 40.866296], [141.043132, 40.867181], [141.043113, 40.868276], [141.043941, 40.86893], [141.044011, 40.869572], [141.043252, 40.870521], [141.04329, 40.871508], [141.042885, 40.871843], [141.044028, 40.872698], [141.043711, 40.874207], [141.043904, 40.874648], [141.044872, 40.874836], [141.047226, 40.876362], [141.047022, 40.877075], [141.048172, 40.877359], [141.050718, 40.878237], [141.05201, 40.878522], [141.053111, 40.879243], [141.05465, 40.879714], [141.056584, 40.879858], [141.058325, 40.880961], [141.059069, 40.881114], [141.061942, 40.881416], [141.063745, 40.881683], [141.06453, 40.882509], [141.065487, 40.882939], [141.06738, 40.883425], [141.068787, 40.883505], [141.072588, 40.884026], [141.074389, 40.884609], [141.075977, 40.885758], [141.076751, 40.885981], [141.077636, 40.885865], [141.078888, 40.885926], [141.082068, 40.885803], [141.084125, 40.886198], [141.085115, 40.885114], [141.086999, 40.883683], [141.086159, 40.884122], [141.085681, 40.883813], [141.086378, 40.883824], [141.087394, 40.883344], [141.087291, 40.88365], [141.088522, 40.882912], [141.088616, 40.882196], [141.089604, 40.881437], [141.090358, 40.881181], [141.091066, 40.880175], [141.091446, 40.880216], [141.09244, 40.879755], [141.092239, 40.87935], [141.09364, 40.878751], [141.094589, 40.877602], [141.09526, 40.87772], [141.097325, 40.876339], [141.096776, 40.875536], [141.097377, 40.874913], [141.099528, 40.873824], [141.09967, 40.874013], [141.101986, 40.873101], [141.102168, 40.872754], [141.10333, 40.872459], [141.104532, 40.872385], [141.106019, 40.87248], [141.107662, 40.872449], [141.109222, 40.872641], [141.109622, 40.873508], [141.110829, 40.873485], [141.112275, 40.876846], [141.112343, 40.876826], [141.110899, 40.873521], [141.110942, 40.872481], [141.112391, 40.871211], [141.112632, 40.870672], [141.113064, 40.870554], [141.113956, 40.871515], [141.112581, 40.872681], [141.112155, 40.87382], [141.112474, 40.873998], [141.114, 40.873667], [141.115263, 40.873967], [141.115947, 40.872642], [141.115407, 40.871898], [141.115989, 40.871249], [141.118736, 40.871178], [141.118292, 40.872555], [141.119457, 40.872741], [141.119772, 40.871923], [141.120923, 40.872107], [141.121011, 40.871816], [141.122722, 40.872179], [141.125132, 40.873013], [141.125355, 40.87443], [141.127921, 40.87444], [141.1259, 40.874338], [141.12569, 40.873227], [141.127447, 40.87303], [141.127458, 40.872556], [141.128924, 40.872192], [141.130959, 40.872773], [141.131223, 40.872362], [141.132089, 40.872605], [141.132782, 40.873077], [141.132414, 40.873932], [141.133289, 40.873567], [141.135172, 40.874224], [141.136396, 40.875375], [141.137618, 40.875803], [141.139159, 40.877131], [141.139766, 40.876347], [141.141366, 40.87674], [141.143842, 40.87717], [141.145024, 40.877586], [141.147192, 40.878616], [141.148842, 40.879267], [141.151745, 40.881066], [141.152223, 40.881647], [141.152947, 40.882093], [141.154494, 40.883583], [141.156008, 40.88418], [141.158111, 40.885887], [141.158469, 40.88608], [141.161007, 40.888175], [141.164134, 40.890974], [141.166239, 40.892988], [141.167784, 40.894235], [141.168769, 40.895342], [141.171927, 40.89832], [141.175306, 40.901746], [141.176665, 40.90299], [141.179146, 40.905615], [141.185772, 40.913217], [141.187647, 40.915556], [141.189435, 40.91793], [141.189568, 40.917871], [141.193841, 40.923759], [141.194446, 40.924791], [141.195257, 40.925735], [141.198196, 40.930201], [141.200218, 40.933195], [141.201035, 40.934523], [141.20283, 40.937177], [141.205609, 40.941729], [141.206289, 40.943008], [141.207362, 40.944645], [141.207485, 40.945501], [141.208599, 40.94707], [141.210288, 40.950249], [141.210588, 40.95138], [141.211287, 40.951614], [141.212293, 40.953304], [141.212319, 40.954095], [141.212623, 40.954172], [141.214395, 40.957604], [141.214533, 40.958404], [141.215031, 40.959063], [141.216268, 40.96135], [141.218705, 40.966254], [141.219732, 40.968465], [141.220986, 40.971406], [141.222239, 40.971462], [141.223648, 40.970948], [141.224251, 40.971233], [141.225547, 40.971205], [141.226227, 40.971767], [141.228012, 40.971806], [141.229131, 40.97132], [141.231761, 40.971473], [141.232665, 40.971864], [141.23371, 40.97191], [141.234453, 40.971653], [141.235382, 40.971959], [141.23986, 40.972007], [141.241532, 40.971454], [141.242338, 40.971034], [141.244425, 40.970548], [141.245004, 40.970518], [141.247476, 40.969944], [141.248606, 40.969864], [141.249622, 40.969541], [141.251336, 40.969453], [141.253475, 40.969548], [141.255339, 40.969358]]]]}}, {"type": "Feature", "properties": {"OBJECTID": 1607, "N03_001": "青森県", "N03_002": null, "N03_003": "上北郡", "N03_004": "七戸町", "N03_007": "02402", "Shape_Leng": 1.143011225794548, "Shape_Area": 0.035948436679078, "id": "gci:02402A1968", "code": "02402", "name": "七戸町"}, "geometry": {"type": "MultiPolygon", "coordinates": [[[[141.172828, 40.683132], [141.172799, 40.682434], [141.171217, 40.681386], [141.169694, 40.679282], [141.169445, 40.678248], [141.169637, 40.677236], [141.171121, 40.67548], [141.171344, 40.67391], [141.172364, 40.673736], [141.172279, 40.673017], [141.170977, 40.673222], [141.171103, 40.672393], [141.168682, 40.671887], [141.168446, 40.672577], [141.167646, 40.672438], [141.167406, 40.671814], [141.166586, 40.672135], [141.164287, 40.672223], [141.16338, 40.672787], [141.162812, 40.672318], [141.16138, 40.672487], [141.161044, 40.673301], [141.159809, 40.673499], [141.159791, 40.672061], [141.159501, 40.671071], [141.159752, 40.670072], [141.159597, 40.66936], [141.158181, 40.667112], [141.157744, 40.665407], [141.156887, 40.66479], [141.156712, 40.663588], [141.157012, 40.663224], [141.151771, 40.660345], [141.145523, 40.656824], [141.14672, 40.655693], [141.145147, 40.653755], [141.146314, 40.650025], [141.147201, 40.650496], [141.148687, 40.651007], [141.149754, 40.651117], [141.151786, 40.651073], [141.152593, 40.650737], [141.154573, 40.650266], [141.154813, 40.649831], [141.153318, 40.649318], [141.152092, 40.648071], [141.15061, 40.647671], [141.149502, 40.64642], [141.149081, 40.646281], [141.148644, 40.645658], [141.148674, 40.64478], [141.148399, 40.644154], [141.148438, 40.643398], [141.14768, 40.642808], [141.146591, 40.642236], [141.145851, 40.641648], [141.144856, 40.639946], [141.144284, 40.639199], [141.142883, 40.638843], [141.142332, 40.638881], [141.141453, 40.639835], [141.140219, 40.640071], [141.138413, 40.640123], [141.136431, 40.640023], [141.134088, 40.640641], [141.13305, 40.64106], [141.132237, 40.641618], [141.129451, 40.642421], [141.12652, 40.642769], [141.123091, 40.641456], [141.12242, 40.640985], [141.119791, 40.639576], [141.118858, 40.638172], [141.11822, 40.637561], [141.116972, 40.636979], [141.115545, 40.636683], [141.114566, 40.636988], [141.114109, 40.636887], [141.112629, 40.633779], [141.112129, 40.633862], [141.11181, 40.634342], [141.110945, 40.634915], [141.109834, 40.635358], [141.108355, 40.635566], [141.10651, 40.635294], [141.104723, 40.635326], [141.104285, 40.635002], [141.102987, 40.634961], [141.101654, 40.634522], [141.099447, 40.634489], [141.098525, 40.63468], [141.09816, 40.63503], [141.096566, 40.635104], [141.096265, 40.63484], [141.095166, 40.634753], [141.094176, 40.6349], [141.09232, 40.634738], [141.090742, 40.634849], [141.090259, 40.635274], [141.088362, 40.635219], [141.085414, 40.634693], [141.083825, 40.633487], [141.083143, 40.633123], [141.082403, 40.633308], [141.081236, 40.634333], [141.080068, 40.634512], [141.079135, 40.634919], [141.076727, 40.63635], [141.075687, 40.637644], [141.073932, 40.638534], [141.073586, 40.639288], [141.073495, 40.640174], [141.073187, 40.640456], [141.072203, 40.640626], [141.070955, 40.640151], [141.069408, 40.640165], [141.068678, 40.640345], [141.066822, 40.641536], [141.06401, 40.643042], [141.062594, 40.643191], [141.061274, 40.645061], [141.060448, 40.646478], [141.059862, 40.646921], [141.059298, 40.647776], [141.059235, 40.648468], [141.057703, 40.649569], [141.056634, 40.649874], [141.055283, 40.650473], [141.054822, 40.650862], [141.05501, 40.651798], [141.053725, 40.652616], [141.053087, 40.654386], [141.053268, 40.655319], [141.053104, 40.655932], [141.05119, 40.658555], [141.051509, 40.659465], [141.051293, 40.660592], [141.050838, 40.661174], [141.049221, 40.661354], [141.048709, 40.661706], [141.047645, 40.662019], [141.046391, 40.66347], [141.045947, 40.664648], [141.044564, 40.665142], [141.042925, 40.664799], [141.040938, 40.665413], [141.04004, 40.665298], [141.037317, 40.665611], [141.036134, 40.665852], [141.034705, 40.665219], [141.032985, 40.66503], [141.030579, 40.664974], [141.029058, 40.66462], [141.027493, 40.664392], [141.025985, 40.664522], [141.024726, 40.66497], [141.021306, 40.665381], [141.020082, 40.665764], [141.018657, 40.666706], [141.017742, 40.667048], [141.015812, 40.667452], [141.014252, 40.668276], [141.013609, 40.668247], [141.012754, 40.667865], [141.011605, 40.667888], [141.009937, 40.668549], [141.008591, 40.668664], [141.007612, 40.669154], [141.003737, 40.670689], [141.002513, 40.671644], [141.001676, 40.673022], [141.001578, 40.67416], [141.001014, 40.675155], [140.999637, 40.67671], [140.999135, 40.678706], [140.998936, 40.681219], [140.998619, 40.681894], [140.997212, 40.683687], [140.995474, 40.684899], [140.995203, 40.685557], [140.994484, 40.686103], [140.994325, 40.686987], [140.993573, 40.687612], [140.993339, 40.688092], [140.992063, 40.68862], [140.991759, 40.689001], [140.991112, 40.690904], [140.990592, 40.693493], [140.991267, 40.694605], [140.989901, 40.694304], [140.988981, 40.694384], [140.985655, 40.695141], [140.984492, 40.695807], [140.983113, 40.696189], [140.979981, 40.697337], [140.978967, 40.697617], [140.976854, 40.697986], [140.976124, 40.698476], [140.975324, 40.699329], [140.974301, 40.70087], [140.973156, 40.702153], [140.973001, 40.702664], [140.972267, 40.703555], [140.970018, 40.705831], [140.969153, 40.706218], [140.966434, 40.706761], [140.964725, 40.707877], [140.963623, 40.709655], [140.963405, 40.71045], [140.963025, 40.713166], [140.962775, 40.713344], [140.960166, 40.71329], [140.95953, 40.713435], [140.956964, 40.715711], [140.956322, 40.71636], [140.95317, 40.718696], [140.949905, 40.719373], [140.947958, 40.719432], [140.946166, 40.719732], [140.944332, 40.720329], [140.942562, 40.721096], [140.941371, 40.721354], [140.939177, 40.721531], [140.938565, 40.721429], [140.937289, 40.720855], [140.935702, 40.721021], [140.934876, 40.720752], [140.932916, 40.7205], [140.931738, 40.720704], [140.931163, 40.721488], [140.929535, 40.72144], [140.929174, 40.721611], [140.928223, 40.724339], [140.927662, 40.72523], [140.926316, 40.726664], [140.925017, 40.727227], [140.923343, 40.727195], [140.921322, 40.726792], [140.919947, 40.726293], [140.918262, 40.727748], [140.916918, 40.728597], [140.915637, 40.729686], [140.91496, 40.729832], [140.913647, 40.729708], [140.911457, 40.729198], [140.909844, 40.729171], [140.908985, 40.729552], [140.908646, 40.730175], [140.907398, 40.731093], [140.906607, 40.731861], [140.905812, 40.733478], [140.904245, 40.734557], [140.902249, 40.736716], [140.901233, 40.738358], [140.901928, 40.741376], [140.901795, 40.742826], [140.901915, 40.743471], [140.90289, 40.74455], [140.903998, 40.744769], [140.90563, 40.745506], [140.906061, 40.745903], [140.906258, 40.746616], [140.905602, 40.748754], [140.905709, 40.751047], [140.906137, 40.751697], [140.907263, 40.752678], [140.907451, 40.753261], [140.910528, 40.75706], [140.911435, 40.757242], [140.912766, 40.756783], [140.914613, 40.756809], [140.915651, 40.756572], [140.91642, 40.756749], [140.917504, 40.757791], [140.917478, 40.759221], [140.918068, 40.760846], [140.920258, 40.761697], [140.92196, 40.761772], [140.92352, 40.761385], [140.925951, 40.761677], [140.926884, 40.761617], [140.927341, 40.761254], [140.93012, 40.761174], [140.93202, 40.760273], [140.933543, 40.759819], [140.935628, 40.759638], [140.936342, 40.759755], [140.939544, 40.759498], [140.940226, 40.760801], [140.942191, 40.762176], [140.943707, 40.762714], [140.944925, 40.763379], [140.947086, 40.763343], [140.948258, 40.763606], [140.948913, 40.764406], [140.950493, 40.764723], [140.951706, 40.765241], [140.95342, 40.765573], [140.954962, 40.766651], [140.955631, 40.768242], [140.957325, 40.769772], [140.958728, 40.770521], [140.959159, 40.771608], [140.960277, 40.772474], [140.96111, 40.772737], [140.961361, 40.773643], [140.961045, 40.774407], [140.960262, 40.775178], [140.960356, 40.776602], [140.959958, 40.777222], [140.958774, 40.778062], [140.958529, 40.778691], [140.958947, 40.77931], [140.957887, 40.779767], [140.958112, 40.78003], [140.959932, 40.78081], [140.960614, 40.781228], [140.961482, 40.782108], [140.963287, 40.783211], [140.96512, 40.784696], [140.965717, 40.785033], [140.966829, 40.785078], [140.967815, 40.785979], [140.969583, 40.786327], [140.970228, 40.78665], [140.971353, 40.788038], [140.97197, 40.789135], [140.972385, 40.789489], [140.973434, 40.789704], [140.974756, 40.790772], [140.975624, 40.791666], [140.976675, 40.793998], [140.976723, 40.79567], [140.976393, 40.796817], [140.976955, 40.798916], [140.976697, 40.79999], [140.976751, 40.800785], [140.978216, 40.801044], [140.979186, 40.801464], [140.979748, 40.801936], [140.980943, 40.802437], [140.980528, 40.803489], [140.980482, 40.804375], [140.980971, 40.805023], [140.980609, 40.806185], [140.982829, 40.806752], [140.985089, 40.806846], [140.986149, 40.807088], [140.987788, 40.808116], [140.988142, 40.808487], [140.987906, 40.810173], [140.988024, 40.810825], [140.988553, 40.811304], [140.990024, 40.812212], [140.989927, 40.81315], [140.991715, 40.813052], [140.993061, 40.813097], [140.993877, 40.813352], [140.996114, 40.815002], [140.996458, 40.815065], [140.99986, 40.814956], [141.003674, 40.815071], [141.004937, 40.815301], [141.006705, 40.816606], [141.007551, 40.815629], [141.00787, 40.814126], [141.008252, 40.813471], [141.009393, 40.812351], [141.010243, 40.810484], [141.010858, 40.809718], [141.01308, 40.808532], [141.015108, 40.807664], [141.015071, 40.80714], [141.013856, 40.806264], [141.013856, 40.805973], [141.014739, 40.804115], [141.0156, 40.803453], [141.016177, 40.802556], [141.016621, 40.802397], [141.018511, 40.802333], [141.019322, 40.801884], [141.021503, 40.801445], [141.022832, 40.801931], [141.025743, 40.80137], [141.026282, 40.801136], [141.027255, 40.801137], [141.027782, 40.800886], [141.028667, 40.799839], [141.03035, 40.799214], [141.031541, 40.799886], [141.033042, 40.800287], [141.035057, 40.801389], [141.036764, 40.801706], [141.037476, 40.802192], [141.038263, 40.803378], [141.039775, 40.803817], [141.040733, 40.803762], [141.041113, 40.803444], [141.041862, 40.802156], [141.042391, 40.801875], [141.044247, 40.801847], [141.044701, 40.801398], [141.045082, 40.799794], [141.046089, 40.799177], [141.047355, 40.799905], [141.047798, 40.79997], [141.049088, 40.799625], [141.051079, 40.799466], [141.052184, 40.798944], [141.053303, 40.798701], [141.05477, 40.799681], [141.055336, 40.800783], [141.056184, 40.800586], [141.057757, 40.800653], [141.058874, 40.799858], [141.059685, 40.799878], [141.061639, 40.800643], [141.063144, 40.800242], [141.066486, 40.801175], [141.066916, 40.801642], [141.068674, 40.801782], [141.070026, 40.802567], [141.072371, 40.802323], [141.074546, 40.802669], [141.075481, 40.802445], [141.07698, 40.802445], [141.078602, 40.802884], [141.079352, 40.802912], [141.080997, 40.802445], [141.082778, 40.801745], [141.085818, 40.801026], [141.088266, 40.800643], [141.089309, 40.800726], [141.090994, 40.801232], [141.092429, 40.802156], [141.093979, 40.803445], [141.095404, 40.805032], [141.096411, 40.806376], [141.098284, 40.807484], [141.098988, 40.807243], [141.099705, 40.805536], [141.100076, 40.805337], [141.101868, 40.805295], [141.104047, 40.804624], [141.106019, 40.805641], [141.107398, 40.805212], [141.109423, 40.803734], [141.111078, 40.804012], [141.114721, 40.803919], [141.11643, 40.803729], [141.117164, 40.803501], [141.118432, 40.802508], [141.119122, 40.802163], [141.122038, 40.802199], [141.122781, 40.802422], [141.123319, 40.802279], [141.123314, 40.803387], [141.124687, 40.803351], [141.128002, 40.803701], [141.129029, 40.80364], [141.132056, 40.803944], [141.13298, 40.803885], [141.13335, 40.804344], [141.135404, 40.804016], [141.135907, 40.802857], [141.136862, 40.802804], [141.137677, 40.802136], [141.137937, 40.801559], [141.137498, 40.799796], [141.137561, 40.799146], [141.138698, 40.799223], [141.140509, 40.799674], [141.140422, 40.800061], [141.140979, 40.800389], [141.142398, 40.799585], [141.142745, 40.799634], [141.144437, 40.799037], [141.145055, 40.798977], [141.145009, 40.798644], [141.14573, 40.798107], [141.145698, 40.797738], [141.146609, 40.797517], [141.147046, 40.796984], [141.147706, 40.796758], [141.148788, 40.796943], [141.151107, 40.796364], [141.151218, 40.795881], [141.152691, 40.795375], [141.154195, 40.795361], [141.156367, 40.794984], [141.157103, 40.794465], [141.158806, 40.794061], [141.160694, 40.793944], [141.161706, 40.794255], [141.161833, 40.792239], [141.162624, 40.786827], [141.164836, 40.787363], [141.167366, 40.787433], [141.168535, 40.787581], [141.16892, 40.785299], [141.171663, 40.785165], [141.173564, 40.785734], [141.176014, 40.786053], [141.176359, 40.785744], [141.177419, 40.785637], [141.180145, 40.786052], [141.181185, 40.785852], [141.182848, 40.785148], [141.183864, 40.784997], [141.184955, 40.785054], [141.186992, 40.784103], [141.187634, 40.78331], [141.188694, 40.780126], [141.189643, 40.779085], [141.189007, 40.778429], [141.188484, 40.776266], [141.187905, 40.775265], [141.187818, 40.774294], [141.187145, 40.772688], [141.186957, 40.771389], [141.186535, 40.769764], [141.186126, 40.76903], [141.185436, 40.768321], [141.186823, 40.767648], [141.187938, 40.76679], [141.189317, 40.766522], [141.19015, 40.766178], [141.190604, 40.765486], [141.192055, 40.764783], [141.192658, 40.764866], [141.19371, 40.764623], [141.193952, 40.764795], [141.19527, 40.764599], [141.195266, 40.764201], [141.196125, 40.764039], [141.196391, 40.764385], [141.198421, 40.764117], [141.199151, 40.76383], [141.198867, 40.763533], [141.199079, 40.762367], [141.19937, 40.761903], [141.199759, 40.761993], [141.200852, 40.759713], [141.201284, 40.759976], [141.200998, 40.760514], [141.201378, 40.76097], [141.200812, 40.76165], [141.200904, 40.76256], [141.199825, 40.762416], [141.199551, 40.764078], [141.198406, 40.764438], [141.198264, 40.765447], [141.199394, 40.766142], [141.199816, 40.767087], [141.19987, 40.767998], [141.200461, 40.768606], [141.201228, 40.768207], [141.201855, 40.767581], [141.202576, 40.766455], [141.202843, 40.765633], [141.203424, 40.764965], [141.204324, 40.764375], [141.204724, 40.764596], [141.206427, 40.763772], [141.208966, 40.763267], [141.212644, 40.760903], [141.213523, 40.760213], [141.216423, 40.758273], [141.218139, 40.757378], [141.218519, 40.757332], [141.218705, 40.756643], [141.220387, 40.756727], [141.220894, 40.756615], [141.222468, 40.756884], [141.223432, 40.756848], [141.223849, 40.757241], [141.224612, 40.757423], [141.224483, 40.75704], [141.22857, 40.757718], [141.228522, 40.757973], [141.229278, 40.758254], [141.227811, 40.759835], [141.22789, 40.7602], [141.226699, 40.761291], [141.228067, 40.761546], [141.228071, 40.763563], [141.228312, 40.76401], [141.22883, 40.763955], [141.229271, 40.764352], [141.229123, 40.764684], [141.229914, 40.765643], [141.230379, 40.766636], [141.230998, 40.767351], [141.232285, 40.768182], [141.233557, 40.768824], [141.234401, 40.768938], [141.234689, 40.770527], [141.235144, 40.771062], [141.236435, 40.770232], [141.238205, 40.769431], [141.238444, 40.769966], [141.237845, 40.770566], [141.238007, 40.771033], [141.237423, 40.771888], [141.237392, 40.772794], [141.236588, 40.774518], [141.23678, 40.775761], [141.237648, 40.775887], [141.238166, 40.775685], [141.237961, 40.775132], [141.238358, 40.774875], [141.238765, 40.775325], [141.240137, 40.774917], [141.243308, 40.775601], [141.244253, 40.77591], [141.246132, 40.775808], [141.247089, 40.775914], [141.247828, 40.775629], [141.24809, 40.775942], [141.251906, 40.773513], [141.252758, 40.774762], [141.25523, 40.773817], [141.255381, 40.772806], [141.253549, 40.770101], [141.255682, 40.770054], [141.256998, 40.770216], [141.256987, 40.764686], [141.254961, 40.764802], [141.253694, 40.754891], [141.253888, 40.754897], [141.263026, 40.754144], [141.271518, 40.753469], [141.270858, 40.749782], [141.267563, 40.74939], [141.266297, 40.749494], [141.262575, 40.750505], [141.261024, 40.750705], [141.259393, 40.750743], [141.258078, 40.750648], [141.257013, 40.752405], [141.256463, 40.753058], [141.255283, 40.753497], [141.251858, 40.753669], [141.250114, 40.752915], [141.248582, 40.752688], [141.248193, 40.751996], [141.247504, 40.751384], [141.24615, 40.750663], [141.246565, 40.748545], [141.247129, 40.747163], [141.248744, 40.745704], [141.246665, 40.743978], [141.245704, 40.742807], [141.244239, 40.740451], [141.243284, 40.740407], [141.243197, 40.739395], [141.244161, 40.739711], [141.244076, 40.737455], [141.243717, 40.736793], [141.242281, 40.735906], [141.241182, 40.734147], [141.239997, 40.733253], [141.238378, 40.731829], [141.237178, 40.731165], [141.235675, 40.730542], [141.234538, 40.730865], [141.233795, 40.730807], [141.230465, 40.729623], [141.229558, 40.729579], [141.227689, 40.727952], [141.226349, 40.727752], [141.226341, 40.727393], [141.225278, 40.727143], [141.225222, 40.726792], [141.224118, 40.726612], [141.224031, 40.726143], [141.221718, 40.726011], [141.221699, 40.726392], [141.219885, 40.726289], [141.218528, 40.726568], [141.218545, 40.7259], [141.214406, 40.725783], [141.214456, 40.723429], [141.213702, 40.723369], [141.213853, 40.721524], [141.21125, 40.721789], [141.210122, 40.722999], [141.209312, 40.723029], [141.209274, 40.721922], [141.207168, 40.720771], [141.206339, 40.720081], [141.205076, 40.718424], [141.204661, 40.716956], [141.204709, 40.716597], [141.2039, 40.717544], [141.203369, 40.717375], [141.202694, 40.718056], [141.201665, 40.717763], [141.201081, 40.717129], [141.198872, 40.716616], [141.197746, 40.716138], [141.197244, 40.715677], [141.197436, 40.714973], [141.196319, 40.714473], [141.187042, 40.711601], [141.185545, 40.71117], [141.185873, 40.710542], [141.183886, 40.709897], [141.184609, 40.70849], [141.181111, 40.707398], [141.17927, 40.706939], [141.179163, 40.7068], [141.180022, 40.703601], [141.179163, 40.702672], [141.178276, 40.701344], [141.177767, 40.70133], [141.176965, 40.701931], [141.175916, 40.701645], [141.176195, 40.700978], [141.175723, 40.699988], [141.177052, 40.699628], [141.176187, 40.698762], [141.175935, 40.698184], [141.174209, 40.697678], [141.173313, 40.698287], [141.172585, 40.697935], [141.172489, 40.695543], [141.173184, 40.695052], [141.174552, 40.694473], [141.1746, 40.692972], [141.175352, 40.69091], [141.175728, 40.690625], [141.175951, 40.689577], [141.175767, 40.688741], [141.175197, 40.687795], [141.174427, 40.686973], [141.17382, 40.686651], [141.170957, 40.685785], [141.171805, 40.684276], [141.172749, 40.683418], [141.172828, 40.683132]], [[141.212843, 40.724185], [141.21318, 40.724173], [141.213628, 40.725501], [141.212717, 40.725489], [141.212843, 40.724185]]]]}}, {"type": "Feature", "properties": {"OBJECTID": 1608, "N03_001": "青森県", "N03_002": null, "N03_003": "上北郡", "N03_004": "六戸町", "N03_007": "02405", "Shape_Leng": 0.649761611994504, "Shape_Area": 0.008929392903914, "id": "gci:02405A1968", "code": "02405", "name": "六戸町"}, "geometry": {"type": "MultiPolygon", "coordinates": [[[[141.355842, 40.663822], [141.356008, 40.663305], [141.356049, 40.66181], [141.356847, 40.660055], [141.35783, 40.658935], [141.358377, 40.658871], [141.35936, 40.658036], [141.359456, 40.656541], [141.359889, 40.655268], [141.359443, 40.654371], [141.35974, 40.653284], [141.359336, 40.652646], [141.359738, 40.652224], [141.360783, 40.652057], [141.360302, 40.649801], [141.36021, 40.648757], [141.360348, 40.647446], [141.361194, 40.645754], [141.363307, 40.644419], [141.363633, 40.643524], [141.363148, 40.64321], [141.363086, 40.642515], [141.360138, 40.641423], [141.354283, 40.638371], [141.351232, 40.635345], [141.350155, 40.632084], [141.347821, 40.628318], [141.346577, 40.626722], [141.345721, 40.625293], [141.346864, 40.62287], [141.345566, 40.622707], [141.344951, 40.621272], [141.344624, 40.617633], [141.344746, 40.617132], [141.346776, 40.613145], [141.344313, 40.611456], [141.343824, 40.610963], [141.343872, 40.610239], [141.344285, 40.608988], [141.344479, 40.607837], [141.345281, 40.607388], [141.34526, 40.606814], [141.346475, 40.606786], [141.346396, 40.605141], [141.346851, 40.60397], [141.347248, 40.601247], [141.348582, 40.600435], [141.349843, 40.600323], [141.350889, 40.600041], [141.351556, 40.599644], [141.353029, 40.60232], [141.355575, 40.602258], [141.356899, 40.60246], [141.357459, 40.601581], [141.358346, 40.600969], [141.360977, 40.600897], [141.361648, 40.601083], [141.361744, 40.601547], [141.361379, 40.602836], [141.359882, 40.603852], [141.35971, 40.604147], [141.360508, 40.604594], [141.360162, 40.605029], [141.360414, 40.605555], [141.361567, 40.606109], [141.363014, 40.6066], [141.361508, 40.606997], [141.360879, 40.607454], [141.3616, 40.607502], [141.363808, 40.607216], [141.364926, 40.606885], [141.366094, 40.60581], [141.366771, 40.604849], [141.366867, 40.604022], [141.366321, 40.603084], [141.366128, 40.602131], [141.366183, 40.601246], [141.366688, 40.600456], [141.36744, 40.599823], [141.36735, 40.598932], [141.366067, 40.599565], [141.364885, 40.59998], [141.363123, 40.600047], [141.363056, 40.599783], [141.361716, 40.598999], [141.361342, 40.598629], [141.360942, 40.597223], [141.359712, 40.59543], [141.357752, 40.592393], [141.356204, 40.591036], [141.354528, 40.589411], [141.356871, 40.588611], [141.35825, 40.589152], [141.359638, 40.589322], [141.360741, 40.589235], [141.364723, 40.589292], [141.366163, 40.589261], [141.367569, 40.589057], [141.368699, 40.588496], [141.369367, 40.588473], [141.371977, 40.587207], [141.374374, 40.586784], [141.374538, 40.587167], [141.375047, 40.587119], [141.376389, 40.587639], [141.377598, 40.588267], [141.378513, 40.588304], [141.37861, 40.587995], [141.378105, 40.587438], [141.379595, 40.587523], [141.380474, 40.586962], [141.381842, 40.587214], [141.381573, 40.586685], [141.380246, 40.586764], [141.379831, 40.586269], [141.380279, 40.58616], [141.380373, 40.585547], [141.380207, 40.585272], [141.380504, 40.583858], [141.380677, 40.581628], [141.380526, 40.579728], [141.380168, 40.579045], [141.379464, 40.578502], [141.378874, 40.577741], [141.37762, 40.575724], [141.376726, 40.573458], [141.376444, 40.572172], [141.374862, 40.571552], [141.374709, 40.571112], [141.373266, 40.569294], [141.371437, 40.56843], [141.369702, 40.567197], [141.368692, 40.566718], [141.36742, 40.566343], [141.365495, 40.566125], [141.365267, 40.56621], [141.361758, 40.572655], [141.359843, 40.575877], [141.358731, 40.578172], [141.357607, 40.579567], [141.35608, 40.58114], [141.35559, 40.581896], [141.354817, 40.583976], [141.354261, 40.585925], [141.352472, 40.585815], [141.352002, 40.585648], [141.351235, 40.584903], [141.349403, 40.583861], [141.346894, 40.581474], [141.345998, 40.581243], [141.343874, 40.581457], [141.340515, 40.582015], [141.339761, 40.581957], [141.338325, 40.581485], [141.337409, 40.581002], [141.336428, 40.580217], [141.334085, 40.579238], [141.333773, 40.578903], [141.334973, 40.574245], [141.334979, 40.572701], [141.335939, 40.571416], [141.336913, 40.569467], [141.337154, 40.568464], [141.336942, 40.567997], [141.334584, 40.567668], [141.333253, 40.567323], [141.331642, 40.566198], [141.327584, 40.564527], [141.325617, 40.564106], [141.322583, 40.562722], [141.321303, 40.56285], [141.32021, 40.562797], [141.318768, 40.563362], [141.316458, 40.565149], [141.315791, 40.565344], [141.303671, 40.568063], [141.304497, 40.569227], [141.303395, 40.569681], [141.30298, 40.571074], [141.302938, 40.571839], [141.302501, 40.572464], [141.302805, 40.574121], [141.302565, 40.574827], [141.301911, 40.575407], [141.299352, 40.576083], [141.296673, 40.577373], [141.296124, 40.577715], [141.293998, 40.57975], [141.293572, 40.579958], [141.293349, 40.580619], [141.293642, 40.581429], [141.293401, 40.582923], [141.293502, 40.583427], [141.2907, 40.583459], [141.290573, 40.584503], [141.289542, 40.584994], [141.288938, 40.586176], [141.287927, 40.586908], [141.286773, 40.587077], [141.285783, 40.587687], [141.285499, 40.588167], [141.285564, 40.589351], [141.285839, 40.59024], [141.285142, 40.591268], [141.285761, 40.591609], [141.286672, 40.593095], [141.289183, 40.594543], [141.289607, 40.594471], [141.290696, 40.595271], [141.290647, 40.59561], [141.293561, 40.597928], [141.294597, 40.598208], [141.294454, 40.598429], [141.293377, 40.59869], [141.29402, 40.599138], [141.292221, 40.599766], [141.290044, 40.600766], [141.287483, 40.599026], [141.285745, 40.600541], [141.285232, 40.600079], [141.283809, 40.600149], [141.282148, 40.600486], [141.279862, 40.600759], [141.27875, 40.600754], [141.27703, 40.60133], [141.276492, 40.601863], [141.276816, 40.602906], [141.277238, 40.603567], [141.277342, 40.604446], [141.276125, 40.605964], [141.275078, 40.606858], [141.275476, 40.607258], [141.276953, 40.607853], [141.276691, 40.609567], [141.274427, 40.609842], [141.274372, 40.610021], [141.274488, 40.615495], [141.274372, 40.615597], [141.266767, 40.616505], [141.266015, 40.616471], [141.265849, 40.615574], [141.259138, 40.61642], [141.258384, 40.616332], [141.257051, 40.619109], [141.257313, 40.62047], [141.257632, 40.621042], [141.257955, 40.622387], [141.259199, 40.630483], [141.263141, 40.630204], [141.263535, 40.630316], [141.263729, 40.631452], [141.265744, 40.631274], [141.265945, 40.631543], [141.265207, 40.632713], [141.263978, 40.633241], [141.263259, 40.633969], [141.263135, 40.634714], [141.262438, 40.634961], [141.261146, 40.636535], [141.261415, 40.637201], [141.266402, 40.637197], [141.266629, 40.637134], [141.27069, 40.637516], [141.274901, 40.639891], [141.277845, 40.640396], [141.278686, 40.641024], [141.27948, 40.641938], [141.280061, 40.642318], [141.280688, 40.643646], [141.281877, 40.644212], [141.283009, 40.645035], [141.282907, 40.645608], [141.281855, 40.645647], [141.281069, 40.645937], [141.280074, 40.646734], [141.278754, 40.6474], [141.277913, 40.647321], [141.275668, 40.647478], [141.274521, 40.646823], [141.273293, 40.646459], [141.27156, 40.646403], [141.269197, 40.646196], [141.268817, 40.646408], [141.263714, 40.650791], [141.263148, 40.651317], [141.262934, 40.652555], [141.263154, 40.653575], [141.263583, 40.653805], [141.264053, 40.654869], [141.264501, 40.656506], [141.26544, 40.659005], [141.2668, 40.660635], [141.268935, 40.662775], [141.269626, 40.663767], [141.269927, 40.66449], [141.270734, 40.664986], [141.274464, 40.667897], [141.274982, 40.668359], [141.274947, 40.669003], [141.276357, 40.669798], [141.276558, 40.670264], [141.278337, 40.67138], [141.280041, 40.671849], [141.281206, 40.672325], [141.281643, 40.672935], [141.28226, 40.673317], [141.284327, 40.673842], [141.284891, 40.674413], [141.28658, 40.675405], [141.287483, 40.676213], [141.288346, 40.6777], [141.288573, 40.678645], [141.289137, 40.678988], [141.290202, 40.681009], [141.290953, 40.681562], [141.291981, 40.681848], [141.293185, 40.681858], [141.295364, 40.682487], [141.296454, 40.682467], [141.297619, 40.682725], [141.29886, 40.682515], [141.3006, 40.682762], [141.301465, 40.683382], [141.301566, 40.684336], [141.301892, 40.684945], [141.303946, 40.686206], [141.304473, 40.686311], [141.306641, 40.687675], [141.307567, 40.68857], [141.309947, 40.689132], [141.310448, 40.689443], [141.311702, 40.68971], [141.312015, 40.690053], [141.313468, 40.690463], [141.314156, 40.690872], [141.315509, 40.69053], [141.316462, 40.69135], [141.316637, 40.692589], [141.317214, 40.69296], [141.317275, 40.693581], [141.318466, 40.696002], [141.31858, 40.696689], [141.317915, 40.699069], [141.31804, 40.699412], [141.318892, 40.699583], [141.319506, 40.699365], [141.323302, 40.700966], [141.324701, 40.700656], [141.322701, 40.698262], [141.322789, 40.697404], [141.322476, 40.696261], [141.325571, 40.692623], [141.325984, 40.692395], [141.329992, 40.691843], [141.331633, 40.692433], [141.3331, 40.692042], [141.336419, 40.690982], [141.339991, 40.688847], [141.340668, 40.68836], [141.339717, 40.68713], [141.335982, 40.684755], [141.334378, 40.68221], [141.333277, 40.678971], [141.333353, 40.678303], [141.333841, 40.677712], [141.33379, 40.676644], [141.332553, 40.674844], [141.333015, 40.671638], [141.333552, 40.671399], [141.333541, 40.670913], [141.334254, 40.669779], [141.336227, 40.668987], [141.336175, 40.668576], [141.336649, 40.668002], [141.339875, 40.664947], [141.341822, 40.663551], [141.34399, 40.661137], [141.344674, 40.660986], [141.345227, 40.661719], [141.346641, 40.662959], [141.347128, 40.663236], [141.347694, 40.663146], [141.348853, 40.66351], [141.350806, 40.664432], [141.351215, 40.66493], [141.351823, 40.665004], [141.352021, 40.663861], [141.35332, 40.664351], [141.35486, 40.664253], [141.355061, 40.663704], [141.355842, 40.663822]]]]}}, {"type": "Feature", "properties": {"N03_001": "青森県", "N03_002": null, "N03_003": "上北郡", "N03_004": "横浜町", "N03_007": "02406", "id": "gci:02406A1968", "code": "02406", "name": "横浜町"}, "geometry": {"type": "MultiPolygon", "coordinates": [[[[141.322955, 41.154107], [141.324474, 41.152923], [141.324389, 41.151987], [141.325584, 41.150641], [141.32712, 41.149748], [141.327026, 41.149346], [141.325827, 41.148403], [141.325405, 41.147542], [141.325527, 41.147056], [141.326244, 41.14596], [141.325807, 41.145002], [141.32591, 41.144516], [141.325527, 41.142572], [141.326449, 41.141614], [141.326338, 41.141037], [141.326563, 41.138558], [141.327289, 41.137678], [141.327232, 41.136888], [141.326358, 41.13629], [141.327466, 41.135549], [141.327914, 41.1348], [141.328716, 41.133995], [141.329815, 41.133257], [141.330663, 41.132931], [141.330709, 41.132044], [141.330989, 41.131221], [141.331577, 41.130206], [141.332014, 41.129925], [141.33341, 41.129684], [141.332416, 41.127594], [141.333941, 41.126186], [141.334112, 41.125741], [141.333738, 41.123973], [141.333915, 41.123434], [141.332265, 41.122898], [141.331083, 41.122884], [141.329478, 41.122341], [141.328257, 41.122404], [141.327717, 41.121777], [141.327214, 41.12013], [141.326646, 41.119574], [141.325313, 41.117502], [141.325239, 41.116748], [141.325958, 41.115707], [141.326423, 41.1142], [141.327112, 41.113678], [141.328342, 41.112353], [141.331065, 41.110876], [141.331976, 41.110792], [141.332864, 41.110172], [141.333729, 41.109805], [141.334389, 41.108981], [141.335034, 41.108731], [141.336833, 41.109154], [141.338203, 41.108258], [141.339479, 41.108033], [141.339982, 41.107638], [141.340887, 41.107569], [141.342665, 41.106953], [141.344204, 41.107151], [141.345649, 41.106573], [141.347576, 41.106439], [141.347605, 41.10528], [141.347856, 41.104618], [141.348769, 41.103702], [141.349626, 41.103406], [141.350522, 41.102469], [141.351984, 41.101843], [141.351873, 41.100977], [141.352098, 41.099602], [141.351119, 41.098609], [141.351165, 41.097421], [141.351976, 41.096666], [141.353077, 41.09594], [141.352703, 41.094932], [141.351696, 41.094764], [141.35069, 41.09389], [141.348883, 41.093777], [141.347513, 41.093532], [141.345946, 41.092905], [141.345546, 41.092165], [141.344718, 41.091165], [141.344661, 41.090234], [141.344318, 41.088932], [141.345069, 41.087974], [141.344912, 41.086593], [141.345137, 41.085898], [141.34472, 41.085393], [141.344053, 41.083782], [141.343474, 41.083295], [141.34331, 41.082552], [141.343688, 41.080813], [141.344204, 41.08026], [141.345552, 41.079497], [141.345944, 41.078314], [141.34564, 41.077514], [141.345891, 41.076723], [141.345603, 41.075922], [141.34578, 41.074959], [141.344949, 41.074463], [141.343588, 41.074168], [141.342895, 41.073795], [141.340858, 41.073046], [141.340139, 41.073055], [141.339007, 41.072441], [141.338793, 41.071936], [141.339422, 41.070759], [141.340543, 41.069871], [141.341789, 41.069433], [141.342106, 41.068446], [141.342899, 41.067949], [141.343653, 41.066529], [141.344322, 41.064624], [141.343767, 41.063327], [141.34295, 41.062546], [141.342799, 41.060973], [141.343151, 41.059775], [141.341966, 41.058993], [141.341501, 41.057659], [141.340178, 41.057668], [141.338026, 41.057116], [141.337132, 41.058459], [141.335451, 41.059003], [141.33282, 41.058478], [141.331775, 41.058936], [141.328878, 41.058984], [141.328211, 41.057992], [141.327311, 41.057652], [141.327009, 41.056623], [141.325473, 41.05627], [141.32497, 41.055508], [141.324994, 41.055002], [141.325964, 41.05404], [141.325346, 41.052657], [141.325322, 41.050856], [141.32551, 41.05035], [141.324642, 41.04812], [141.324708, 41.047627], [141.324054, 41.04655], [141.323851, 41.045567], [141.324242, 41.044871], [141.322341, 41.043928], [141.320942, 41.042869], [141.318645, 41.04205], [141.317826, 41.041858], [141.317474, 41.041239], [141.31663, 41.040705], [141.316831, 41.040191], [141.317775, 41.039313], [141.317548, 41.038967], [141.317196, 41.037346], [141.31736, 41.037195], [141.319436, 41.037175], [141.319915, 41.037052], [141.320346, 41.034973], [141.320597, 41.034268], [141.320144, 41.032923], [141.320949, 41.032485], [141.32144, 41.031951], [141.321668, 41.030416], [141.321113, 41.028543], [141.319841, 41.027981], [141.317122, 41.026217], [141.315572, 41.025446], [141.314766, 41.024826], [141.312731, 41.02197], [141.31243, 41.02094], [141.310314, 41.020205], [141.308527, 41.019129], [141.304114, 41.017994], [141.302488, 41.017193], [141.302049, 41.016545], [141.301494, 41.016278], [141.300764, 41.014753], [141.300187, 41.012825], [141.299785, 41.010364], [141.299042, 41.009245], [141.298666, 41.007234], [141.298124, 41.006052], [141.297809, 41.004889], [141.296795, 41.004262], [141.293974, 41.003204], [141.290864, 41.004042], [141.290538, 41.003738], [141.288434, 41.003756], [141.28759, 41.001635], [141.286932, 41.000219], [141.287533, 41.000086], [141.287551, 40.999588], [141.285509, 40.998385], [141.282985, 40.998126], [141.28375, 40.994674], [141.273109, 40.994307], [141.270793, 40.989514], [141.270122, 40.98824], [141.26836, 40.986472], [141.267759, 40.985702], [141.267029, 40.985307], [141.265163, 40.983686], [141.263672, 40.982131], [141.26376, 40.981427], [141.264413, 40.97848], [141.264577, 40.976595], [141.264896, 40.97433], [141.264673, 40.973919], [141.262803, 40.972669], [141.261979, 40.97107], [141.260691, 40.970616], [141.259658, 40.971217], [141.259037, 40.971261], [141.256574, 40.971054], [141.255473, 40.970415], [141.255339, 40.969358], [141.253475, 40.969548], [141.251336, 40.969453], [141.249622, 40.969541], [141.248606, 40.969864], [141.247476, 40.969944], [141.245004, 40.970518], [141.244425, 40.970548], [141.242338, 40.971034], [141.241532, 40.971454], [141.23986, 40.972007], [141.235382, 40.971959], [141.234453, 40.971653], [141.23371, 40.97191], [141.232665, 40.971864], [141.231761, 40.971473], [141.229131, 40.97132], [141.228012, 40.971806], [141.226227, 40.971767], [141.225547, 40.971205], [141.224251, 40.971233], [141.223648, 40.970948], [141.222239, 40.971462], [141.220986, 40.971406], [141.221688, 40.972774], [141.221795, 40.973325], [141.22284, 40.975675], [141.223204, 40.976691], [141.22499, 40.980972], [141.225875, 40.983333], [141.226251, 40.98405], [141.227763, 40.988361], [141.229, 40.991527], [141.230489, 40.996075], [141.230716, 40.996503], [141.231264, 40.998587], [141.231555, 40.999182], [141.232106, 41.001094], [141.232512, 41.003328], [141.233059, 41.004755], [141.23322, 41.005605], [141.234138, 41.008339], [141.235681, 41.014617], [141.236011, 41.015783], [141.236265, 41.017478], [141.236512, 41.018236], [141.237427, 41.021917], [141.23866, 41.028577], [141.239241, 41.031163], [141.239311, 41.032469], [141.239672, 41.034372], [141.239849, 41.036028], [141.239528, 41.037102], [141.240024, 41.037454], [141.24088, 41.041698], [141.241125, 41.044241], [141.241838, 41.049217], [141.242321, 41.055199], [141.242209, 41.057901], [141.241453, 41.058939], [141.240024, 41.059149], [141.239652, 41.058699], [141.239652, 41.059893], [141.240015, 41.059273], [141.240706, 41.059145], [141.241768, 41.059531], [141.242441, 41.060213], [141.242786, 41.061696], [141.242694, 41.063603], [141.242889, 41.064747], [141.242747, 41.069051], [141.242406, 41.069668], [141.242401, 41.071181], [141.242718, 41.073079], [141.242622, 41.07486], [141.242327, 41.076057], [141.24241, 41.078202], [141.242017, 41.078932], [141.241873, 41.081907], [141.24208, 41.083273], [141.242493, 41.083932], [141.242948, 41.083533], [141.243807, 41.083937], [141.243966, 41.084506], [141.245216, 41.085969], [141.244873, 41.08654], [141.245575, 41.087495], [141.246344, 41.087238], [141.247238, 41.089334], [141.247039, 41.090253], [141.246976, 41.092098], [141.247054, 41.09312], [141.247837, 41.093962], [141.247146, 41.100435], [141.246613, 41.101926], [141.246372, 41.103784], [141.246473, 41.104644], [141.247091, 41.105455], [141.247631, 41.106526], [141.247789, 41.107384], [141.248219, 41.108381], [141.24842, 41.110194], [141.249203, 41.111545], [141.250002, 41.112121], [141.251051, 41.113723], [141.251366, 41.113686], [141.251993, 41.114715], [141.25172, 41.11379], [141.252306, 41.113542], [141.25346, 41.113866], [141.253613, 41.114712], [141.252699, 41.115008], [141.253997, 41.114853], [141.254356, 41.115606], [141.254647, 41.117196], [141.254491, 41.118574], [141.254216, 41.119081], [141.254896, 41.120662], [141.256395, 41.121832], [141.25818, 41.122388], [141.258631, 41.122928], [141.259129, 41.124108], [141.259048, 41.125168], [141.25926, 41.125578], [141.260436, 41.126844], [141.260132, 41.126273], [141.260593, 41.126109], [141.262272, 41.126232], [141.262328, 41.125836], [141.263342, 41.125917], [141.264772, 41.126368], [141.265576, 41.127274], [141.266531, 41.127962], [141.267023, 41.128952], [141.267278, 41.130455], [141.268155, 41.130957], [141.26911, 41.131273], [141.270266, 41.132284], [141.271179, 41.13422], [141.27227, 41.1348], [141.273039, 41.136324], [141.273413, 41.13815], [141.273771, 41.138703], [141.273658, 41.140174], [141.273889, 41.141048], [141.2747, 41.14207], [141.275498, 41.144106], [141.275629, 41.145943], [141.276667, 41.147594], [141.276326, 41.150699], [141.277041, 41.150362], [141.277366, 41.151524], [141.277832, 41.152094], [141.278542, 41.151983], [141.278662, 41.152905], [141.279316, 41.152828], [141.279408, 41.15336], [141.280155, 41.153218], [141.281141, 41.153797], [141.280927, 41.154205], [141.281403, 41.154451], [141.282037, 41.154205], [141.282828, 41.155058], [141.283824, 41.155223], [141.285643, 41.156851], [141.28731, 41.156795], [141.287972, 41.157831], [141.288764, 41.157168], [141.289937, 41.157401], [141.290674, 41.157204], [141.291187, 41.156696], [141.292361, 41.156146], [141.294076, 41.155767], [141.295184, 41.154886], [141.296406, 41.154632], [141.297962, 41.154787], [141.298613, 41.154495], [141.299901, 41.154348], [141.301065, 41.153988], [141.302379, 41.153383], [141.304977, 41.152452], [141.307161, 41.152275], [141.308791, 41.152409], [141.31057, 41.151691], [141.311986, 41.152007], [141.313094, 41.152007], [141.313579, 41.15229], [141.314287, 41.152233], [141.315509, 41.152557], [141.316777, 41.152627], [141.317316, 41.152402], [141.318639, 41.152508], [141.319312, 41.152846], [141.320214, 41.152966], [141.320905, 41.153347], [141.32193, 41.153615], [141.322955, 41.154107]]]]}}, {"type": "Feature", "properties": {"N03_001": "青森県", "N03_002": null, "N03_003": "上北郡", "N03_004": "東北町", "N03_007": "02408", "id": "gci:02408A1968", "code": "02408", "name": "東北町"}, "geometry": {"type": "MultiPolygon", "coordinates": [[[[141.212843, 40.724185], [141.212717, 40.725489], [141.213628, 40.725501], [141.21318, 40.724173], [141.212843, 40.724185]]], [[[141.36773, 40.83865], [141.367969, 40.836363], [141.367459, 40.835663], [141.367007, 40.834489], [141.367108, 40.834204], [141.366657, 40.833394], [141.366507, 40.832555], [141.365967, 40.831658], [141.366795, 40.830831], [141.366043, 40.830135], [141.365866, 40.829411], [141.365215, 40.828858], [141.36549, 40.82798], [141.36608, 40.827456], [141.3644, 40.825074], [141.363646, 40.824542], [141.363572, 40.823712], [141.362217, 40.820937], [141.361495, 40.819654], [141.36058, 40.819071], [141.358986, 40.816097], [141.35797, 40.815344], [141.357218, 40.815029], [141.356064, 40.813973], [141.35516, 40.813945], [141.354334, 40.813505], [141.353567, 40.813467], [141.353191, 40.813726], [141.352603, 40.813125], [141.351322, 40.812352], [141.35038, 40.810655], [141.349753, 40.810159], [141.349554, 40.808958], [141.349021, 40.807798], [141.34828, 40.806596], [141.34774, 40.804059], [141.348142, 40.801555], [141.348129, 40.797636], [141.347887, 40.796075], [141.348514, 40.794979], [141.348713, 40.793816], [141.3484, 40.791359], [141.348625, 40.790576], [141.348313, 40.788841], [141.348853, 40.788031], [141.348789, 40.786991], [141.348903, 40.785621], [141.348638, 40.784906], [141.349054, 40.7838], [141.348802, 40.782341], [141.348061, 40.779588], [141.348815, 40.77793], [141.349744, 40.777424], [141.350636, 40.777243], [141.351626, 40.776737], [141.353859, 40.775377], [141.355439, 40.77451], [141.356217, 40.773565], [141.357133, 40.771659], [141.357948, 40.768391], [141.358226, 40.766198], [141.35872, 40.761443], [141.359397, 40.756822], [141.35971, 40.751547], [141.359559, 40.748344], [141.359646, 40.745744], [141.359535, 40.744142], [141.35926, 40.743903], [141.35941, 40.742731], [141.359133, 40.740219], [141.35842, 40.73615], [141.357819, 40.734099], [141.356266, 40.730428], [141.354736, 40.727854], [141.353245, 40.725989], [141.352907, 40.725236], [141.351416, 40.723444], [141.349637, 40.721965], [141.34757, 40.720812], [141.34628, 40.720582], [141.345854, 40.720897], [141.344213, 40.721237], [141.342395, 40.721961], [141.341931, 40.722629], [141.339715, 40.723248], [141.337698, 40.724249], [141.336745, 40.722333], [141.332234, 40.723753], [141.330294, 40.724812], [141.328552, 40.725202], [141.326358, 40.724049], [141.32577, 40.723877], [141.324367, 40.72382], [141.321847, 40.724506], [141.320219, 40.72379], [141.318278, 40.722437], [141.316624, 40.72176], [141.313931, 40.719483], [141.310096, 40.716547], [141.310874, 40.715147], [141.310461, 40.715051], [141.310786, 40.714251], [141.310434, 40.714155], [141.310297, 40.712735], [141.310485, 40.711782], [141.311062, 40.711143], [141.310723, 40.710477], [141.311549, 40.710181], [141.312314, 40.7102], [141.312364, 40.710771], [141.31323, 40.71019], [141.31373, 40.710667], [141.315634, 40.711163], [141.316812, 40.711802], [141.318704, 40.713374], [141.318866, 40.713164], [141.320446, 40.712593], [141.321134, 40.712526], [141.323353, 40.713089], [141.326723, 40.713279], [141.33063, 40.713242], [141.331657, 40.712937], [141.331872, 40.713852], [141.33162, 40.715272], [141.331972, 40.715873], [141.33256, 40.715778], [141.332999, 40.716608], [141.332912, 40.717591], [141.333651, 40.718629], [141.334566, 40.718934], [141.335215, 40.720126], [141.336044, 40.720736], [141.33737, 40.720974], [141.338222, 40.72084], [141.339263, 40.720431], [141.340642, 40.720393], [141.341293, 40.720641], [141.342169, 40.720516], [141.343223, 40.720077], [141.343572, 40.719316], [141.342871, 40.718086], [141.34232, 40.715331], [141.34187, 40.714455], [141.340991, 40.713481], [141.340679, 40.712577], [141.340078, 40.711948], [141.33791, 40.712614], [141.337108, 40.712309], [141.33643, 40.711472], [141.336406, 40.711111], [141.335692, 40.710196], [141.33558, 40.709633], [141.334177, 40.70807], [141.332473, 40.707669], [141.331334, 40.70724], [141.330167, 40.706525], [141.328252, 40.706444], [141.327249, 40.704804], [141.32686, 40.703001], [141.326384, 40.70262], [141.32577, 40.702735], [141.324701, 40.700656], [141.323302, 40.700966], [141.319506, 40.699365], [141.318892, 40.699583], [141.31804, 40.699412], [141.317915, 40.699069], [141.31858, 40.696689], [141.318466, 40.696002], [141.317275, 40.693581], [141.317214, 40.69296], [141.316637, 40.692589], [141.316462, 40.69135], [141.315509, 40.69053], [141.314156, 40.690872], [141.313468, 40.690463], [141.312015, 40.690053], [141.311702, 40.68971], [141.310448, 40.689443], [141.309947, 40.689132], [141.307567, 40.68857], [141.306641, 40.687675], [141.304473, 40.686311], [141.303946, 40.686206], [141.301892, 40.684945], [141.301566, 40.684336], [141.301465, 40.683382], [141.3006, 40.682762], [141.29886, 40.682515], [141.297619, 40.682725], [141.296454, 40.682467], [141.295364, 40.682487], [141.293185, 40.681858], [141.291981, 40.681848], [141.290953, 40.681562], [141.290202, 40.681009], [141.289137, 40.678988], [141.288573, 40.678645], [141.288346, 40.6777], [141.287483, 40.676213], [141.28658, 40.675405], [141.284891, 40.674413], [141.284327, 40.673842], [141.28226, 40.673317], [141.281643, 40.672935], [141.281206, 40.672325], [141.280041, 40.671849], [141.278337, 40.67138], [141.276558, 40.670264], [141.276357, 40.669798], [141.274947, 40.669003], [141.274982, 40.668359], [141.274464, 40.667897], [141.270734, 40.664986], [141.269927, 40.66449], [141.270895, 40.666866], [141.271593, 40.668995], [141.270382, 40.669521], [141.269479, 40.669702], [141.268415, 40.670598], [141.267086, 40.671228], [141.266922, 40.672538], [141.266398, 40.673959], [141.266472, 40.67582], [141.266874, 40.676792], [141.266972, 40.678928], [141.266559, 40.679518], [141.265344, 40.680763], [141.264868, 40.681935], [141.264831, 40.68305], [141.26423, 40.683623], [141.263616, 40.685156], [141.263804, 40.685948], [141.26364, 40.687244], [141.264029, 40.688903], [141.264418, 40.688989], [141.264643, 40.689732], [141.265921, 40.690712], [141.26626, 40.691618], [141.266133, 40.693105], [141.265808, 40.693869], [141.265657, 40.69488], [141.263891, 40.69508], [141.263039, 40.694775], [141.262512, 40.695175], [141.263113, 40.696091], [141.265493, 40.697797], [141.266684, 40.69939], [141.267298, 40.700777], [141.266909, 40.701214], [141.265344, 40.701568], [141.264291, 40.700282], [141.263589, 40.699824], [141.260394, 40.701119], [141.259055, 40.700271], [141.257763, 40.699899], [141.257551, 40.699365], [141.256334, 40.699223], [141.251449, 40.701672], [141.24953, 40.699355], [141.247376, 40.700423], [141.244211, 40.696613], [141.241811, 40.695733], [141.239923, 40.698499], [141.236245, 40.696033], [141.235996, 40.694236], [141.231498, 40.694767], [141.230878, 40.691679], [141.229776, 40.691849], [141.229171, 40.690924], [141.227263, 40.691548], [141.224461, 40.691757], [141.223189, 40.691537], [141.216928, 40.689813], [141.2153, 40.689321], [141.214557, 40.68938], [141.212557, 40.690416], [141.211073, 40.690424], [141.210245, 40.692506], [141.209965, 40.692808], [141.208298, 40.691583], [141.207642, 40.690974], [141.206919, 40.68984], [141.204576, 40.688645], [141.203448, 40.688308], [141.200727, 40.688344], [141.198404, 40.688791], [141.197469, 40.689312], [141.194934, 40.689334], [141.194107, 40.689105], [141.192499, 40.68799], [141.191988, 40.68782], [141.190359, 40.686486], [141.188904, 40.685841], [141.188124, 40.685856], [141.183665, 40.685331], [141.183126, 40.6855], [141.179515, 40.684771], [141.179131, 40.684339], [141.176799, 40.683802], [141.17488, 40.683056], [141.172828, 40.683132], [141.172749, 40.683418], [141.171805, 40.684276], [141.170957, 40.685785], [141.17382, 40.686651], [141.174427, 40.686973], [141.175197, 40.687795], [141.175767, 40.688741], [141.175951, 40.689577], [141.175728, 40.690625], [141.175352, 40.69091], [141.1746, 40.692972], [141.174552, 40.694473], [141.173184, 40.695052], [141.172489, 40.695543], [141.172585, 40.697935], [141.173313, 40.698287], [141.174209, 40.697678], [141.175935, 40.698184], [141.176187, 40.698762], [141.177052, 40.699628], [141.175723, 40.699988], [141.176195, 40.700978], [141.175916, 40.701645], [141.176965, 40.701931], [141.177767, 40.70133], [141.178276, 40.701344], [141.179163, 40.702672], [141.180022, 40.703601], [141.179163, 40.7068], [141.17927, 40.706939], [141.181111, 40.707398], [141.184609, 40.70849], [141.183886, 40.709897], [141.185873, 40.710542], [141.185545, 40.71117], [141.187042, 40.711601], [141.196319, 40.714473], [141.197436, 40.714973], [141.197244, 40.715677], [141.197746, 40.716138], [141.198872, 40.716616], [141.201081, 40.717129], [141.201665, 40.717763], [141.202694, 40.718056], [141.203369, 40.717375], [141.2039, 40.717544], [141.204709, 40.716597], [141.204661, 40.716956], [141.205076, 40.718424], [141.206339, 40.720081], [141.207168, 40.720771], [141.209274, 40.721922], [141.209312, 40.723029], [141.210122, 40.722999], [141.21125, 40.721789], [141.213853, 40.721524], [141.213702, 40.723369], [141.214456, 40.723429], [141.214406, 40.725783], [141.218545, 40.7259], [141.218528, 40.726568], [141.219885, 40.726289], [141.221699, 40.726392], [141.221718, 40.726011], [141.224031, 40.726143], [141.224118, 40.726612], [141.225222, 40.726792], [141.225278, 40.727143], [141.226341, 40.727393], [141.226349, 40.727752], [141.227689, 40.727952], [141.229558, 40.729579], [141.230465, 40.729623], [141.233795, 40.730807], [141.234538, 40.730865], [141.235675, 40.730542], [141.237178, 40.731165], [141.238378, 40.731829], [141.239997, 40.733253], [141.241182, 40.734147], [141.242281, 40.735906], [141.243717, 40.736793], [141.244076, 40.737455], [141.244161, 40.739711], [141.243197, 40.739395], [141.243284, 40.740407], [141.244239, 40.740451], [141.245704, 40.742807], [141.246665, 40.743978], [141.248744, 40.745704], [141.247129, 40.747163], [141.246565, 40.748545], [141.24615, 40.750663], [141.247504, 40.751384], [141.248193, 40.751996], [141.248582, 40.752688], [141.250114, 40.752915], [141.251858, 40.753669], [141.255283, 40.753497], [141.256463, 40.753058], [141.257013, 40.752405], [141.258078, 40.750648], [141.259393, 40.750743], [141.261024, 40.750705], [141.262575, 40.750505], [141.266297, 40.749494], [141.267563, 40.74939], [141.270858, 40.749782], [141.271518, 40.753469], [141.263026, 40.754144], [141.253888, 40.754897], [141.253694, 40.754891], [141.254961, 40.764802], [141.256987, 40.764686], [141.256998, 40.770216], [141.255682, 40.770054], [141.253549, 40.770101], [141.255381, 40.772806], [141.25523, 40.773817], [141.252758, 40.774762], [141.251906, 40.773513], [141.24809, 40.775942], [141.247828, 40.775629], [141.247089, 40.775914], [141.246132, 40.775808], [141.244253, 40.77591], [141.243308, 40.775601], [141.240137, 40.774917], [141.238765, 40.775325], [141.238358, 40.774875], [141.237961, 40.775132], [141.238166, 40.775685], [141.237648, 40.775887], [141.23678, 40.775761], [141.236588, 40.774518], [141.237392, 40.772794], [141.237423, 40.771888], [141.238007, 40.771033], [141.237845, 40.770566], [141.238444, 40.769966], [141.238205, 40.769431], [141.236435, 40.770232], [141.235144, 40.771062], [141.234689, 40.770527], [141.234401, 40.768938], [141.233557, 40.768824], [141.232285, 40.768182], [141.230998, 40.767351], [141.230379, 40.766636], [141.229914, 40.765643], [141.229123, 40.764684], [141.229271, 40.764352], [141.22883, 40.763955], [141.228312, 40.76401], [141.228071, 40.763563], [141.228067, 40.761546], [141.226699, 40.761291], [141.22789, 40.7602], [141.227811, 40.759835], [141.229278, 40.758254], [141.228522, 40.757973], [141.22857, 40.757718], [141.224483, 40.75704], [141.224612, 40.757423], [141.223849, 40.757241], [141.223432, 40.756848], [141.222468, 40.756884], [141.220894, 40.756615], [141.220387, 40.756727], [141.218705, 40.756643], [141.218519, 40.757332], [141.218139, 40.757378], [141.216423, 40.758273], [141.213523, 40.760213], [141.212644, 40.760903], [141.208966, 40.763267], [141.206427, 40.763772], [141.204724, 40.764596], [141.204324, 40.764375], [141.203424, 40.764965], [141.202843, 40.765633], [141.202576, 40.766455], [141.201855, 40.767581], [141.201228, 40.768207], [141.200461, 40.768606], [141.19987, 40.767998], [141.199816, 40.767087], [141.199394, 40.766142], [141.198264, 40.765447], [141.198406, 40.764438], [141.199551, 40.764078], [141.199825, 40.762416], [141.200904, 40.76256], [141.200812, 40.76165], [141.201378, 40.76097], [141.200998, 40.760514], [141.201284, 40.759976], [141.200852, 40.759713], [141.199759, 40.761993], [141.19937, 40.761903], [141.199079, 40.762367], [141.198867, 40.763533], [141.199151, 40.76383], [141.198421, 40.764117], [141.196391, 40.764385], [141.196125, 40.764039], [141.195266, 40.764201], [141.19527, 40.764599], [141.193952, 40.764795], [141.19371, 40.764623], [141.192658, 40.764866], [141.192055, 40.764783], [141.190604, 40.765486], [141.19015, 40.766178], [141.189317, 40.766522], [141.187938, 40.76679], [141.186823, 40.767648], [141.185436, 40.768321], [141.186126, 40.76903], [141.186535, 40.769764], [141.186957, 40.771389], [141.187145, 40.772688], [141.187818, 40.774294], [141.187905, 40.775265], [141.188484, 40.776266], [141.189007, 40.778429], [141.189643, 40.779085], [141.188694, 40.780126], [141.187634, 40.78331], [141.186992, 40.784103], [141.184955, 40.785054], [141.183864, 40.784997], [141.182848, 40.785148], [141.181185, 40.785852], [141.180145, 40.786052], [141.177419, 40.785637], [141.176359, 40.785744], [141.176014, 40.786053], [141.173564, 40.785734], [141.171663, 40.785165], [141.16892, 40.785299], [141.168535, 40.787581], [141.167366, 40.787433], [141.164836, 40.787363], [141.162624, 40.786827], [141.161833, 40.792239], [141.161706, 40.794255], [141.160694, 40.793944], [141.158806, 40.794061], [141.157103, 40.794465], [141.156367, 40.794984], [141.154195, 40.795361], [141.152691, 40.795375], [141.151218, 40.795881], [141.151107, 40.796364], [141.148788, 40.796943], [141.147706, 40.796758], [141.147046, 40.796984], [141.146609, 40.797517], [141.145698, 40.797738], [141.14573, 40.798107], [141.145009, 40.798644], [141.145055, 40.798977], [141.144437, 40.799037], [141.142745, 40.799634], [141.142398, 40.799585], [141.140979, 40.800389], [141.140422, 40.800061], [141.140509, 40.799674], [141.138698, 40.799223], [141.137561, 40.799146], [141.137498, 40.799796], [141.137937, 40.801559], [141.137677, 40.802136], [141.136862, 40.802804], [141.135907, 40.802857], [141.135404, 40.804016], [141.13335, 40.804344], [141.13298, 40.803885], [141.132056, 40.803944], [141.129029, 40.80364], [141.128002, 40.803701], [141.124687, 40.803351], [141.123314, 40.803387], [141.123319, 40.802279], [141.122781, 40.802422], [141.122038, 40.802199], [141.119122, 40.802163], [141.118432, 40.802508], [141.117164, 40.803501], [141.11643, 40.803729], [141.114721, 40.803919], [141.111078, 40.804012], [141.109423, 40.803734], [141.107398, 40.805212], [141.106019, 40.805641], [141.104047, 40.804624], [141.101868, 40.805295], [141.100076, 40.805337], [141.099705, 40.805536], [141.098988, 40.807243], [141.098284, 40.807484], [141.096411, 40.806376], [141.095404, 40.805032], [141.093979, 40.803445], [141.092429, 40.802156], [141.090994, 40.801232], [141.089309, 40.800726], [141.088266, 40.800643], [141.085818, 40.801026], [141.082778, 40.801745], [141.080997, 40.802445], [141.079352, 40.802912], [141.078602, 40.802884], [141.07698, 40.802445], [141.075481, 40.802445], [141.074546, 40.802669], [141.072371, 40.802323], [141.070026, 40.802567], [141.068674, 40.801782], [141.066916, 40.801642], [141.066486, 40.801175], [141.063144, 40.800242], [141.061639, 40.800643], [141.059685, 40.799878], [141.058874, 40.799858], [141.057757, 40.800653], [141.056184, 40.800586], [141.055336, 40.800783], [141.05477, 40.799681], [141.053303, 40.798701], [141.052184, 40.798944], [141.051079, 40.799466], [141.049088, 40.799625], [141.047798, 40.79997], [141.047355, 40.799905], [141.046089, 40.799177], [141.045082, 40.799794], [141.044701, 40.801398], [141.044247, 40.801847], [141.042391, 40.801875], [141.041862, 40.802156], [141.041113, 40.803444], [141.040733, 40.803762], [141.039775, 40.803817], [141.038263, 40.803378], [141.037476, 40.802192], [141.036764, 40.801706], [141.035057, 40.801389], [141.033042, 40.800287], [141.031541, 40.799886], [141.03035, 40.799214], [141.028667, 40.799839], [141.027782, 40.800886], [141.027255, 40.801137], [141.026282, 40.801136], [141.025743, 40.80137], [141.022832, 40.801931], [141.021503, 40.801445], [141.019322, 40.801884], [141.018511, 40.802333], [141.016621, 40.802397], [141.016177, 40.802556], [141.0156, 40.803453], [141.014739, 40.804115], [141.013856, 40.805973], [141.013856, 40.806264], [141.015071, 40.80714], [141.015108, 40.807664], [141.01308, 40.808532], [141.010858, 40.809718], [141.010243, 40.810484], [141.009393, 40.812351], [141.008252, 40.813471], [141.00787, 40.814126], [141.007551, 40.815629], [141.006705, 40.816606], [141.007361, 40.817528], [141.008196, 40.818276], [141.009409, 40.81893], [141.01009, 40.819102], [141.012768, 40.819352], [141.014359, 40.818833], [141.016734, 40.81985], [141.016481, 40.820522], [141.016507, 40.821463], [141.016885, 40.822174], [141.017844, 40.82344], [141.019134, 40.824862], [141.020093, 40.825667], [141.020143, 40.825955], [141.019335, 40.828451], [141.018904, 40.830352], [141.018931, 40.831197], [141.019486, 40.83254], [141.01834, 40.836006], [141.018069, 40.837155], [141.020128, 40.837274], [141.022451, 40.836782], [141.026385, 40.837636], [141.02937, 40.838584], [141.030522, 40.838577], [141.031593, 40.838847], [141.033669, 40.838889], [141.035291, 40.839152], [141.038082, 40.840147], [141.039402, 40.840386], [141.039968, 40.839146], [141.040918, 40.838244], [141.041576, 40.836835], [141.042315, 40.836312], [141.043276, 40.834524], [141.04386, 40.834279], [141.044384, 40.83335], [141.045291, 40.832906], [141.045965, 40.833416], [141.0469, 40.833801], [141.048681, 40.833967], [141.051216, 40.83396], [141.053067, 40.834797], [141.055382, 40.834916], [141.057875, 40.835241], [141.059412, 40.835308], [141.06229, 40.834943], [141.063085, 40.834552], [141.06373, 40.8339], [141.065765, 40.833503], [141.067537, 40.833451], [141.067738, 40.832508], [141.068545, 40.832222], [141.070887, 40.832143], [141.072614, 40.831432], [141.074428, 40.8313], [141.075684, 40.830517], [141.07674, 40.830278], [141.077536, 40.830357], [141.078191, 40.830677], [141.081662, 40.830902], [141.083758, 40.830902], [141.084734, 40.831267], [141.086332, 40.832269], [141.087908, 40.832668], [141.089438, 40.833729], [141.090222, 40.834061], [141.092449, 40.834054], [141.093734, 40.834247], [141.096291, 40.835303], [141.098208, 40.835568], [141.099499, 40.836008], [141.102782, 40.836755], [141.105251, 40.837436], [141.107771, 40.838213], [141.110566, 40.838763], [141.111959, 40.839534], [141.113989, 40.840104], [141.115158, 40.840629], [141.116091, 40.840721], [141.117794, 40.840558], [141.11949, 40.841195], [141.12027, 40.840613], [141.12145, 40.840481], [141.123096, 40.840894], [141.124112, 40.840398], [141.1269, 40.84242], [141.127705, 40.840856], [141.127091, 40.837815], [141.127982, 40.836913], [141.129967, 40.836818], [141.130948, 40.835025], [141.131667, 40.834173], [141.133476, 40.834711], [141.133863, 40.834955], [141.13474, 40.836296], [141.135078, 40.837174], [141.135002, 40.837908], [141.135304, 40.839338], [141.134652, 40.841192], [141.1342, 40.841974], [141.134311, 40.843213], [141.133885, 40.844777], [141.133383, 40.845242], [141.132803, 40.846348], [141.132755, 40.847645], [141.132314, 40.84897], [141.132478, 40.849562], [141.13347, 40.850544], [141.135518, 40.850705], [141.135944, 40.850982], [141.136698, 40.850686], [141.137992, 40.850446], [141.138619, 40.84997], [141.13955, 40.849752], [141.139939, 40.849341], [141.141206, 40.849084], [141.141799, 40.848598], [141.143442, 40.847902], [141.144887, 40.847827], [141.146646, 40.84712], [141.147702, 40.848121], [141.148104, 40.848235], [141.14995, 40.84814], [141.149961, 40.84873], [141.151141, 40.849026], [141.15108, 40.84937], [141.15275, 40.849608], [141.153945, 40.850608], [141.155263, 40.85122], [141.155639, 40.852087], [141.15643, 40.852313], [141.156782, 40.852972], [141.158415, 40.85402], [141.161278, 40.856013], [141.165015, 40.858334], [141.16781, 40.859915], [141.16953, 40.861038], [141.170496, 40.861823], [141.173737, 40.864022], [141.175, 40.86441], [141.177583, 40.865425], [141.186587, 40.86777], [141.188259, 40.86922], [141.189249, 40.869914], [141.191448, 40.870934], [141.192779, 40.870878], [141.194011, 40.870543], [141.194564, 40.869734], [141.195279, 40.869648], [141.199801, 40.878148], [141.202677, 40.883398], [141.203393, 40.886498], [141.204021, 40.887431], [141.205642, 40.888413], [141.207613, 40.88893], [141.208807, 40.890019], [141.21226, 40.892688], [141.213879, 40.893851], [141.214847, 40.894205], [141.216067, 40.895392], [141.217511, 40.896426], [141.21893, 40.898667], [141.218991, 40.899467], [141.219456, 40.899925], [141.220173, 40.899916], [141.220988, 40.89962], [141.222899, 40.899888], [141.224959, 40.903063], [141.224695, 40.905017], [141.225184, 40.90701], [141.22516, 40.907419], [141.224555, 40.908333], [141.224682, 40.910001], [141.225499, 40.912251], [141.226153, 40.912965], [141.227018, 40.914699], [141.230886, 40.917994], [141.232165, 40.919673], [141.232392, 40.920807], [141.232794, 40.920942], [141.232593, 40.921541], [141.234127, 40.923418], [141.234503, 40.924123], [141.23439, 40.924905], [141.233019, 40.929141], [141.232453, 40.931615], [141.234202, 40.931042], [141.235358, 40.930241], [141.236754, 40.929564], [141.239659, 40.928481], [141.242377, 40.927805], [141.242439, 40.927119], [141.242841, 40.926795], [141.246058, 40.925177], [141.248291, 40.92461], [141.249721, 40.923914], [141.25316, 40.924288], [141.255929, 40.923965], [141.257536, 40.924501], [141.259358, 40.925337], [141.25992, 40.925887], [141.260917, 40.926122], [141.26145, 40.924912], [141.262029, 40.924071], [141.261574, 40.922817], [141.26235, 40.922737], [141.26169, 40.920089], [141.261137, 40.918917], [141.260838, 40.918831], [141.260624, 40.917839], [141.260838, 40.917305], [141.260309, 40.917344], [141.258777, 40.915046], [141.257634, 40.914808], [141.257621, 40.913749], [141.256718, 40.912659], [141.256541, 40.909922], [141.256113, 40.909141], [141.254784, 40.908578], [141.252546, 40.908311], [141.249419, 40.908515], [141.249557, 40.908106], [141.251668, 40.907516], [141.2533, 40.907505], [141.256089, 40.908372], [141.256504, 40.907678], [141.257295, 40.906838], [141.257308, 40.906314], [141.257909, 40.905608], [141.258502, 40.905389], [141.258677, 40.904436], [141.259229, 40.903226], [141.259406, 40.902387], [141.259256, 40.901874], [141.260737, 40.89971], [141.260838, 40.899071], [141.260209, 40.897374], [141.260613, 40.897374], [141.261655, 40.89478], [141.262018, 40.894676], [141.262647, 40.891395], [141.263565, 40.890565], [141.26477, 40.888665], [141.266854, 40.887168], [141.268601, 40.885786], [141.2685, 40.885348], [141.269317, 40.885015], [141.268577, 40.882228], [141.268952, 40.882125], [141.268727, 40.880465], [141.268188, 40.879101], [141.267608, 40.87702], [141.267497, 40.873959], [141.266743, 40.871146], [141.266529, 40.869877], [141.26692, 40.867585], [141.268137, 40.864258], [141.268301, 40.863467], [141.268402, 40.860688], [141.268614, 40.859726], [141.26869, 40.85651], [141.268177, 40.855088], [141.268325, 40.85383], [141.269018, 40.851228], [141.269783, 40.84933], [141.269809, 40.845707], [141.271365, 40.844988], [141.273903, 40.843663], [141.275699, 40.842813], [141.280887, 40.840187], [141.281779, 40.839806], [141.291388, 40.837356], [141.295257, 40.836413], [141.296607, 40.836014], [141.30579, 40.832162], [141.30798, 40.831579], [141.308577, 40.833141], [141.309128, 40.833934], [141.309718, 40.835757], [141.311119, 40.83775], [141.311068, 40.838151], [141.312502, 40.840649], [141.312828, 40.841574], [141.314598, 40.843284], [141.314574, 40.843837], [141.314034, 40.844285], [141.314047, 40.844656], [141.3151, 40.845896], [141.315553, 40.84685], [141.315439, 40.847317], [141.317037, 40.848393], [141.318392, 40.848994], [141.323403, 40.850375], [141.324321, 40.850251], [141.324848, 40.850805], [141.325538, 40.850956], [141.326242, 40.851595], [141.328427, 40.852445], [141.328816, 40.852052], [141.328541, 40.850737], [141.32888, 40.849717], [141.328038, 40.848697], [141.327184, 40.848878], [141.326292, 40.848516], [141.325827, 40.847619], [141.326631, 40.846886], [141.329271, 40.846432], [141.330764, 40.845822], [141.331078, 40.845337], [141.334356, 40.844012], [141.334584, 40.843612], [141.335198, 40.843621], [141.337735, 40.842678], [141.339505, 40.842373], [141.341177, 40.842477], [141.342961, 40.84243], [141.343839, 40.84265], [141.344969, 40.842668], [141.346567, 40.842315], [141.348173, 40.842373], [141.349731, 40.842745], [141.350798, 40.842801], [141.355759, 40.8445], [141.357518, 40.844643], [141.360407, 40.844347], [141.360822, 40.844081], [141.363095, 40.843536], [141.364603, 40.842768], [141.365444, 40.842701], [141.367365, 40.84107], [141.36773, 40.83865]]]]}}, {"type": "Feature", "properties": {"N03_001": "青森県", "N03_002": null, "N03_003": "上北郡", "N03_004": "六ヶ所村", "N03_007": "02411", "id": "gci:02411A1968", "code": "02411", "name": "六ヶ所村"}, "geometry": {"type": "MultiPolygon", "coordinates": [[[[141.40126, 40.940403], [141.401152, 40.930385], [141.408233, 40.923898], [141.408015, 40.923751], [141.400886, 40.930292], [141.400951, 40.940399], [141.40126, 40.940403]]], [[[141.397767, 41.091917], [141.397809, 41.091046], [141.397079, 41.090546], [141.397265, 41.091137], [141.397009, 41.091526], [141.397767, 41.091917]]], [[[141.402763, 41.102269], [141.40251, 41.102183], [141.401402, 41.104322], [141.401657, 41.104386], [141.402763, 41.102269]]], [[[141.392929, 40.886624], [141.385406, 40.885533], [141.382395, 40.884657], [141.380955, 40.883909], [141.379757, 40.882801], [141.377729, 40.880164], [141.376877, 40.878784], [141.376693, 40.877625], [141.376907, 40.875852], [141.376144, 40.873258], [141.374365, 40.86525], [141.374097, 40.86355], [141.374221, 40.862083], [141.374652, 40.860229], [141.376256, 40.855844], [141.378033, 40.852647], [141.378207, 40.851935], [141.377849, 40.84893], [141.378148, 40.847389], [141.379097, 40.846079], [141.379125, 40.845491], [141.378787, 40.844956], [141.377375, 40.844083], [141.375797, 40.842853], [141.374269, 40.841018], [141.372888, 40.839831], [141.371426, 40.838956], [141.370027, 40.838784], [141.36773, 40.83865], [141.367365, 40.84107], [141.365444, 40.842701], [141.364603, 40.842768], [141.363095, 40.843536], [141.360822, 40.844081], [141.360407, 40.844347], [141.357518, 40.844643], [141.355759, 40.8445], [141.350798, 40.842801], [141.349731, 40.842745], [141.348173, 40.842373], [141.346567, 40.842315], [141.344969, 40.842668], [141.343839, 40.84265], [141.342961, 40.84243], [141.341177, 40.842477], [141.339505, 40.842373], [141.337735, 40.842678], [141.335198, 40.843621], [141.334584, 40.843612], [141.334356, 40.844012], [141.331078, 40.845337], [141.330764, 40.845822], [141.329271, 40.846432], [141.326631, 40.846886], [141.325827, 40.847619], [141.326292, 40.848516], [141.327184, 40.848878], [141.328038, 40.848697], [141.32888, 40.849717], [141.328541, 40.850737], [141.328816, 40.852052], [141.328427, 40.852445], [141.326242, 40.851595], [141.325538, 40.850956], [141.324848, 40.850805], [141.324321, 40.850251], [141.323403, 40.850375], [141.318392, 40.848994], [141.317037, 40.848393], [141.315439, 40.847317], [141.315553, 40.84685], [141.3151, 40.845896], [141.314047, 40.844656], [141.314034, 40.844285], [141.314574, 40.843837], [141.314598, 40.843284], [141.312828, 40.841574], [141.312502, 40.840649], [141.311068, 40.838151], [141.311119, 40.83775], [141.309718, 40.835757], [141.309128, 40.833934], [141.308577, 40.833141], [141.30798, 40.831579], [141.30579, 40.832162], [141.296607, 40.836014], [141.295257, 40.836413], [141.291388, 40.837356], [141.281779, 40.839806], [141.280887, 40.840187], [141.275699, 40.842813], [141.273903, 40.843663], [141.271365, 40.844988], [141.269809, 40.845707], [141.269783, 40.84933], [141.269018, 40.851228], [141.268325, 40.85383], [141.268177, 40.855088], [141.26869, 40.85651], [141.268614, 40.859726], [141.268402, 40.860688], [141.268301, 40.863467], [141.268137, 40.864258], [141.26692, 40.867585], [141.266529, 40.869877], [141.266743, 40.871146], [141.267497, 40.873959], [141.267608, 40.87702], [141.268188, 40.879101], [141.268727, 40.880465], [141.268952, 40.882125], [141.268577, 40.882228], [141.269317, 40.885015], [141.2685, 40.885348], [141.268601, 40.885786], [141.266854, 40.887168], [141.26477, 40.888665], [141.263565, 40.890565], [141.262647, 40.891395], [141.262018, 40.894676], [141.261655, 40.89478], [141.260613, 40.897374], [141.260209, 40.897374], [141.260838, 40.899071], [141.260737, 40.89971], [141.259256, 40.901874], [141.259406, 40.902387], [141.259229, 40.903226], [141.258677, 40.904436], [141.258502, 40.905389], [141.257909, 40.905608], [141.257308, 40.906314], [141.257295, 40.906838], [141.256504, 40.907678], [141.256089, 40.908372], [141.2533, 40.907505], [141.251668, 40.907516], [141.249557, 40.908106], [141.249419, 40.908515], [141.252546, 40.908311], [141.254784, 40.908578], [141.256113, 40.909141], [141.256541, 40.909922], [141.256718, 40.912659], [141.257621, 40.913749], [141.257634, 40.914808], [141.258777, 40.915046], [141.260309, 40.917344], [141.260838, 40.917305], [141.260624, 40.917839], [141.260838, 40.918831], [141.261137, 40.918917], [141.26169, 40.920089], [141.26235, 40.922737], [141.261574, 40.922817], [141.262029, 40.924071], [141.26145, 40.924912], [141.260917, 40.926122], [141.25992, 40.925887], [141.259358, 40.925337], [141.257536, 40.924501], [141.255929, 40.923965], [141.25316, 40.924288], [141.249721, 40.923914], [141.248291, 40.92461], [141.246058, 40.925177], [141.242841, 40.926795], [141.242439, 40.927119], [141.242377, 40.927805], [141.239659, 40.928481], [141.236754, 40.929564], [141.235358, 40.930241], [141.234202, 40.931042], [141.232453, 40.931615], [141.232578, 40.934462], [141.233094, 40.935625], [141.233998, 40.93716], [141.235181, 40.937465], [141.234654, 40.938714], [141.232779, 40.940526], [141.234326, 40.941737], [141.234704, 40.942986], [141.235948, 40.943787], [141.236162, 40.944555], [141.236892, 40.945326], [141.237836, 40.945956], [141.238413, 40.946965], [141.239659, 40.947834], [141.240137, 40.9493], [141.241508, 40.95013], [141.243179, 40.951531], [141.245041, 40.95267], [141.245732, 40.954196], [141.245507, 40.955897], [141.24611, 40.9577], [141.245621, 40.958415], [141.245771, 40.959559], [141.246431, 40.960251], [141.248337, 40.96094], [141.248462, 40.961315], [141.249585, 40.961931], [141.253683, 40.963196], [141.257002, 40.96332], [141.257796, 40.965023], [141.258248, 40.966282], [141.258202, 40.966634], [141.256605, 40.967353], [141.255376, 40.968255], [141.255339, 40.969358], [141.255473, 40.970415], [141.256574, 40.971054], [141.259037, 40.971261], [141.259658, 40.971217], [141.260691, 40.970616], [141.261979, 40.97107], [141.262803, 40.972669], [141.264673, 40.973919], [141.264896, 40.97433], [141.264577, 40.976595], [141.264413, 40.97848], [141.26376, 40.981427], [141.263672, 40.982131], [141.265163, 40.983686], [141.267029, 40.985307], [141.267759, 40.985702], [141.26836, 40.986472], [141.270122, 40.98824], [141.270793, 40.989514], [141.273109, 40.994307], [141.28375, 40.994674], [141.282985, 40.998126], [141.285509, 40.998385], [141.287551, 40.999588], [141.287533, 41.000086], [141.286932, 41.000219], [141.28759, 41.001635], [141.288434, 41.003756], [141.290538, 41.003738], [141.290864, 41.004042], [141.293974, 41.003204], [141.296795, 41.004262], [141.297809, 41.004889], [141.298124, 41.006052], [141.298666, 41.007234], [141.299042, 41.009245], [141.299785, 41.010364], [141.300187, 41.012825], [141.300764, 41.014753], [141.301494, 41.016278], [141.302049, 41.016545], [141.302488, 41.017193], [141.304114, 41.017994], [141.308527, 41.019129], [141.310314, 41.020205], [141.31243, 41.02094], [141.312731, 41.02197], [141.314766, 41.024826], [141.315572, 41.025446], [141.317122, 41.026217], [141.319841, 41.027981], [141.321113, 41.028543], [141.321668, 41.030416], [141.32144, 41.031951], [141.320949, 41.032485], [141.320144, 41.032923], [141.320597, 41.034268], [141.320346, 41.034973], [141.319915, 41.037052], [141.319436, 41.037175], [141.31736, 41.037195], [141.317196, 41.037346], [141.317548, 41.038967], [141.317775, 41.039313], [141.316831, 41.040191], [141.31663, 41.040705], [141.317474, 41.041239], [141.317826, 41.041858], [141.318645, 41.04205], [141.320942, 41.042869], [141.322341, 41.043928], [141.324242, 41.044871], [141.323851, 41.045567], [141.324054, 41.04655], [141.324708, 41.047627], [141.324642, 41.04812], [141.32551, 41.05035], [141.325322, 41.050856], [141.325346, 41.052657], [141.325964, 41.05404], [141.324994, 41.055002], [141.32497, 41.055508], [141.325473, 41.05627], [141.327009, 41.056623], [141.327311, 41.057652], [141.328211, 41.057992], [141.328878, 41.058984], [141.331775, 41.058936], [141.33282, 41.058478], [141.335451, 41.059003], [141.337132, 41.058459], [141.338026, 41.057116], [141.340178, 41.057668], [141.341501, 41.057659], [141.341966, 41.058993], [141.343151, 41.059775], [141.342799, 41.060973], [141.34295, 41.062546], [141.343767, 41.063327], [141.344322, 41.064624], [141.343653, 41.066529], [141.342899, 41.067949], [141.342106, 41.068446], [141.341789, 41.069433], [141.340543, 41.069871], [141.339422, 41.070759], [141.338793, 41.071936], [141.339007, 41.072441], [141.340139, 41.073055], [141.340858, 41.073046], [141.342895, 41.073795], [141.343588, 41.074168], [141.344949, 41.074463], [141.34578, 41.074959], [141.345603, 41.075922], [141.345891, 41.076723], [141.34564, 41.077514], [141.345944, 41.078314], [141.345552, 41.079497], [141.344204, 41.08026], [141.343688, 41.080813], [141.34331, 41.082552], [141.343474, 41.083295], [141.344053, 41.083782], [141.34472, 41.085393], [141.345137, 41.085898], [141.344912, 41.086593], [141.345069, 41.087974], [141.344318, 41.088932], [141.344661, 41.090234], [141.344718, 41.091165], [141.345546, 41.092165], [141.345946, 41.092905], [141.347513, 41.093532], [141.348883, 41.093777], [141.35069, 41.09389], [141.351696, 41.094764], [141.352703, 41.094932], [141.353077, 41.09594], [141.351976, 41.096666], [141.351165, 41.097421], [141.351119, 41.098609], [141.352098, 41.099602], [141.351873, 41.100977], [141.351984, 41.101843], [141.350522, 41.102469], [141.349626, 41.103406], [141.348769, 41.103702], [141.347856, 41.104618], [141.347605, 41.10528], [141.347576, 41.106439], [141.348424, 41.107242], [141.34878, 41.108103], [141.34946, 41.108186], [141.350596, 41.10773], [141.353337, 41.108638], [141.354222, 41.109018], [141.355918, 41.109018], [141.358556, 41.109407], [141.359544, 41.109357], [141.360623, 41.108934], [141.361554, 41.10806], [141.364138, 41.109648], [141.365302, 41.10995], [141.366979, 41.111007], [141.367706, 41.111753], [141.368452, 41.112062], [141.369365, 41.113451], [141.369485, 41.11441], [141.369942, 41.115241], [141.370773, 41.11626], [141.371133, 41.117895], [141.371728, 41.118609], [141.372313, 41.118963], [141.372254, 41.11954], [141.372855, 41.120306], [141.37293, 41.121437], [141.374044, 41.121382], [141.374455, 41.121726], [141.374293, 41.12259], [141.375467, 41.122624], [141.377097, 41.12451], [141.377543, 41.12482], [141.379405, 41.125219], [141.380037, 41.12644], [141.381226, 41.126828], [141.38253, 41.12705], [141.384102, 41.128527], [141.385144, 41.128604], [141.385937, 41.12989], [141.386569, 41.129492], [141.387273, 41.129757], [141.388798, 41.129746], [141.390656, 41.130134], [141.392006, 41.129591], [141.393442, 41.130398], [141.393672, 41.130888], [141.394828, 41.131774], [141.395824, 41.132364], [141.395269, 41.130979], [141.394196, 41.1307], [141.394305, 41.130348], [141.394926, 41.130549], [141.395669, 41.130169], [141.394812, 41.129714], [141.394482, 41.129198], [141.395936, 41.128585], [141.39551, 41.12791], [141.396163, 41.12742], [141.395848, 41.126999], [141.396251, 41.126203], [141.395684, 41.126582], [141.395252, 41.126348], [141.39587, 41.126058], [141.395247, 41.125361], [141.395477, 41.124858], [141.394882, 41.124792], [141.395134, 41.124452], [141.394423, 41.12395], [141.394563, 41.123652], [141.394026, 41.123308], [141.393726, 41.122656], [141.394185, 41.121967], [141.394668, 41.12168], [141.394257, 41.121257], [141.394701, 41.121165], [141.394174, 41.120567], [141.394498, 41.120081], [141.393637, 41.119322], [141.393604, 41.118405], [141.393305, 41.118089], [141.394139, 41.117743], [141.394083, 41.117267], [141.393442, 41.117052], [141.3941, 41.116834], [141.393578, 41.115756], [141.393206, 41.115435], [141.393523, 41.115094], [141.393551, 41.114378], [141.392813, 41.114196], [141.39323, 41.112832], [141.393836, 41.112326], [141.393589, 41.111703], [141.393466, 41.110567], [141.393881, 41.110567], [141.394472, 41.108193], [141.394131, 41.105445], [141.39565, 41.105561], [141.397293, 41.102607], [141.397168, 41.102489], [141.395827, 41.105003], [141.394386, 41.104583], [141.395376, 41.102653], [141.394926, 41.102463], [141.395175, 41.101724], [141.394166, 41.103678], [141.392948, 41.103335], [141.393661, 41.101866], [141.39422, 41.101878], [141.394692, 41.101016], [141.393879, 41.101037], [141.394166, 41.100135], [141.394364, 41.100824], [141.394712, 41.100723], [141.394375, 41.0997], [141.395538, 41.099774], [141.395584, 41.099973], [141.39693, 41.100567], [141.398414, 41.100435], [141.398375, 41.099554], [141.398862, 41.098216], [141.39853, 41.097421], [141.397214, 41.096288], [141.397201, 41.094441], [141.397079, 41.093254], [141.396528, 41.092526], [141.39669, 41.090771], [141.39709, 41.091249], [141.397085, 41.090675], [141.396537, 41.090752], [141.395807, 41.09047], [141.395462, 41.089729], [141.396041, 41.089446], [141.395448, 41.088924], [141.394882, 41.087575], [141.394821, 41.08686], [141.394098, 41.085775], [141.394144, 41.08477], [141.393429, 41.083494], [141.393372, 41.082415], [141.392811, 41.081137], [141.392695, 41.079385], [141.392124, 41.077472], [141.392162, 41.076601], [141.391707, 41.075169], [141.391445, 41.0735], [141.391508, 41.072796], [141.39134, 41.071116], [141.390868, 41.069538], [141.391016, 41.068646], [141.390798, 41.066968], [141.390896, 41.065717], [141.39023, 41.063468], [141.390267, 41.061984], [141.38986, 41.060443], [141.389852, 41.059188], [141.38955, 41.05665], [141.389664, 41.055641], [141.389143, 41.052989], [141.38924, 41.051722], [141.388945, 41.050192], [141.388615, 41.046884], [141.388389, 41.04569], [141.388687, 41.045229], [141.388304, 41.043494], [141.387819, 41.039622], [141.387839, 41.038204], [141.387677, 41.036755], [141.387299, 41.035801], [141.387212, 41.034469], [141.386884, 41.032574], [141.387091, 41.030484], [141.387098, 41.02864], [141.386639, 41.027992], [141.386604, 41.02541], [141.386193, 41.023746], [141.386206, 41.022164], [141.386394, 41.021231], [141.386492, 41.01953], [141.386154, 41.018894], [141.385747, 41.015932], [141.385846, 41.014009], [141.385649, 41.011491], [141.386023, 41.010106], [141.385649, 41.009138], [141.385494, 41.007195], [141.385776, 41.005262], [141.385459, 41.004375], [141.385323, 41.002591], [141.385371, 41.001639], [141.385105, 41.000861], [141.385299, 41.000282], [141.385024, 40.999397], [141.385249, 40.998846], [141.385242, 40.997752], [141.384987, 40.997035], [141.385214, 40.996564], [141.384893, 40.994201], [141.385048, 40.993808], [141.384864, 40.992295], [141.385059, 40.991418], [141.384803, 40.991008], [141.384934, 40.990103], [141.384825, 40.989314], [141.384869, 40.986366], [141.384633, 40.984616], [141.384884, 40.983795], [141.385502, 40.982818], [141.386892, 40.981901], [141.386851, 40.981209], [141.385937, 40.979233], [141.385603, 40.977996], [141.386294, 40.975496], [141.386423, 40.972197], [141.386691, 40.971201], [141.387393, 40.969721], [141.389751, 40.969714], [141.389749, 40.968223], [141.391355, 40.966083], [141.394821, 40.963846], [141.394653, 40.963708], [141.391207, 40.965956], [141.389567, 40.96818], [141.389581, 40.969114], [141.386143, 40.969084], [141.386132, 40.967013], [141.386777, 40.967148], [141.389157, 40.96714], [141.388896, 40.966721], [141.386916, 40.966637], [141.384148, 40.966694], [141.384154, 40.966515], [141.385417, 40.966322], [141.385931, 40.965554], [141.386267, 40.964352], [141.387091, 40.964036], [141.389825, 40.963996], [141.389727, 40.962798], [141.3888, 40.962775], [141.38741, 40.962062], [141.386991, 40.961701], [141.38653, 40.960801], [141.386202, 40.959117], [141.386228, 40.957143], [141.385913, 40.955524], [141.385981, 40.954882], [141.385848, 40.952144], [141.386171, 40.947678], [141.386611, 40.946435], [141.387056, 40.946386], [141.3866, 40.945418], [141.386842, 40.943526], [141.387159, 40.942425], [141.387935, 40.940596], [141.388676, 40.939451], [141.390649, 40.937445], [141.391438, 40.936841], [141.393938, 40.93678], [141.387458, 40.936803], [141.385817, 40.936673], [141.384928, 40.935706], [141.384161, 40.935283], [141.38361, 40.935299], [141.382867, 40.93606], [141.381698, 40.936642], [141.381713, 40.938161], [141.379938, 40.938173], [141.379919, 40.936647], [141.375893, 40.936681], [141.375707, 40.935139], [141.376236, 40.9338], [141.377322, 40.933332], [141.379289, 40.933233], [141.380533, 40.932388], [141.381114, 40.931135], [141.382382, 40.930569], [141.382146, 40.931232], [141.383813, 40.931231], [141.383564, 40.930646], [141.384047, 40.930322], [141.385317, 40.930909], [141.384877, 40.931714], [141.385382, 40.931766], [141.386442, 40.931053], [141.387358, 40.930771], [141.388311, 40.931301], [141.389714, 40.929859], [141.389727, 40.928859], [141.390459, 40.928325], [141.393595, 40.928309], [141.395877, 40.926237], [141.395744, 40.926155], [141.393508, 40.92825], [141.390713, 40.92826], [141.390702, 40.927115], [141.39052, 40.927085], [141.390383, 40.928206], [141.388612, 40.928269], [141.386149, 40.93077], [141.385124, 40.930423], [141.385234, 40.930049], [141.386973, 40.928273], [141.386962, 40.926553], [141.389329, 40.926551], [141.389329, 40.926459], [141.386962, 40.92647], [141.386938, 40.924226], [141.394775, 40.924185], [141.394767, 40.923736], [141.395837, 40.92373], [141.39994, 40.926326], [141.400053, 40.926225], [141.395805, 40.92355], [141.395691, 40.923663], [141.393739, 40.923682], [141.392507, 40.921936], [141.39188, 40.920406], [141.391565, 40.918736], [141.391641, 40.917539], [141.391388, 40.915984], [141.3912, 40.913068], [141.391335, 40.910842], [141.391373, 40.905436], [141.391689, 40.903112], [141.391829, 40.901233], [141.391792, 40.8988], [141.392428, 40.892779], [141.392256, 40.891687], [141.392645, 40.890363], [141.392601, 40.889639], [141.392964, 40.888341], [141.392929, 40.886624]]]]}}, {"type": "Feature", "properties": {"OBJECTID": 1630, "N03_001": "青森県", "N03_002": null, "N03_003": "上北郡", "N03_004": "おいらせ町", "N03_007": "02412", "Shape_Leng": 0.552445321899514, "Shape_Area": 0.007659212518231, "id": "gci:02412A2006", "code": "02412", "name": "おいらせ町"}, "geometry": {"type": "MultiPolygon", "coordinates": [[[[141.438777, 40.670507], [141.438515, 40.670246], [141.439131, 40.668168], [141.439402, 40.666571], [141.439879, 40.665154], [141.440421, 40.662716], [141.441288, 40.6596], [141.441457, 40.658713], [141.442202, 40.65708], [141.442641, 40.655121], [141.443434, 40.654106], [141.444258, 40.652244], [141.44447, 40.650915], [141.44433, 40.65014], [141.444549, 40.648945], [141.446308, 40.644854], [141.447038, 40.643997], [141.450128, 40.644635], [141.450185, 40.644464], [141.44711, 40.643853], [141.44718, 40.642171], [141.447436, 40.640471], [141.447886, 40.638825], [141.448872, 40.636521], [141.449737, 40.634899], [141.450275, 40.634871], [141.453162, 40.635535], [141.45323, 40.635363], [141.449927, 40.634591], [141.450349, 40.633312], [141.451162, 40.631407], [141.451265, 40.630708], [141.452954, 40.626883], [141.453498, 40.625815], [141.456875, 40.626659], [141.456958, 40.626487], [141.453723, 40.625686], [141.453719, 40.625241], [141.454458, 40.623719], [141.454462, 40.623327], [141.456698, 40.618669], [141.457345, 40.617484], [141.457994, 40.616875], [141.461005, 40.617751], [141.461084, 40.617595], [141.458518, 40.61685], [141.458444, 40.616352], [141.459209, 40.613848], [141.460501, 40.611694], [141.462404, 40.607731], [141.463905, 40.608025], [141.464032, 40.607762], [141.463047, 40.607475], [141.463532, 40.606596], [141.463973, 40.606732], [141.465529, 40.607851], [141.465643, 40.607798], [141.463361, 40.606198], [141.462894, 40.605642], [141.461912, 40.603042], [141.462994, 40.603467], [141.462511, 40.601462], [141.461331, 40.600219], [141.460247, 40.599711], [141.459178, 40.59968], [141.456831, 40.600272], [141.45479, 40.600629], [141.452615, 40.600345], [141.451628, 40.599866], [141.449374, 40.597892], [141.448096, 40.5971], [141.447143, 40.596718], [141.445565, 40.596582], [141.443032, 40.59662], [141.440043, 40.595887], [141.435739, 40.594665], [141.434221, 40.593921], [141.432557, 40.592737], [141.430822, 40.591888], [141.428785, 40.591329], [141.425011, 40.591867], [141.424747, 40.589826], [141.424106, 40.589081], [141.423853, 40.588318], [141.424447, 40.587384], [141.424167, 40.587018], [141.422852, 40.586678], [141.422515, 40.586187], [141.421728, 40.586041], [141.421785, 40.585288], [141.421167, 40.585302], [141.420752, 40.586199], [141.420363, 40.586113], [141.420304, 40.585028], [141.419757, 40.585475], [141.419569, 40.584866], [141.418879, 40.585234], [141.418734, 40.584778], [141.417733, 40.584594], [141.417948, 40.583822], [141.417283, 40.584456], [141.416612, 40.584632], [141.415762, 40.584278], [141.416005, 40.583644], [141.415581, 40.582983], [141.415266, 40.583135], [141.4151, 40.583922], [141.414235, 40.583948], [141.413745, 40.583372], [141.412606, 40.58373], [141.411783, 40.583688], [141.411518, 40.583204], [141.411726, 40.582079], [141.411599, 40.580947], [141.411295, 40.581047], [141.410344, 40.580984], [141.411245, 40.581514], [141.411262, 40.582367], [141.410699, 40.583348], [141.409612, 40.583367], [141.409566, 40.58284], [141.408946, 40.582651], [141.409035, 40.583691], [141.408701, 40.58377], [141.408211, 40.583194], [141.408211, 40.584051], [141.407477, 40.584313], [141.406988, 40.58407], [141.406872, 40.5846], [141.406391, 40.584782], [141.404929, 40.584531], [141.404833, 40.583676], [141.40454, 40.583578], [141.404144, 40.584388], [141.403397, 40.583704], [141.403423, 40.584475], [141.402634, 40.584456], [141.402405, 40.583875], [141.401445, 40.58396], [141.401384, 40.584293], [141.400792, 40.584244], [141.400733, 40.583576], [141.400171, 40.583582], [141.399457, 40.583213], [141.399771, 40.584447], [141.399216, 40.584506], [141.398694, 40.583984], [141.398314, 40.583993], [141.398309, 40.584553], [141.397155, 40.584672], [141.397112, 40.583232], [141.395842, 40.583166], [141.396296, 40.583534], [141.39622, 40.584515], [141.395317, 40.584972], [141.3949, 40.58544], [141.393803, 40.585727], [141.393868, 40.585087], [141.393171, 40.585108], [141.393066, 40.586137], [141.392201, 40.58614], [141.391462, 40.586468], [141.390988, 40.585474], [141.391246, 40.584468], [141.391163, 40.583798], [141.39181, 40.583082], [141.39115, 40.583398], [141.390536, 40.582972], [141.390081, 40.581287], [141.389508, 40.580917], [141.389572, 40.582004], [141.390319, 40.583857], [141.390123, 40.585656], [141.390627, 40.585927], [141.390874, 40.587006], [141.389998, 40.587655], [141.389788, 40.587353], [141.388363, 40.587096], [141.385966, 40.587105], [141.384794, 40.587278], [141.38559, 40.585752], [141.384681, 40.585511], [141.383968, 40.587333], [141.382198, 40.587254], [141.381925, 40.586668], [141.381975, 40.585551], [141.382316, 40.584972], [141.382089, 40.584438], [141.383667, 40.583838], [141.384578, 40.583801], [141.384571, 40.583482], [141.382714, 40.583762], [141.382476, 40.583532], [141.382747, 40.582035], [141.383321, 40.581071], [141.383064, 40.580895], [141.382069, 40.582383], [141.382139, 40.582944], [141.381444, 40.584308], [141.380373, 40.585547], [141.380279, 40.58616], [141.379831, 40.586269], [141.380246, 40.586764], [141.381573, 40.586685], [141.381842, 40.587214], [141.380474, 40.586962], [141.379595, 40.587523], [141.378105, 40.587438], [141.37861, 40.587995], [141.378513, 40.588304], [141.377598, 40.588267], [141.376389, 40.587639], [141.375047, 40.587119], [141.374538, 40.587167], [141.374374, 40.586784], [141.371977, 40.587207], [141.369367, 40.588473], [141.368699, 40.588496], [141.367569, 40.589057], [141.366163, 40.589261], [141.364723, 40.589292], [141.360741, 40.589235], [141.359638, 40.589322], [141.35825, 40.589152], [141.356871, 40.588611], [141.354528, 40.589411], [141.356204, 40.591036], [141.357752, 40.592393], [141.359712, 40.59543], [141.360942, 40.597223], [141.361342, 40.598629], [141.361716, 40.598999], [141.363056, 40.599783], [141.363123, 40.600047], [141.364885, 40.59998], [141.366067, 40.599565], [141.36735, 40.598932], [141.36744, 40.599823], [141.366688, 40.600456], [141.366183, 40.601246], [141.366128, 40.602131], [141.366321, 40.603084], [141.366867, 40.604022], [141.366771, 40.604849], [141.366094, 40.60581], [141.364926, 40.606885], [141.363808, 40.607216], [141.3616, 40.607502], [141.360879, 40.607454], [141.361508, 40.606997], [141.363014, 40.6066], [141.361567, 40.606109], [141.360414, 40.605555], [141.360162, 40.605029], [141.360508, 40.604594], [141.35971, 40.604147], [141.359882, 40.603852], [141.361379, 40.602836], [141.361744, 40.601547], [141.361648, 40.601083], [141.360977, 40.600897], [141.358346, 40.600969], [141.357459, 40.601581], [141.356899, 40.60246], [141.355575, 40.602258], [141.353029, 40.60232], [141.351556, 40.599644], [141.350889, 40.600041], [141.349843, 40.600323], [141.348582, 40.600435], [141.347248, 40.601247], [141.346851, 40.60397], [141.346396, 40.605141], [141.346475, 40.606786], [141.34526, 40.606814], [141.345281, 40.607388], [141.344479, 40.607837], [141.344285, 40.608988], [141.343872, 40.610239], [141.343824, 40.610963], [141.344313, 40.611456], [141.346776, 40.613145], [141.344746, 40.617132], [141.344624, 40.617633], [141.344951, 40.621272], [141.345566, 40.622707], [141.346864, 40.62287], [141.345721, 40.625293], [141.346577, 40.626722], [141.347821, 40.628318], [141.350155, 40.632084], [141.351232, 40.635345], [141.354283, 40.638371], [141.360138, 40.641423], [141.363086, 40.642515], [141.363148, 40.64321], [141.363633, 40.643524], [141.363307, 40.644419], [141.361194, 40.645754], [141.360348, 40.647446], [141.36021, 40.648757], [141.360302, 40.649801], [141.360783, 40.652057], [141.359738, 40.652224], [141.359336, 40.652646], [141.35974, 40.653284], [141.359443, 40.654371], [141.359889, 40.655268], [141.359456, 40.656541], [141.35936, 40.658036], [141.358377, 40.658871], [141.35783, 40.658935], [141.356847, 40.660055], [141.356049, 40.66181], [141.356008, 40.663305], [141.355842, 40.663822], [141.357015, 40.663855], [141.358302, 40.663622], [141.359214, 40.663715], [141.361244, 40.66434], [141.362518, 40.665045], [141.361648, 40.665085], [141.361939, 40.666231], [141.362708, 40.668074], [141.364463, 40.667705], [141.364238, 40.669366], [141.364347, 40.670845], [141.364013, 40.672369], [141.363296, 40.672986], [141.362951, 40.673868], [141.363493, 40.673716], [141.364828, 40.673925], [141.367245, 40.669366], [141.368207, 40.666931], [141.37258, 40.666084], [141.378347, 40.665682], [141.378474, 40.663952], [141.380941, 40.66436], [141.383625, 40.665519], [141.384779, 40.665688], [141.385784, 40.665643], [141.387286, 40.665329], [141.390289, 40.66605], [141.392162, 40.666259], [141.392933, 40.666192], [141.393665, 40.666726], [141.395735, 40.666978], [141.397079, 40.666884], [141.399118, 40.667118], [141.39999, 40.667408], [141.40167, 40.667475], [141.402794, 40.667292], [141.405342, 40.667168], [141.406374, 40.667484], [141.408354, 40.667788], [141.409595, 40.668169], [141.411129, 40.668915], [141.412976, 40.669046], [141.413524, 40.668784], [141.415048, 40.668583], [141.416153, 40.668702], [141.416586, 40.669105], [141.418265, 40.669245], [141.419043, 40.669047], [141.42076, 40.668901], [141.4216, 40.669014], [141.423525, 40.668719], [141.424176, 40.668876], [141.425372, 40.668353], [141.427002, 40.668306], [141.427658, 40.667872], [141.428965, 40.668006], [141.429493, 40.668885], [141.430191, 40.669299], [141.431159, 40.669584], [141.432813, 40.669509], [141.434693, 40.669708], [141.438777, 40.670507]]]]}}, {"type": "Feature", "properties": {"N03_001": "青森県", "N03_002": null, "N03_003": "下北郡", "N03_004": "大間町", "N03_007": "02423", "id": "gci:02423A1968", "code": "02423", "name": "大間町"}, "geometry": {"type": "MultiPolygon", "coordinates": [[[[140.904879, 41.535544], [140.905206, 41.534127], [140.905051, 41.532658], [140.905329, 41.532358], [140.904907, 41.531669], [140.905165, 41.534137], [140.904879, 41.535544]]], [[[140.937081, 41.528958], [140.937846, 41.528349], [140.937645, 41.527331], [140.936605, 41.525555], [140.936098, 41.525382], [140.936358, 41.524671], [140.935119, 41.523762], [140.934732, 41.522726], [140.933888, 41.521367], [140.934557, 41.520649], [140.935956, 41.518288], [140.937555, 41.517505], [140.93917, 41.516496], [140.940604, 41.51476], [140.94082, 41.514233], [140.940842, 41.512853], [140.941859, 41.510683], [140.942025, 41.510574], [140.944601, 41.510522], [140.945078, 41.509778], [140.946059, 41.509018], [140.946308, 41.508159], [140.947486, 41.506639], [140.94803, 41.506469], [140.950187, 41.506227], [140.951188, 41.506218], [140.952493, 41.505541], [140.954274, 41.504178], [140.955063, 41.503388], [140.957356, 41.501485], [140.957565, 41.498991], [140.957812, 41.498], [140.958326, 41.496814], [140.959174, 41.495265], [140.958319, 41.49474], [140.956842, 41.494726], [140.955098, 41.493758], [140.954888, 41.492147], [140.954615, 41.491318], [140.953798, 41.489854], [140.952816, 41.488982], [140.952373, 41.487933], [140.953221, 41.487071], [140.953157, 41.48639], [140.953601, 41.485532], [140.954394, 41.485145], [140.955041, 41.483768], [140.954914, 41.483005], [140.954158, 41.481451], [140.954357, 41.481213], [140.955592, 41.480788], [140.956202, 41.480241], [140.957974, 41.480384], [140.958367, 41.479311], [140.958931, 41.478906], [140.958654, 41.478372], [140.958748, 41.477142], [140.958297, 41.47594], [140.957867, 41.475289], [140.958026, 41.474768], [140.958861, 41.473662], [140.9608, 41.472685], [140.961364, 41.470536], [140.961053, 41.470227], [140.960282, 41.46831], [140.959615, 41.468029], [140.958726, 41.467314], [140.957605, 41.466756], [140.957222, 41.465193], [140.958433, 41.46463], [140.958713, 41.463635], [140.958459, 41.463157], [140.95854, 41.462071], [140.958306, 41.460979], [140.957832, 41.459635], [140.956781, 41.458744], [140.956617, 41.457877], [140.955205, 41.457047], [140.955579, 41.456241], [140.955225, 41.455474], [140.955262, 41.454821], [140.956639, 41.452709], [140.955858, 41.451837], [140.954438, 41.451218], [140.953057, 41.450287], [140.951942, 41.449844], [140.950804, 41.448869], [140.951444, 41.446943], [140.950644, 41.446184], [140.951975, 41.445378], [140.952572, 41.44473], [140.953234, 41.443658], [140.954407, 41.443129], [140.954895, 41.441948], [140.955872, 41.441142], [140.957179, 41.441118], [140.957736, 41.440917], [140.957539, 41.439544], [140.958457, 41.439264], [140.960564, 41.4382], [140.961687, 41.436266], [140.962585, 41.435637], [140.964633, 41.435402], [140.966287, 41.435441], [140.967594, 41.435155], [140.966808, 41.433707], [140.965617, 41.433234], [140.965243, 41.432691], [140.96526, 41.431904], [140.965586, 41.431513], [140.963789, 41.430217], [140.963599, 41.429674], [140.962035, 41.428377], [140.960966, 41.427275], [140.960699, 41.425654], [140.960503, 41.42536], [140.957904, 41.424701], [140.956713, 41.423968], [140.955336, 41.424454], [140.953968, 41.424448], [140.951953, 41.425025], [140.949645, 41.425349], [140.948555, 41.426421], [140.947571, 41.426698], [140.945152, 41.426879], [140.944199, 41.424167], [140.945174, 41.423482], [140.944612, 41.422542], [140.943078, 41.421199], [140.942064, 41.420721], [140.940368, 41.421059], [140.938676, 41.421207], [140.937623, 41.421927], [140.936519, 41.422213], [140.934985, 41.42442], [140.933792, 41.425426], [140.932938, 41.425602], [140.930933, 41.426427], [140.929603, 41.427095], [140.928392, 41.427356], [140.92665, 41.425463], [140.923232, 41.422999], [140.922795, 41.423639], [140.921027, 41.424329], [140.919759, 41.425154], [140.918522, 41.425535], [140.916754, 41.428028], [140.916621, 41.429972], [140.917051, 41.430679], [140.916665, 41.432012], [140.916431, 41.432274], [140.914991, 41.432689], [140.913834, 41.43381], [140.912556, 41.434677], [140.911706, 41.434247], [140.910642, 41.434201], [140.909864, 41.434387], [140.908675, 41.43348], [140.908104, 41.433408], [140.907057, 41.434649], [140.906327, 41.434982], [140.906295, 41.435926], [140.90511, 41.437093], [140.904817, 41.4378], [140.903893, 41.438814], [140.902162, 41.439778], [140.901511, 41.440554], [140.901065, 41.441645], [140.901933, 41.442566], [140.901688, 41.443228], [140.901972, 41.443928], [140.900807, 41.444267], [140.900007, 41.444801], [140.899349, 41.445583], [140.898991, 41.446532], [140.898574, 41.446945], [140.899035, 41.4484], [140.899, 41.449167], [140.898182, 41.45013], [140.896781, 41.450855], [140.896482, 41.451899], [140.896742, 41.452875], [140.896731, 41.453896], [140.896989, 41.454611], [140.897015, 41.45593], [140.898093, 41.457313], [140.897997, 41.458171], [140.898117, 41.45971], [140.897549, 41.460216], [140.897695, 41.460954], [140.897465, 41.461407], [140.896368, 41.461536], [140.895046, 41.461465], [140.894181, 41.461603], [140.893199, 41.462251], [140.892692, 41.462943], [140.892679, 41.463724], [140.892067, 41.464867], [140.89064, 41.465506], [140.889231, 41.466922], [140.888072, 41.468667], [140.886116, 41.468329], [140.885616, 41.468505], [140.882165, 41.468195], [140.882025, 41.468436], [140.884163, 41.469304], [140.885063, 41.469304], [140.885511, 41.469561], [140.886298, 41.469521], [140.886237, 41.469826], [140.886938, 41.469976], [140.88689, 41.471708], [140.888461, 41.472444], [140.888621, 41.472381], [140.887076, 41.471659], [140.887069, 41.470355], [140.888955, 41.470264], [140.888855, 41.469904], [140.889399, 41.46973], [140.890015, 41.470039], [140.890157, 41.470579], [140.88962, 41.471109], [140.890162, 41.471347], [140.891689, 41.472788], [140.892651, 41.473503], [140.893545, 41.473919], [140.894216, 41.474002], [140.893844, 41.474378], [140.894426, 41.474678], [140.89377, 41.475393], [140.894655, 41.475849], [140.895212, 41.475365], [140.895977, 41.475131], [140.896889, 41.47533], [140.897201, 41.47597], [140.898418, 41.476628], [140.898713, 41.47703], [140.898532, 41.477679], [140.899148, 41.478312], [140.89914, 41.479184], [140.900014, 41.480055], [140.899692, 41.480576], [140.899815, 41.481403], [140.899404, 41.481607], [140.899087, 41.482453], [140.900422, 41.482811], [140.9007, 41.483278], [140.90145, 41.48337], [140.902042, 41.484413], [140.90245, 41.485609], [140.902625, 41.486762], [140.903006, 41.486631], [140.90346, 41.487463], [140.903027, 41.487589], [140.90327, 41.488027], [140.903733, 41.487885], [140.904044, 41.48842], [140.903642, 41.488632], [140.90409, 41.488985], [140.904896, 41.491422], [140.904688, 41.491791], [140.903222, 41.492056], [140.903827, 41.493806], [140.903989, 41.493787], [140.903362, 41.492124], [140.904728, 41.491829], [140.90624, 41.492752], [140.907105, 41.492592], [140.907254, 41.493381], [140.905598, 41.493613], [140.905713, 41.494065], [140.908155, 41.493588], [140.908952, 41.494521], [140.909086, 41.495861], [140.908648, 41.49668], [140.907814, 41.49745], [140.906153, 41.498046], [140.907112, 41.499297], [140.907501, 41.501062], [140.907285, 41.501164], [140.907988, 41.502831], [140.909099, 41.502572], [140.909568, 41.503546], [140.909241, 41.504391], [140.909306, 41.505111], [140.909007, 41.506324], [140.908443, 41.507746], [140.908574, 41.507774], [140.907613, 41.509684], [140.906985, 41.510312], [140.900523, 41.51127], [140.900523, 41.511827], [140.898838, 41.514551], [140.898947, 41.514583], [140.900608, 41.512003], [140.902431, 41.511735], [140.902339, 41.51137], [140.904439, 41.511062], [140.904959, 41.511896], [140.906432, 41.511454], [140.906522, 41.511857], [140.905488, 41.512802], [140.906159, 41.513893], [140.905038, 41.515602], [140.904758, 41.516465], [140.903993, 41.516869], [140.90421, 41.51726], [140.903613, 41.518391], [140.902606, 41.518842], [140.9016, 41.51907], [140.9007, 41.519568], [140.900261, 41.520211], [140.89907, 41.521431], [140.898346, 41.522514], [140.898252, 41.523287], [140.898794, 41.523922], [140.897319, 41.525836], [140.897186, 41.527141], [140.897927, 41.529195], [140.89804, 41.529128], [140.897306, 41.527114], [140.897393, 41.525865], [140.899063, 41.526573], [140.900269, 41.52498], [140.899708, 41.524735], [140.900027, 41.524325], [140.900488, 41.524391], [140.901253, 41.525067], [140.901513, 41.525563], [140.901712, 41.526976], [140.90219, 41.526516], [140.90343, 41.527245], [140.903976, 41.528318], [140.904081, 41.529882], [140.902857, 41.531003], [140.902979, 41.531097], [140.904133, 41.529895], [140.904479, 41.529882], [140.905193, 41.528929], [140.906199, 41.528736], [140.907381, 41.529118], [140.908126, 41.529957], [140.908144, 41.531268], [140.907641, 41.532515], [140.905768, 41.532606], [140.905512, 41.531358], [140.905757, 41.533654], [140.907191, 41.533572], [140.907145, 41.533122], [140.907717, 41.533095], [140.908141, 41.534121], [140.908895, 41.535032], [140.909112, 41.53573], [140.908784, 41.536525], [140.908292, 41.537025], [140.907475, 41.53689], [140.907322, 41.53744], [140.907945, 41.537534], [140.908338, 41.538872], [140.909654, 41.541233], [140.908651, 41.541782], [140.908135, 41.542849], [140.909011, 41.541873], [140.909641, 41.541635], [140.910781, 41.542861], [140.910591, 41.543446], [140.91072, 41.544927], [140.911249, 41.545561], [140.912407, 41.546369], [140.913579, 41.546503], [140.914866, 41.546024], [140.916005, 41.545215], [140.918693, 41.546824], [140.919746, 41.546033], [140.919294, 41.54581], [140.918581, 41.546483], [140.917456, 41.545811], [140.917685, 41.545527], [140.916879, 41.545107], [140.917648, 41.544112], [140.918446, 41.543368], [140.919565, 41.543862], [140.918428, 41.543146], [140.919766, 41.54189], [140.919359, 41.541623], [140.919971, 41.541194], [140.92118, 41.541963], [140.921245, 41.542612], [140.920504, 41.543307], [140.920338, 41.544371], [140.920955, 41.546444], [140.92109, 41.546419], [140.92043, 41.544352], [140.920579, 41.543321], [140.921335, 41.54262], [140.92116, 41.541261], [140.920214, 41.540694], [140.921191, 41.539813], [140.921999, 41.539377], [140.921997, 41.538879], [140.922992, 41.537714], [140.923555, 41.536223], [140.923593, 41.535675], [140.92415, 41.534605], [140.924825, 41.534069], [140.925398, 41.534188], [140.926724, 41.533087], [140.927926, 41.532938], [140.929069, 41.532567], [140.929533, 41.532743], [140.930175, 41.532547], [140.930464, 41.532059], [140.932597, 41.530966], [140.934476, 41.530208], [140.935379, 41.529693], [140.937081, 41.528958]]], [[[140.911806, 41.55581], [140.913286, 41.555649], [140.913273, 41.55501], [140.914167, 41.554548], [140.913196, 41.553953], [140.912619, 41.554014], [140.912879, 41.553308], [140.912676, 41.552946], [140.913107, 41.55266], [140.912163, 41.552008], [140.910652, 41.552098], [140.910239, 41.552641], [140.910696, 41.55349], [140.910023, 41.553652], [140.909949, 41.554377], [140.909376, 41.554595], [140.909306, 41.555453], [140.909553, 41.555935], [140.91048, 41.555926], [140.91095, 41.555386], [140.911647, 41.555377], [140.911393, 41.555993], [140.911806, 41.55581]]]]}}, {"type": "Feature", "properties": {"N03_001": "青森県", "N03_002": null, "N03_003": "下北郡", "N03_004": "東通村", "N03_007": "02424", "id": "gci:02424A1968", "code": "02424", "name": "東通村"}, "geometry": {"type": "MultiPolygon", "coordinates": [[[[141.399846, 41.133269], [141.399555, 41.13321], [141.399157, 41.134637], [141.399478, 41.134683], [141.399846, 41.133269]]], [[[141.450347, 41.36841], [141.450583, 41.368067], [141.449877, 41.368014], [141.450347, 41.36841]]], [[[141.4316, 41.411848], [141.427411, 41.410035], [141.427341, 41.410126], [141.431554, 41.411914], [141.434712, 41.413967], [141.4316, 41.411848]]], [[[141.436452, 41.414971], [141.436952, 41.414814], [141.437118, 41.414116], [141.436176, 41.414154], [141.436087, 41.414865], [141.436452, 41.414971]]], [[[141.395824, 41.132364], [141.394828, 41.131774], [141.393672, 41.130888], [141.393442, 41.130398], [141.392006, 41.129591], [141.390656, 41.130134], [141.388798, 41.129746], [141.387273, 41.129757], [141.386569, 41.129492], [141.385937, 41.12989], [141.385144, 41.128604], [141.384102, 41.128527], [141.38253, 41.12705], [141.381226, 41.126828], [141.380037, 41.12644], [141.379405, 41.125219], [141.377543, 41.12482], [141.377097, 41.12451], [141.375467, 41.122624], [141.374293, 41.12259], [141.374455, 41.121726], [141.374044, 41.121382], [141.37293, 41.121437], [141.372855, 41.120306], [141.372254, 41.11954], [141.372313, 41.118963], [141.371728, 41.118609], [141.371133, 41.117895], [141.370773, 41.11626], [141.369942, 41.115241], [141.369485, 41.11441], [141.369365, 41.113451], [141.368452, 41.112062], [141.367706, 41.111753], [141.366979, 41.111007], [141.365302, 41.10995], [141.364138, 41.109648], [141.361554, 41.10806], [141.360623, 41.108934], [141.359544, 41.109357], [141.358556, 41.109407], [141.355918, 41.109018], [141.354222, 41.109018], [141.353337, 41.108638], [141.350596, 41.10773], [141.34946, 41.108186], [141.34878, 41.108103], [141.348424, 41.107242], [141.347576, 41.106439], [141.345649, 41.106573], [141.344204, 41.107151], [141.342665, 41.106953], [141.340887, 41.107569], [141.339982, 41.107638], [141.339479, 41.108033], [141.338203, 41.108258], [141.336833, 41.109154], [141.335034, 41.108731], [141.334389, 41.108981], [141.333729, 41.109805], [141.332864, 41.110172], [141.331976, 41.110792], [141.331065, 41.110876], [141.328342, 41.112353], [141.327112, 41.113678], [141.326423, 41.1142], [141.325958, 41.115707], [141.325239, 41.116748], [141.325313, 41.117502], [141.326646, 41.119574], [141.327214, 41.12013], [141.327717, 41.121777], [141.328257, 41.122404], [141.329478, 41.122341], [141.331083, 41.122884], [141.332265, 41.122898], [141.333915, 41.123434], [141.333738, 41.123973], [141.334112, 41.125741], [141.333941, 41.126186], [141.332416, 41.127594], [141.33341, 41.129684], [141.332014, 41.129925], [141.331577, 41.130206], [141.330989, 41.131221], [141.330709, 41.132044], [141.330663, 41.132931], [141.329815, 41.133257], [141.328716, 41.133995], [141.327914, 41.1348], [141.327466, 41.135549], [141.326358, 41.13629], [141.327232, 41.136888], [141.327289, 41.137678], [141.326563, 41.138558], [141.326338, 41.141037], [141.326449, 41.141614], [141.325527, 41.142572], [141.32591, 41.144516], [141.325807, 41.145002], [141.326244, 41.14596], [141.325527, 41.147056], [141.325405, 41.147542], [141.325827, 41.148403], [141.327026, 41.149346], [141.32712, 41.149748], [141.325584, 41.150641], [141.324389, 41.151987], [141.324474, 41.152923], [141.322955, 41.154107], [141.322275, 41.154776], [141.320962, 41.155051], [141.3207, 41.155622], [141.321137, 41.156607], [141.321408, 41.157763], [141.320914, 41.158546], [141.321705, 41.15975], [141.320606, 41.160255], [141.32014, 41.161783], [141.31865, 41.161947], [141.318499, 41.162398], [141.319526, 41.163665], [141.319349, 41.164939], [141.321154, 41.166066], [141.320112, 41.166673], [141.319329, 41.167491], [141.321248, 41.169078], [141.321047, 41.169387], [141.322334, 41.170197], [141.323938, 41.170359], [141.324391, 41.170902], [141.324303, 41.172142], [141.323886, 41.173381], [141.323267, 41.174057], [141.323318, 41.174362], [141.324391, 41.174868], [141.324518, 41.175829], [141.325553, 41.176077], [141.325892, 41.17641], [141.327068, 41.178165], [141.328683, 41.179144], [141.329402, 41.18087], [141.33001, 41.181528], [141.330211, 41.1821], [141.329972, 41.182768], [141.328987, 41.18335], [141.328596, 41.184599], [141.32867, 41.185161], [141.329138, 41.185878], [141.329959, 41.187795], [141.32987, 41.189254], [141.33011, 41.190839], [141.331257, 41.192802], [141.33237, 41.194232], [141.333758, 41.195555], [141.335727, 41.196862], [141.336736, 41.19812], [141.337141, 41.200011], [141.335222, 41.203843], [141.334728, 41.205512], [141.3356, 41.206772], [141.336168, 41.207896], [141.336332, 41.208783], [141.335687, 41.210137], [141.33555, 41.211071], [141.335801, 41.212546], [141.336218, 41.21327], [141.337884, 41.213471], [141.338692, 41.214491], [141.33897, 41.215254], [141.338515, 41.216225], [141.337493, 41.217455], [141.335624, 41.219187], [141.335436, 41.219759], [141.336055, 41.221408], [141.3356, 41.222705], [141.33445, 41.223668], [141.334474, 41.224832], [141.335045, 41.225865], [141.334942, 41.226198], [141.333692, 41.226303], [141.332127, 41.226189], [141.331725, 41.226656], [141.332556, 41.227782], [141.332494, 41.228152], [141.33166, 41.228992], [141.331546, 41.229459], [141.331598, 41.231175], [141.329942, 41.231829], [141.329312, 41.23265], [141.32834, 41.232992], [141.328454, 41.233794], [141.328049, 41.234509], [141.327809, 41.23636], [141.326762, 41.237627], [141.326775, 41.23839], [141.325361, 41.239391], [141.325322, 41.239725], [141.326106, 41.24024], [141.325512, 41.24107], [141.325993, 41.241957], [141.3269, 41.242395], [141.326609, 41.243177], [141.326685, 41.244254], [141.32464, 41.244965], [141.322784, 41.244708], [141.322253, 41.244926], [141.321687, 41.245679], [141.320678, 41.246165], [141.320955, 41.247243], [141.32108, 41.248482], [141.320765, 41.249588], [141.319983, 41.250131], [141.319237, 41.249778], [141.31882, 41.24854], [141.316952, 41.248136], [141.31526, 41.247374], [141.314049, 41.246334], [141.313531, 41.2454], [141.312168, 41.244103], [141.310489, 41.243254], [141.309202, 41.24395], [141.308531, 41.244722], [141.30708, 41.245856], [141.307307, 41.246705], [141.306778, 41.247458], [141.305338, 41.247496], [141.303469, 41.249308], [141.302145, 41.248735], [141.300641, 41.247896], [141.299922, 41.247648], [141.29794, 41.24782], [141.297182, 41.24763], [141.294708, 41.247782], [141.292538, 41.248315], [141.291502, 41.248097], [141.289898, 41.247267], [141.288357, 41.247486], [141.287411, 41.247866], [141.286805, 41.248478], [141.284873, 41.24924], [141.284583, 41.249232], [141.28274, 41.249889], [141.281792, 41.249803], [141.280428, 41.249917], [141.279508, 41.249593], [141.278018, 41.249297], [141.277159, 41.248955], [141.275216, 41.247334], [141.273588, 41.245704], [141.271857, 41.245409], [141.271265, 41.245171], [141.268828, 41.244773], [141.268146, 41.244297], [141.267617, 41.244287], [141.266037, 41.243391], [141.264914, 41.243571], [141.264195, 41.243915], [141.262081, 41.244004], [141.260364, 41.244653], [141.256981, 41.244813], [141.255062, 41.244823], [141.253421, 41.246387], [141.253394, 41.246673], [141.251148, 41.247559], [141.249242, 41.248454], [141.248433, 41.248597], [141.246514, 41.249198], [141.246818, 41.249885], [141.247096, 41.251479], [141.247651, 41.252194], [141.248339, 41.254959], [141.248339, 41.256425], [141.248114, 41.257303], [141.247526, 41.257732], [141.247518, 41.258598], [141.248545, 41.259875], [141.248936, 41.261368], [141.250955, 41.263783], [141.251255, 41.264904], [141.251141, 41.266994], [141.250468, 41.269187], [141.249823, 41.273406], [141.249609, 41.274368], [141.248853, 41.275749], [141.248647, 41.27685], [141.247834, 41.280083], [141.247544, 41.281859], [141.247695, 41.282578], [141.248488, 41.284127], [141.249318, 41.284837], [141.248908, 41.285796], [141.248936, 41.286219], [141.251198, 41.289803], [141.252216, 41.290523], [141.252562, 41.2911], [141.254, 41.29184], [141.254196, 41.292087], [141.254354, 41.294531], [141.253923, 41.298151], [141.253729, 41.299179], [141.252962, 41.301665], [141.252579, 41.302383], [141.251569, 41.303411], [141.249935, 41.304398], [141.248776, 41.305477], [141.247682, 41.30701], [141.247199, 41.308491], [141.246418, 41.309914], [141.246418, 41.310899], [141.245846, 41.310394], [141.245546, 41.310632], [141.244274, 41.310837], [141.244211, 41.311352], [141.242919, 41.311217], [141.242192, 41.311718], [141.241481, 41.311802], [141.240677, 41.311323], [141.240968, 41.309978], [141.239584, 41.309309], [141.238977, 41.309562], [141.235858, 41.309069], [141.234923, 41.30878], [141.234073, 41.308907], [141.232569, 41.309492], [141.230148, 41.309885], [141.228441, 41.309456], [141.226048, 41.312376], [141.226216, 41.312909], [141.225963, 41.313635], [141.226242, 41.315079], [141.227169, 41.316206], [141.228224, 41.317135], [141.228644, 41.318212], [141.228812, 41.319559], [141.22984, 41.320503], [141.230803, 41.32106], [141.232541, 41.321557], [141.233118, 41.321838], [141.233568, 41.323155], [141.234081, 41.323727], [141.234175, 41.324493], [141.234036, 41.325902], [141.234315, 41.326551], [141.23536, 41.326769], [141.238221, 41.328217], [141.238957, 41.328774], [141.240218, 41.328696], [141.240751, 41.329415], [141.241704, 41.329577], [141.2426, 41.329182], [141.243453, 41.329901], [141.244873, 41.331689], [141.244106, 41.33171], [141.242386, 41.332125], [141.241416, 41.332196], [141.240349, 41.332542], [141.239342, 41.333325], [141.238013, 41.333388], [141.236968, 41.333768], [141.238555, 41.33596], [141.239097, 41.336841], [141.240826, 41.339107], [141.245411, 41.344031], [141.247063, 41.346345], [141.247531, 41.347842], [141.248772, 41.350245], [141.249987, 41.35183], [141.25, 41.352107], [141.248125, 41.358015], [141.247631, 41.359368], [141.247557, 41.360027], [141.246578, 41.361155], [141.247153, 41.361174], [141.248866, 41.36064], [141.252, 41.359937], [141.254889, 41.35939], [141.255429, 41.359002], [141.256082, 41.359091], [141.25693, 41.358818], [141.257381, 41.358312], [141.257903, 41.358335], [141.259092, 41.357591], [141.260053, 41.357469], [141.261474, 41.356753], [141.263583, 41.356046], [141.265749, 41.355677], [141.267027, 41.355637], [141.268679, 41.355192], [141.269938, 41.354677], [141.271938, 41.354182], [141.274606, 41.353679], [141.27668, 41.353403], [141.27786, 41.353373], [141.281101, 41.352659], [141.282843, 41.352411], [141.284128, 41.352457], [141.285426, 41.352135], [141.288189, 41.351694], [141.288868, 41.351509], [141.291605, 41.351493], [141.292455, 41.351648], [141.292413, 41.351034], [141.294623, 41.350829], [141.294771, 41.351232], [141.295729, 41.350735], [141.296863, 41.350452], [141.299206, 41.35046], [141.299999, 41.350644], [141.302504, 41.350925], [141.30673, 41.350846], [141.310939, 41.35131], [141.31479, 41.351989], [141.317666, 41.352722], [141.322446, 41.354338], [141.32344, 41.354219], [141.324843, 41.354512], [141.327383, 41.354681], [141.328764, 41.354885], [141.334291, 41.35624], [141.335263, 41.35659], [141.336092, 41.357169], [141.336885, 41.357465], [141.336291, 41.358508], [141.338056, 41.359292], [141.340329, 41.361392], [141.340393, 41.361337], [141.33808, 41.359232], [141.336406, 41.358473], [141.336846, 41.357721], [141.340537, 41.358925], [141.341964, 41.359263], [141.342991, 41.359059], [141.344053, 41.359287], [141.34774, 41.360521], [141.350986, 41.361763], [141.351121, 41.361645], [141.353914, 41.362729], [141.355046, 41.363471], [141.356394, 41.36354], [141.35747, 41.363882], [141.361891, 41.365964], [141.366448, 41.367766], [141.370974, 41.369624], [141.37694, 41.371994], [141.381049, 41.373469], [141.385509, 41.374888], [141.387845, 41.375743], [141.389377, 41.376414], [141.395949, 41.379583], [141.39825, 41.380754], [141.401266, 41.382522], [141.402656, 41.383214], [141.404105, 41.384154], [141.405032, 41.384981], [141.405359, 41.385725], [141.405995, 41.385917], [141.40735, 41.387215], [141.407757, 41.387191], [141.408758, 41.388479], [141.411059, 41.390674], [141.411398, 41.391176], [141.410893, 41.392313], [141.413186, 41.392835], [141.411015, 41.392237], [141.411267, 41.391649], [141.413439, 41.392179], [141.414407, 41.393015], [141.414862, 41.393045], [141.415264, 41.393989], [141.417216, 41.394395], [141.420439, 41.396393], [141.42083, 41.396985], [141.422043, 41.397485], [141.422255, 41.397988], [141.422922, 41.398231], [141.423468, 41.399422], [141.42415, 41.399463], [141.42441, 41.400341], [141.425317, 41.400863], [141.42512, 41.401284], [141.425501, 41.401807], [141.427063, 41.402607], [141.427601, 41.403227], [141.42915, 41.404007], [141.429992, 41.404061], [141.431508, 41.405029], [141.432053, 41.405141], [141.432905, 41.405705], [141.433342, 41.406354], [141.43429, 41.406865], [141.432612, 41.408177], [141.433814, 41.409099], [141.434105, 41.409571], [141.435523, 41.408479], [141.437184, 41.409545], [141.43761, 41.410242], [141.437818, 41.411148], [141.438902, 41.412985], [141.439579, 41.413195], [141.440967, 41.414071], [141.443218, 41.415783], [141.443367, 41.416374], [141.443867, 41.416897], [141.445393, 41.417234], [141.447097, 41.418388], [141.447558, 41.419127], [141.448861, 41.420274], [141.449868, 41.420473], [141.451212, 41.421623], [141.451193, 41.422347], [141.451868, 41.422667], [141.45217, 41.423407], [141.452539, 41.423417], [141.455168, 41.424161], [141.455478, 41.424775], [141.455782, 41.424531], [141.456897, 41.425332], [141.457056, 41.426048], [141.457581, 41.426942], [141.458973, 41.428396], [141.459563, 41.429468], [141.460289, 41.429836], [141.460745, 41.430803], [141.461392, 41.431209], [141.462773, 41.430932], [141.46288, 41.430312], [141.463844, 41.429564], [141.464808, 41.429674], [141.465219, 41.429035], [141.464249, 41.428859], [141.46398, 41.427467], [141.464461, 41.426953], [141.463973, 41.426466], [141.464264, 41.425851], [141.464891, 41.425503], [141.463853, 41.425202], [141.463619, 41.424673], [141.463853, 41.423773], [141.465389, 41.422043], [141.466421, 41.420666], [141.466777, 41.420633], [141.467391, 41.419836], [141.468539, 41.4192], [141.468956, 41.41844], [141.468324, 41.418546], [141.467787, 41.417733], [141.466836, 41.41795], [141.465625, 41.417782], [141.464417, 41.417877], [141.463274, 41.417646], [141.462505, 41.417207], [141.461528, 41.4162], [141.461018, 41.415095], [141.461086, 41.414476], [141.460555, 41.413412], [141.460046, 41.411729], [141.460503, 41.410811], [141.460339, 41.409308], [141.460929, 41.407906], [141.461056, 41.406217], [141.461526, 41.40575], [141.462094, 41.404558], [141.463162, 41.403527], [141.463713, 41.402395], [141.463154, 41.401804], [141.460863, 41.401292], [141.459486, 41.401522], [141.458247, 41.402423], [141.45694, 41.402277], [141.456044, 41.401685], [141.455188, 41.401371], [141.454803, 41.400896], [141.454108, 41.399315], [141.454244, 41.398217], [141.453728, 41.397739], [141.453439, 41.396741], [141.453684, 41.396373], [141.452779, 41.396215], [141.453216, 41.394417], [141.454475, 41.393993], [141.454847, 41.394389], [141.453863, 41.39472], [141.455094, 41.394547], [141.454526, 41.393628], [141.455625, 41.39279], [141.455808, 41.392461], [141.45677, 41.392465], [141.457015, 41.391795], [141.458204, 41.391501], [141.458346, 41.390668], [141.458853, 41.390007], [141.45967, 41.389896], [141.460643, 41.389379], [141.460868, 41.38749], [141.460098, 41.387159], [141.459705, 41.38657], [141.458802, 41.385891], [141.458977, 41.384913], [141.459838, 41.384434], [141.459465, 41.384075], [141.45868, 41.383866], [141.458879, 41.38332], [141.458776, 41.382059], [141.45953, 41.381035], [141.460398, 41.380958], [141.459639, 41.380236], [141.459222, 41.379183], [141.458641, 41.378981], [141.458553, 41.378296], [141.457666, 41.377618], [141.456335, 41.377803], [141.455107, 41.377609], [141.455037, 41.377256], [141.455677, 41.376218], [141.456204, 41.37572], [141.455529, 41.375098], [141.453557, 41.375127], [141.453007, 41.374858], [141.453483, 41.374157], [141.452884, 41.373924], [141.452482, 41.374488], [141.45133, 41.373982], [141.451035, 41.374092], [141.45005, 41.373234], [141.449532, 41.372354], [141.449805, 41.371627], [141.450823, 41.371804], [141.450434, 41.371277], [141.450795, 41.370032], [141.449346, 41.370194], [141.449071, 41.369937], [141.449864, 41.369217], [141.449986, 41.36876], [141.44928, 41.368309], [141.448929, 41.368612], [141.447338, 41.367745], [141.446852, 41.366963], [141.446359, 41.365753], [141.445626, 41.365077], [141.445412, 41.363997], [141.444708, 41.363], [141.444746, 41.362436], [141.444239, 41.361709], [141.44418, 41.360961], [141.443522, 41.360376], [141.443006, 41.359031], [141.442851, 41.35786], [141.442388, 41.357342], [141.4419, 41.355962], [141.441011, 41.353012], [141.440779, 41.351951], [141.439975, 41.349409], [141.439879, 41.348583], [141.43914, 41.347226], [141.438803, 41.345746], [141.438705, 41.344692], [141.438093, 41.343477], [141.437997, 41.342457], [141.437444, 41.341484], [141.436802, 41.339823], [141.435593, 41.335967], [141.434546, 41.331933], [141.433939, 41.330874], [141.433506, 41.329573], [141.433014, 41.327423], [141.43223, 41.324777], [141.431723, 41.32357], [141.431567, 41.322411], [141.430881, 41.32055], [141.430717, 41.319617], [141.429522, 41.315842], [141.428449, 41.313542], [141.428095, 41.312265], [141.427896, 41.310931], [141.426967, 41.307162], [141.426303, 41.305877], [141.426049, 41.304035], [141.425319, 41.302391], [141.424296, 41.298906], [141.424108, 41.297598], [141.423278, 41.29524], [141.423, 41.293446], [141.422649, 41.292056], [141.421663, 41.289653], [141.421464, 41.288603], [141.420315, 41.286093], [141.418876, 41.280898], [141.417493, 41.276955], [141.417102, 41.276546], [141.416333, 41.274241], [141.415782, 41.273125], [141.415452, 41.271717], [141.41505, 41.27084], [141.41508, 41.26988], [141.414519, 41.268866], [141.414379, 41.267776], [141.41369, 41.264959], [141.412967, 41.263362], [141.4127, 41.2609], [141.41189, 41.259499], [141.410871, 41.256904], [141.41065, 41.255191], [141.410132, 41.254643], [141.409818, 41.253708], [141.409494, 41.252025], [141.409186, 41.251081], [141.40819, 41.25], [141.407399, 41.247109], [141.407206, 41.245861], [141.406524, 41.244587], [141.405906, 41.24257], [141.405895, 41.241918], [141.404938, 41.238544], [141.40487, 41.23719], [141.4044, 41.235502], [141.404418, 41.234226], [141.403834, 41.231391], [141.403596, 41.228755], [141.4036, 41.227219], [141.403939, 41.226017], [141.404251, 41.225548], [141.407414, 41.225252], [141.405169, 41.225394], [141.40433, 41.22523], [141.403045, 41.225562], [141.402778, 41.223845], [141.402575, 41.223824], [141.402368, 41.222583], [141.403041, 41.22256], [141.403119, 41.223097], [141.404979, 41.222987], [141.408856, 41.225027], [141.408155, 41.224553], [141.405001, 41.222919], [141.403788, 41.222934], [141.402975, 41.221495], [141.402949, 41.220982], [141.40233, 41.219634], [141.402171, 41.21885], [141.401201, 41.21656], [141.400895, 41.214865], [141.400128, 41.212929], [141.40034, 41.211668], [141.401299, 41.211428], [141.399745, 41.210656], [141.3991, 41.209775], [141.399548, 41.209688], [141.399555, 41.209134], [141.398978, 41.206975], [141.402621, 41.206406], [141.40254, 41.206873], [141.403471, 41.206719], [141.403165, 41.206227], [141.399192, 41.206817], [141.398768, 41.206109], [141.400503, 41.205837], [141.400475, 41.205698], [141.404173, 41.205129], [141.404459, 41.206349], [141.407683, 41.209425], [141.407822, 41.209347], [141.404595, 41.206278], [141.404374, 41.20497], [141.404151, 41.20505], [141.399485, 41.205768], [141.398606, 41.204627], [141.397986, 41.203404], [141.397737, 41.20202], [141.396926, 41.199509], [141.395931, 41.197617], [141.3958, 41.196747], [141.394944, 41.195008], [141.395033, 41.194387], [141.394439, 41.193091], [141.394504, 41.192447], [141.394008, 41.191055], [141.394026, 41.189104], [141.394198, 41.18868], [141.398687, 41.188006], [141.399009, 41.188033], [141.398543, 41.186712], [141.400003, 41.182816], [141.399889, 41.182792], [141.398414, 41.186735], [141.398423, 41.187033], [141.393694, 41.187733], [141.392802, 41.184489], [141.393582, 41.184375], [141.393722, 41.184864], [141.395494, 41.184589], [141.395313, 41.183838], [141.393702, 41.184089], [141.392443, 41.1828], [141.391696, 41.181283], [141.391093, 41.179388], [141.390907, 41.178458], [141.390828, 41.176929], [141.390442, 41.175505], [141.390256, 41.173425], [141.39054, 41.172662], [141.390356, 41.172407], [141.389817, 41.169018], [141.390013, 41.168114], [141.390345, 41.16767], [141.389618, 41.167383], [141.391473, 41.166594], [141.391325, 41.166345], [141.389862, 41.166107], [141.389648, 41.164463], [141.389782, 41.163758], [141.389574, 41.161621], [141.38936, 41.161012], [141.389314, 41.159726], [141.388993, 41.158865], [141.388805, 41.157253], [141.388824, 41.155875], [141.388462, 41.153968], [141.388477, 41.152304], [141.388789, 41.148856], [141.389143, 41.14849], [141.389386, 41.145743], [141.389718, 41.144434], [141.390426, 41.143318], [141.390295, 41.143121], [141.390724, 41.142121], [141.391296, 41.139577], [141.391628, 41.137379], [141.396622, 41.136903], [141.396148, 41.134188], [141.39601, 41.134223], [141.396342, 41.136233], [141.395031, 41.136363], [141.394778, 41.13484], [141.394118, 41.134898], [141.394358, 41.136413], [141.392561, 41.136585], [141.392271, 41.134696], [141.393431, 41.13429], [141.392186, 41.134465], [141.391707, 41.133381], [141.391486, 41.133346], [141.391803, 41.132487], [141.392319, 41.132593], [141.393807, 41.131604], [141.394244, 41.13212], [141.394594, 41.132003], [141.395118, 41.132416], [141.395824, 41.132364]]]]}}, {"type": "Feature", "properties": {"N03_001": "青森県", "N03_002": null, "N03_003": "下北郡", "N03_004": "風間浦村", "N03_007": "02425", "id": "gci:02425A1968", "code": "02425", "name": "風間浦村"}, "geometry": {"type": "MultiPolygon", "coordinates": [[[[140.960302, 41.516737], [140.960789, 41.51626], [140.960225, 41.515803], [140.959825, 41.51635], [140.960302, 41.516737]]], [[[141.115689, 41.455659], [141.114902, 41.454538], [141.114231, 41.45424], [141.112452, 41.454662], [141.111421, 41.454208], [141.110859, 41.454755], [141.110315, 41.454157], [141.109893, 41.454401], [141.108547, 41.453893], [141.108176, 41.453283], [141.107349, 41.452964], [141.105953, 41.452074], [141.105063, 41.452074], [141.104974, 41.451357], [141.103669, 41.451645], [141.102821, 41.451246], [141.102319, 41.452026], [141.101685, 41.451688], [141.10059, 41.451884], [141.099084, 41.451722], [141.096973, 41.451325], [141.095364, 41.451226], [141.093841, 41.451487], [141.093004, 41.451932], [141.091286, 41.45214], [141.091048, 41.451187], [141.090006, 41.450706], [141.089241, 41.450915], [141.088253, 41.450911], [141.085799, 41.451317], [141.085182, 41.451104], [141.084109, 41.451424], [141.082748, 41.451223], [141.082324, 41.450816], [141.082438, 41.449604], [141.081957, 41.448717], [141.079824, 41.448689], [141.077658, 41.44913], [141.076869, 41.448768], [141.076419, 41.448977], [141.07598, 41.448162], [141.075289, 41.447972], [141.074858, 41.448158], [141.074334, 41.4477], [141.07193, 41.446858], [141.070026, 41.447122], [141.068803, 41.447728], [141.066213, 41.447528], [141.064648, 41.447252], [141.063304, 41.44685], [141.061636, 41.445869], [141.060924, 41.444641], [141.060362, 41.444057], [141.059545, 41.44386], [141.058502, 41.443908], [141.057303, 41.444298], [141.056684, 41.445184], [141.055345, 41.445496], [141.053126, 41.444837], [141.052486, 41.444912], [141.051793, 41.445362], [141.051129, 41.446366], [141.049525, 41.445184], [141.047715, 41.444932], [141.047809, 41.444081], [141.048255, 41.443179], [141.048301, 41.442136], [141.048694, 41.440352], [141.049898, 41.439391], [141.05119, 41.438682], [141.051275, 41.436768], [141.051159, 41.435772], [141.050709, 41.434075], [141.05008, 41.432668], [141.049448, 41.431688], [141.047372, 41.429781], [141.046273, 41.430192], [141.044197, 41.43049], [141.042269, 41.429486], [141.040427, 41.427918], [141.038997, 41.426362], [141.038486, 41.426099], [141.03646, 41.42574], [141.034307, 41.42572], [141.033783, 41.425535], [141.031023, 41.42498], [141.029469, 41.422447], [141.028363, 41.421168], [141.02783, 41.420754], [141.02545, 41.421841], [141.024069, 41.422853], [141.023612, 41.422604], [141.023256, 41.421762], [141.022333, 41.421136], [141.020766, 41.421324], [141.018841, 41.421026], [141.017637, 41.421121], [141.015792, 41.421683], [141.014665, 41.421533], [141.01251, 41.421525], [141.011933, 41.421797], [141.009623, 41.422377], [141.00846, 41.423243], [141.007505, 41.423652], [141.007429, 41.424759], [141.007182, 41.425361], [141.00624, 41.426278], [141.00624, 41.427158], [141.005171, 41.42856], [141.004537, 41.430473], [141.002872, 41.43169], [141.00259, 41.432703], [141.002627, 41.433759], [141.002883, 41.434569], [141.002605, 41.435381], [141.001499, 41.436295], [140.999369, 41.438571], [140.997537, 41.439433], [140.996434, 41.439206], [140.99524, 41.439908], [140.994779, 41.439984], [140.993695, 41.439694], [140.992264, 41.439106], [140.991256, 41.437624], [140.990867, 41.437324], [140.988468, 41.437324], [140.986577, 41.436975], [140.98538, 41.437042], [140.983662, 41.437505], [140.982471, 41.438235], [140.979732, 41.438073], [140.977862, 41.438587], [140.975233, 41.43905], [140.974902, 41.437853], [140.973733, 41.436718], [140.972022, 41.435856], [140.970628, 41.435756], [140.969107, 41.435388], [140.967594, 41.435155], [140.966287, 41.435441], [140.964633, 41.435402], [140.962585, 41.435637], [140.961687, 41.436266], [140.960564, 41.4382], [140.958457, 41.439264], [140.957539, 41.439544], [140.957736, 41.440917], [140.957179, 41.441118], [140.955872, 41.441142], [140.954895, 41.441948], [140.954407, 41.443129], [140.953234, 41.443658], [140.952572, 41.44473], [140.951975, 41.445378], [140.950644, 41.446184], [140.951444, 41.446943], [140.950804, 41.448869], [140.951942, 41.449844], [140.953057, 41.450287], [140.954438, 41.451218], [140.955858, 41.451837], [140.956639, 41.452709], [140.955262, 41.454821], [140.955225, 41.455474], [140.955579, 41.456241], [140.955205, 41.457047], [140.956617, 41.457877], [140.956781, 41.458744], [140.957832, 41.459635], [140.958306, 41.460979], [140.95854, 41.462071], [140.958459, 41.463157], [140.958713, 41.463635], [140.958433, 41.46463], [140.957222, 41.465193], [140.957605, 41.466756], [140.958726, 41.467314], [140.959615, 41.468029], [140.960282, 41.46831], [140.961053, 41.470227], [140.961364, 41.470536], [140.9608, 41.472685], [140.958861, 41.473662], [140.958026, 41.474768], [140.957867, 41.475289], [140.958297, 41.47594], [140.958748, 41.477142], [140.958654, 41.478372], [140.958931, 41.478906], [140.958367, 41.479311], [140.957974, 41.480384], [140.956202, 41.480241], [140.955592, 41.480788], [140.954357, 41.481213], [140.954158, 41.481451], [140.954914, 41.483005], [140.955041, 41.483768], [140.954394, 41.485145], [140.953601, 41.485532], [140.953157, 41.48639], [140.953221, 41.487071], [140.952373, 41.487933], [140.952816, 41.488982], [140.953798, 41.489854], [140.954615, 41.491318], [140.954888, 41.492147], [140.955098, 41.493758], [140.956842, 41.494726], [140.958319, 41.49474], [140.959174, 41.495265], [140.958326, 41.496814], [140.957812, 41.498], [140.957565, 41.498991], [140.957356, 41.501485], [140.955063, 41.503388], [140.954274, 41.504178], [140.952493, 41.505541], [140.951188, 41.506218], [140.950187, 41.506227], [140.94803, 41.506469], [140.947486, 41.506639], [140.946308, 41.508159], [140.946059, 41.509018], [140.945078, 41.509778], [140.944601, 41.510522], [140.942025, 41.510574], [140.941859, 41.510683], [140.940842, 41.512853], [140.94082, 41.514233], [140.940604, 41.51476], [140.93917, 41.516496], [140.937555, 41.517505], [140.935956, 41.518288], [140.934557, 41.520649], [140.933888, 41.521367], [140.934732, 41.522726], [140.935119, 41.523762], [140.936358, 41.524671], [140.936098, 41.525382], [140.936605, 41.525555], [140.937645, 41.527331], [140.937846, 41.528349], [140.937081, 41.528958], [140.938904, 41.528893], [140.939538, 41.529039], [140.939647, 41.52947], [140.94056, 41.529002], [140.940003, 41.52884], [140.941601, 41.528712], [140.942254, 41.528312], [140.942527, 41.527759], [140.941837, 41.527735], [140.942167, 41.526795], [140.942807, 41.526532], [140.944208, 41.525062], [140.944197, 41.524481], [140.944625, 41.524223], [140.944739, 41.523666], [140.946004, 41.52304], [140.948087, 41.522969], [140.950928, 41.522744], [140.952585, 41.52198], [140.953881, 41.520165], [140.954482, 41.518857], [140.955944, 41.517318], [140.956405, 41.517014], [140.957382, 41.515811], [140.958075, 41.515555], [140.958949, 41.515571], [140.959388, 41.516151], [140.959862, 41.516141], [140.960109, 41.51499], [140.960833, 41.514532], [140.961464, 41.514835], [140.962913, 41.51404], [140.963615, 41.513027], [140.963392, 41.511386], [140.963715, 41.510233], [140.964587, 41.508283], [140.965193, 41.507974], [140.968289, 41.505903], [140.969765, 41.506334], [140.96988, 41.506049], [140.968676, 41.505684], [140.969091, 41.504859], [140.970033, 41.50376], [140.969469, 41.503449], [140.97047, 41.502364], [140.971294, 41.501696], [140.971821, 41.500816], [140.972105, 41.499954], [140.973816, 41.498609], [140.974981, 41.498523], [140.977035, 41.49708], [140.977702, 41.496998], [140.980843, 41.495175], [140.981621, 41.495015], [140.983334, 41.494338], [140.983813, 41.494331], [140.987054, 41.493184], [140.989265, 41.492266], [140.990968, 41.49213], [140.992572, 41.491519], [140.994585, 41.490601], [140.994314, 41.490399], [140.994919, 41.489502], [140.995489, 41.489108], [140.997026, 41.488719], [141.000328, 41.487364], [141.001104, 41.486927], [141.001974, 41.487693], [141.000909, 41.486287], [141.001757, 41.485812], [141.002743, 41.485528], [141.004524, 41.485589], [141.009656, 41.485387], [141.0106, 41.485512], [141.012453, 41.484723], [141.015392, 41.484155], [141.016542, 41.483675], [141.017591, 41.484195], [141.018539, 41.484335], [141.019355, 41.483861], [141.019706, 41.483406], [141.020528, 41.483147], [141.021411, 41.483159], [141.021468, 41.483785], [141.023247, 41.483785], [141.023378, 41.483354], [141.024785, 41.4838], [141.025517, 41.483812], [141.026363, 41.483468], [141.028531, 41.483024], [141.03073, 41.482962], [141.032834, 41.483127], [141.034655, 41.482765], [141.035793, 41.482883], [141.036377, 41.483208], [141.038951, 41.483072], [141.040348, 41.48272], [141.041484, 41.48263], [141.042142, 41.482788], [141.043204, 41.482706], [141.043631, 41.482939], [141.044985, 41.483097], [141.047184, 41.483513], [141.050086, 41.482923], [141.052584, 41.483064], [141.054267, 41.482945], [141.05838, 41.483141], [141.061765, 41.482957], [141.063466, 41.482647], [141.066357, 41.482386], [141.069194, 41.481526], [141.069795, 41.481175], [141.070039, 41.480683], [141.070033, 41.47968], [141.070383, 41.478785], [141.071775, 41.477991], [141.074996, 41.476602], [141.075372, 41.476296], [141.076878, 41.475867], [141.078416, 41.475275], [141.080429, 41.473828], [141.082094, 41.473158], [141.082726, 41.473168], [141.083847, 41.472602], [141.085558, 41.472701], [141.086142, 41.471605], [141.08794, 41.470694], [141.090032, 41.471443], [141.092565, 41.470391], [141.092552, 41.470302], [141.090312, 41.471232], [141.089612, 41.470082], [141.091009, 41.469509], [141.091348, 41.469976], [141.092246, 41.469551], [141.091758, 41.468896], [141.094031, 41.467876], [141.094464, 41.468737], [141.09395, 41.469571], [141.093548, 41.471319], [141.094071, 41.469593], [141.094346, 41.469153], [141.095439, 41.468687], [141.094488, 41.467413], [141.095758, 41.467329], [141.097524, 41.467634], [141.099729, 41.467319], [141.099602, 41.466676], [141.100732, 41.466749], [141.10165, 41.46543], [141.102463, 41.46515], [141.103551, 41.465205], [141.103649, 41.465608], [141.104991, 41.465499], [141.105807, 41.466004], [141.106108, 41.46521], [141.106803, 41.465708], [141.107384, 41.465375], [141.106768, 41.465032], [141.107483, 41.464898], [141.106871, 41.464521], [141.107902, 41.46345], [141.109434, 41.463684], [141.109192, 41.463012], [141.110466, 41.46334], [141.11049, 41.463026], [141.111218, 41.463095], [141.112656, 41.462945], [141.113375, 41.462071], [141.112767, 41.461601], [141.111207, 41.461105], [141.111364, 41.460603], [141.112654, 41.461003], [141.111307, 41.460393], [141.111591, 41.4596], [141.112138, 41.459124], [141.112752, 41.458147], [141.114052, 41.456701], [141.115689, 41.455659]]]]}}, {"type": "Feature", "properties": {"N03_001": "青森県", "N03_002": null, "N03_003": "下北郡", "N03_004": "佐井村", "N03_007": "02426", "id": "gci:02426A1968", "code": "02426", "name": "佐井村"}, "geometry": {"type": "MultiPolygon", "coordinates": [[[[140.797276, 41.295327], [140.797309, 41.294244], [140.797107, 41.294246], [140.797276, 41.295327]]], [[[140.836682, 41.419538], [140.836358, 41.418835], [140.835963, 41.419017], [140.836682, 41.419538]]], [[[140.940368, 41.421059], [140.940622, 41.419997], [140.940589, 41.419277], [140.939767, 41.417617], [140.939336, 41.415512], [140.938399, 41.414913], [140.937728, 41.414722], [140.938502, 41.413788], [140.939044, 41.412052], [140.938462, 41.410918], [140.937894, 41.41027], [140.937514, 41.409367], [140.937223, 41.407699], [140.935905, 41.407554], [140.934793, 41.40726], [140.934209, 41.406678], [140.934754, 41.405306], [140.933401, 41.404524], [140.932704, 41.403923], [140.932363, 41.402419], [140.931666, 41.401237], [140.93059, 41.400684], [140.928794, 41.400284], [140.928274, 41.399769], [140.927629, 41.398553], [140.927933, 41.397952], [140.930756, 41.397161], [140.931312, 41.396523], [140.932146, 41.395073], [140.932579, 41.39476], [140.933604, 41.39452], [140.933615, 41.393986], [140.933224, 41.393055], [140.931805, 41.391959], [140.931274, 41.39092], [140.929338, 41.389594], [140.928997, 41.388097], [140.927542, 41.38644], [140.927072, 41.384525], [140.92663, 41.383438], [140.925717, 41.382761], [140.925566, 41.382379], [140.924681, 41.381674], [140.923732, 41.381436], [140.922541, 41.381408], [140.920214, 41.381857], [140.919036, 41.381181], [140.916595, 41.380791], [140.915493, 41.380791], [140.91496, 41.380532], [140.914416, 41.379084], [140.913708, 41.377911], [140.912923, 41.376976], [140.911618, 41.374509], [140.911468, 41.373757], [140.912215, 41.373279], [140.914138, 41.372784], [140.915227, 41.372236], [140.916606, 41.371254], [140.91743, 41.370205], [140.918455, 41.369452], [140.918645, 41.369043], [140.918328, 41.368395], [140.917329, 41.367716], [140.91586, 41.367212], [140.914746, 41.3656], [140.91138, 41.365432], [140.910353, 41.365575], [140.909051, 41.366156], [140.906393, 41.365765], [140.904837, 41.364935], [140.902481, 41.364544], [140.903545, 41.361903], [140.902381, 41.361727], [140.899987, 41.361135], [140.898838, 41.360145], [140.898053, 41.359687], [140.896976, 41.358646], [140.895824, 41.357883], [140.894458, 41.357177], [140.892382, 41.354689], [140.891003, 41.353871], [140.890409, 41.353281], [140.889194, 41.352756], [140.888219, 41.352718], [140.887091, 41.352297], [140.884574, 41.350911], [140.884093, 41.350158], [140.883979, 41.34931], [140.884117, 41.347536], [140.883448, 41.34674], [140.882104, 41.345949], [140.881953, 41.345225], [140.880181, 41.344501], [140.880181, 41.342002], [140.879422, 41.340908], [140.878295, 41.340155], [140.877206, 41.338725], [140.875991, 41.337458], [140.875663, 41.336905], [140.874499, 41.335949], [140.874101, 41.33541], [140.874544, 41.334445], [140.875799, 41.33345], [140.875965, 41.333048], [140.87499, 41.331901], [140.873554, 41.330697], [140.873251, 41.329842], [140.872425, 41.328853], [140.872569, 41.327692], [140.870163, 41.325381], [140.869973, 41.323807], [140.869658, 41.322472], [140.869136, 41.321369], [140.868709, 41.321024], [140.86754, 41.321], [140.867003, 41.32168], [140.866402, 41.321942], [140.864126, 41.322203], [140.862909, 41.321834], [140.861552, 41.321858], [140.861093, 41.321452], [140.860872, 41.319022], [140.860588, 41.318247], [140.859766, 41.317069], [140.859434, 41.315353], [140.85776, 41.314948], [140.855815, 41.314031], [140.853193, 41.313301], [140.85264, 41.313396], [140.851534, 41.314099], [140.850207, 41.314541], [140.849464, 41.314541], [140.848737, 41.314052], [140.849038, 41.313301], [140.848927, 41.312538], [140.847788, 41.310713], [140.84651, 41.308079], [140.845799, 41.306887], [140.844755, 41.306411], [140.843998, 41.306327], [140.842069, 41.306958], [140.840489, 41.306744], [140.839588, 41.307923], [140.839225, 41.308151], [140.838655, 41.306929], [140.837803, 41.305928], [140.837613, 41.305296], [140.837962, 41.3047], [140.836507, 41.30296], [140.835781, 41.3029], [140.834942, 41.302316], [140.834122, 41.300096], [140.834153, 41.299345], [140.834706, 41.298629], [140.836319, 41.297628], [140.837361, 41.296639], [140.83951, 41.296043], [140.84079, 41.295043], [140.841848, 41.294792], [140.843461, 41.294816], [140.844914, 41.294339], [140.846446, 41.294089], [140.846068, 41.291752], [140.846684, 41.29106], [140.848059, 41.290834], [140.849449, 41.290262], [140.85073, 41.289068], [140.851978, 41.287174], [140.851328, 41.286519], [140.850682, 41.285529], [140.850301, 41.284433], [140.850319, 41.283682], [140.849939, 41.283077], [140.850004, 41.28249], [140.850745, 41.281493], [140.852104, 41.280479], [140.852183, 41.279634], [140.853053, 41.278168], [140.852799, 41.277322], [140.852216, 41.276676], [140.852627, 41.275711], [140.853859, 41.275831], [140.854948, 41.275508], [140.855564, 41.274782], [140.855721, 41.273673], [140.854159, 41.2717], [140.853385, 41.270861], [140.853907, 41.270433], [140.853621, 41.269789], [140.854996, 41.26958], [140.857966, 41.267894], [140.858884, 41.267918], [140.860053, 41.268241], [140.859974, 41.267155], [140.860875, 41.266309], [140.861349, 41.265118], [140.862122, 41.265154], [140.863639, 41.263747], [140.864161, 41.263521], [140.865204, 41.26245], [140.864856, 41.26226], [140.864633, 41.261128], [140.867005, 41.261199], [140.867068, 41.260353], [140.867794, 41.259757], [140.868838, 41.259638], [140.870938, 41.260318], [140.871271, 41.25965], [140.86928, 41.258542], [140.86827, 41.258292], [140.867874, 41.258423], [140.867464, 41.259091], [140.86683, 41.259079], [140.865204, 41.259436], [140.863482, 41.260282], [140.862691, 41.259711], [140.860796, 41.259686], [140.859799, 41.260163], [140.859579, 41.260532], [140.858173, 41.261021], [140.857461, 41.26071], [140.856418, 41.261534], [140.855612, 41.261068], [140.854932, 41.26108], [140.854316, 41.261736], [140.853621, 41.261414], [140.852421, 41.26158], [140.851851, 41.262319], [140.850273, 41.263013], [140.849971, 41.26256], [140.849403, 41.262715], [140.849244, 41.263478], [140.847808, 41.264193], [140.848155, 41.264431], [140.84779, 41.265514], [140.847174, 41.265647], [140.846953, 41.266099], [140.845941, 41.266384], [140.842829, 41.268159], [140.842418, 41.269315], [140.841817, 41.269756], [140.841328, 41.269542], [140.83959, 41.269326], [140.8385, 41.269683], [140.837551, 41.269588], [140.835276, 41.269041], [140.834645, 41.269017], [140.833049, 41.270864], [140.83169, 41.271185], [140.829382, 41.270375], [140.827013, 41.269732], [140.825765, 41.268874], [140.825418, 41.268147], [140.824249, 41.26649], [140.823853, 41.265715], [140.822747, 41.264798], [140.822463, 41.264261], [140.821989, 41.262643], [140.821563, 41.262189], [140.820741, 41.262034], [140.819729, 41.260939], [140.818783, 41.260214], [140.817203, 41.257676], [140.815922, 41.256186], [140.817471, 41.254505], [140.818166, 41.253575], [140.818818, 41.252076], [140.820468, 41.249869], [140.822668, 41.248599], [140.823604, 41.247572], [140.823141, 41.246066], [140.823239, 41.245789], [140.822786, 41.243941], [140.823617, 41.241652], [140.823313, 41.240894], [140.822808, 41.24031], [140.822819, 41.239446], [140.821934, 41.238827], [140.821427, 41.237728], [140.820383, 41.237638], [140.819508, 41.235927], [140.818938, 41.235146], [140.818851, 41.233989], [140.817998, 41.232751], [140.816274, 41.232516], [140.81512, 41.231684], [140.813369, 41.231417], [140.810404, 41.230839], [140.809357, 41.22969], [140.807449, 41.228982], [140.806098, 41.228192], [140.805194, 41.227816], [140.804901, 41.227044], [140.804114, 41.226221], [140.801537, 41.225675], [140.800477, 41.225097], [140.798279, 41.222841], [140.797156, 41.222425], [140.796026, 41.222418], [140.793609, 41.222801], [140.792715, 41.222841], [140.792197, 41.222002], [140.792142, 41.219567], [140.792402, 41.218624], [140.792575, 41.216977], [140.79186, 41.216506], [140.790413, 41.215952], [140.78967, 41.215138], [140.789454, 41.214568], [140.788538, 41.213582], [140.786995, 41.213663], [140.785811, 41.213412], [140.784473, 41.212239], [140.783378, 41.211767], [140.780931, 41.210505], [140.779777, 41.210234], [140.778284, 41.210135], [140.779449, 41.210897], [140.778857, 41.211215], [140.779276, 41.21161], [140.779003, 41.211973], [140.779405, 41.213137], [140.779276, 41.214139], [140.779641, 41.214232], [140.779351, 41.2148], [140.779565, 41.215762], [140.779652, 41.217261], [140.780881, 41.218005], [140.780426, 41.218348], [140.78059, 41.219401], [140.780806, 41.219407], [140.781626, 41.220429], [140.781781, 41.221056], [140.782253, 41.221318], [140.782625, 41.221953], [140.78264, 41.222813], [140.782273, 41.223643], [140.783403, 41.225189], [140.783208, 41.226], [140.783566, 41.226518], [140.783212, 41.22767], [140.784113, 41.228888], [140.783936, 41.229248], [140.784849, 41.229934], [140.78516, 41.23114], [140.784528, 41.231762], [140.784688, 41.232312], [140.785345, 41.232553], [140.785549, 41.233487], [140.785275, 41.233922], [140.784567, 41.234084], [140.785481, 41.234261], [140.785444, 41.235519], [140.784388, 41.23652], [140.784314, 41.237187], [140.783905, 41.237289], [140.784032, 41.237874], [140.783368, 41.237912], [140.783816, 41.238315], [140.784576, 41.238398], [140.78472, 41.239693], [140.784161, 41.24084], [140.782994, 41.241866], [140.781829, 41.24238], [140.782281, 41.243144], [140.782144, 41.243842], [140.781573, 41.244519], [140.781711, 41.245472], [140.78151, 41.246674], [140.780894, 41.247066], [140.780699, 41.247773], [140.780245, 41.247825], [140.780432, 41.248629], [140.779652, 41.249964], [140.779984, 41.251996], [140.779685, 41.252918], [140.7801, 41.253542], [140.780717, 41.253717], [140.78269, 41.253657], [140.784235, 41.25461], [140.784567, 41.255473], [140.785164, 41.255746], [140.785452, 41.256947], [140.785282, 41.257985], [140.785358, 41.258826], [140.785798, 41.259499], [140.785828, 41.260603], [140.785638, 41.26138], [140.786965, 41.262375], [140.787588, 41.262682], [140.788086, 41.263512], [140.788033, 41.264181], [140.788868, 41.264773], [140.788989, 41.265458], [140.78849, 41.265624], [140.789345, 41.26604], [140.789688, 41.266715], [140.789974, 41.267867], [140.788989, 41.268219], [140.790009, 41.268437], [140.790368, 41.268812], [140.789764, 41.269247], [140.789845, 41.269915], [140.790394, 41.270433], [140.790984, 41.270469], [140.791585, 41.271195], [140.790014, 41.273673], [140.790099, 41.274024], [140.789432, 41.274111], [140.790201, 41.275049], [140.790848, 41.274832], [140.791904, 41.27567], [140.791521, 41.276108], [140.792127, 41.276063], [140.792822, 41.276366], [140.794516, 41.278108], [140.795742, 41.278869], [140.795803, 41.279356], [140.795213, 41.279856], [140.795132, 41.280724], [140.795661, 41.281501], [140.794856, 41.282043], [140.794922, 41.282625], [140.795586, 41.283421], [140.795516, 41.284013], [140.796284, 41.284514], [140.796694, 41.284265], [140.79721, 41.284701], [140.797431, 41.285894], [140.797966, 41.286501], [140.797472, 41.287219], [140.796871, 41.287427], [140.796926, 41.287817], [140.79759, 41.288323], [140.798058, 41.288312], [140.797931, 41.290087], [140.798038, 41.291551], [140.798502, 41.292202], [140.798567, 41.293728], [140.799114, 41.293406], [140.799173, 41.292147], [140.800919, 41.291933], [140.801564, 41.292127], [140.802077, 41.292618], [140.801373, 41.293473], [140.800611, 41.293863], [140.80105, 41.294244], [140.800305, 41.29416], [140.799977, 41.294473], [140.799369, 41.295893], [140.799358, 41.296609], [140.798399, 41.2972], [140.798222, 41.298135], [140.798375, 41.298974], [140.799114, 41.299218], [140.800014, 41.29895], [140.799935, 41.299354], [140.798845, 41.299745], [140.79869, 41.300286], [140.798865, 41.301351], [140.79973, 41.30235], [140.800711, 41.302714], [140.801188, 41.302594], [140.802213, 41.302931], [140.802162, 41.303525], [140.799925, 41.303674], [140.799887, 41.30396], [140.800803, 41.30524], [140.801319, 41.305609], [140.801596, 41.306755], [140.802101, 41.307195], [140.803607, 41.309481], [140.803391, 41.311148], [140.804276, 41.311382], [140.803522, 41.31183], [140.805047, 41.311803], [140.805561, 41.312283], [140.806254, 41.314155], [140.805334, 41.314846], [140.805128, 41.316445], [140.80395, 41.317728], [140.803198, 41.317942], [140.802608, 41.318409], [140.80254, 41.319227], [140.80197, 41.319502], [140.801616, 41.319172], [140.800556, 41.319446], [140.80081, 41.319845], [140.799726, 41.320103], [140.798849, 41.320802], [140.798825, 41.321539], [140.799492, 41.321675], [140.799151, 41.322246], [140.799398, 41.322486], [140.80162, 41.32279], [140.80166, 41.323144], [140.802853, 41.323757], [140.803487, 41.324342], [140.804564, 41.325987], [140.805274, 41.325958], [140.80624, 41.32669], [140.806278, 41.326972], [140.807196, 41.327136], [140.806828, 41.328284], [140.805965, 41.328423], [140.804759, 41.328303], [140.804708, 41.328557], [140.803443, 41.328109], [140.802206, 41.328198], [140.801339, 41.327621], [140.801008, 41.328047], [140.802176, 41.328996], [140.803384, 41.329228], [140.804217, 41.330349], [140.804033, 41.330681], [140.805143, 41.331051], [140.805268, 41.331661], [140.804733, 41.331921], [140.804955, 41.332327], [140.80546, 41.332242], [140.806247, 41.33297], [140.807034, 41.332985], [140.807296, 41.333587], [140.808109, 41.33348], [140.811514, 41.334295], [140.813074, 41.335008], [140.814285, 41.335949], [140.815063, 41.336963], [140.81646, 41.338341], [140.816803, 41.339113], [140.81675, 41.34141], [140.817161, 41.342153], [140.81891, 41.343391], [140.820352, 41.346139], [140.820514, 41.347895], [140.82097, 41.35102], [140.820806, 41.351633], [140.822039, 41.353256], [140.822876, 41.355423], [140.823294, 41.356778], [140.823324, 41.358425], [140.823658, 41.358775], [140.823794, 41.360884], [140.824161, 41.361626], [140.824721, 41.364053], [140.824727, 41.365054], [140.824345, 41.365405], [140.824891, 41.365674], [140.8246, 41.366876], [140.824981, 41.367728], [140.824869, 41.368443], [140.824163, 41.368795], [140.824482, 41.369464], [140.825451, 41.369655], [140.825608, 41.370008], [140.826834, 41.370003], [140.82754, 41.370802], [140.827173, 41.371299], [140.827302, 41.372778], [140.826945, 41.373865], [140.827693, 41.375267], [140.827872, 41.375937], [140.827761, 41.377035], [140.827999, 41.378065], [140.827588, 41.379753], [140.827544, 41.381256], [140.827267, 41.382489], [140.826788, 41.382473], [140.826915, 41.383165], [140.827304, 41.383662], [140.827092, 41.384098], [140.827634, 41.384517], [140.827415, 41.384865], [140.827131, 41.386492], [140.827573, 41.387957], [140.827424, 41.388586], [140.827835, 41.390124], [140.828895, 41.391818], [140.828831, 41.392564], [140.829262, 41.393899], [140.830425, 41.395297], [140.830997, 41.395779], [140.830669, 41.398787], [140.831441, 41.399789], [140.830707, 41.401032], [140.830892, 41.401091], [140.831594, 41.399781], [140.831002, 41.398935], [140.831511, 41.398553], [140.832337, 41.399202], [140.832691, 41.400008], [140.832614, 41.400438], [140.833447, 41.400572], [140.833069, 41.401574], [140.833264, 41.401807], [140.832837, 41.403257], [140.833613, 41.404396], [140.833432, 41.404981], [140.83273, 41.405209], [140.834865, 41.405804], [140.835821, 41.406204], [140.836236, 41.406813], [140.836052, 41.407069], [140.83629, 41.408056], [140.835914, 41.408894], [140.835838, 41.409636], [140.836533, 41.410324], [140.836599, 41.410943], [140.837497, 41.411538], [140.838747, 41.412857], [140.83897, 41.413786], [140.838139, 41.414176], [140.837186, 41.41418], [140.837086, 41.414861], [140.837562, 41.415126], [140.83718, 41.41556], [140.835517, 41.415404], [140.835222, 41.415728], [140.835654, 41.416679], [140.836279, 41.417036], [140.837248, 41.417043], [140.838259, 41.417422], [140.838277, 41.418294], [140.837689, 41.418961], [140.837125, 41.419105], [140.837776, 41.419405], [140.837586, 41.42003], [140.837825, 41.420381], [140.838299, 41.419995], [140.839752, 41.419642], [140.840065, 41.41984], [140.841584, 41.419223], [140.842569, 41.419289], [140.844731, 41.420177], [140.844809, 41.421187], [140.845336, 41.421284], [140.844632, 41.420608], [140.844759, 41.420358], [140.845895, 41.420614], [140.847493, 41.420744], [140.848157, 41.421727], [140.848874, 41.421877], [140.849744, 41.423408], [140.849042, 41.423864], [140.849755, 41.424005], [140.84996, 41.424367], [140.849071, 41.424585], [140.849394, 41.425529], [140.850078, 41.425507], [140.851068, 41.425921], [140.851645, 41.427365], [140.852067, 41.428001], [140.852358, 41.429527], [140.852985, 41.430403], [140.854078, 41.431176], [140.853916, 41.431457], [140.854771, 41.431774], [140.854023, 41.432874], [140.855562, 41.433464], [140.856086, 41.434182], [140.856796, 41.433804], [140.859554, 41.435036], [140.860717, 41.436491], [140.86082, 41.436445], [140.859642, 41.43497], [140.85693, 41.433755], [140.856973, 41.43366], [140.854904, 41.432916], [140.855522, 41.431949], [140.858877, 41.433178], [140.859933, 41.433484], [140.860761, 41.433431], [140.862981, 41.434415], [140.863418, 41.433893], [140.864701, 41.434532], [140.865116, 41.435607], [140.866227, 41.435643], [140.866006, 41.436151], [140.866653, 41.436508], [140.866423, 41.438233], [140.865873, 41.439234], [140.86662, 41.44045], [140.866705, 41.441893], [140.867236, 41.44253], [140.867182, 41.442975], [140.86667, 41.443331], [140.866161, 41.445505], [140.865615, 41.445077], [140.865578, 41.445592], [140.865134, 41.445889], [140.866091, 41.446004], [140.866456, 41.446854], [140.867877, 41.448531], [140.869365, 41.44908], [140.870386, 41.450035], [140.870899, 41.450891], [140.872031, 41.450326], [140.872879, 41.450183], [140.874577, 41.450722], [140.875825, 41.451784], [140.877735, 41.452426], [140.878885, 41.453295], [140.879599, 41.454949], [140.87935, 41.45602], [140.878821, 41.456411], [140.87751, 41.456542], [140.878443, 41.458073], [140.878996, 41.458714], [140.878904, 41.459662], [140.879564, 41.460695], [140.880113, 41.461049], [140.880406, 41.461705], [140.881503, 41.46253], [140.881916, 41.46338], [140.882237, 41.463458], [140.883479, 41.464839], [140.883422, 41.465395], [140.884447, 41.466151], [140.884952, 41.46712], [140.884882, 41.467675], [140.884254, 41.467987], [140.882672, 41.467861], [140.882165, 41.468195], [140.885616, 41.468505], [140.886116, 41.468329], [140.888072, 41.468667], [140.889231, 41.466922], [140.89064, 41.465506], [140.892067, 41.464867], [140.892679, 41.463724], [140.892692, 41.462943], [140.893199, 41.462251], [140.894181, 41.461603], [140.895046, 41.461465], [140.896368, 41.461536], [140.897465, 41.461407], [140.897695, 41.460954], [140.897549, 41.460216], [140.898117, 41.45971], [140.897997, 41.458171], [140.898093, 41.457313], [140.897015, 41.45593], [140.896989, 41.454611], [140.896731, 41.453896], [140.896742, 41.452875], [140.896482, 41.451899], [140.896781, 41.450855], [140.898182, 41.45013], [140.899, 41.449167], [140.899035, 41.4484], [140.898574, 41.446945], [140.898991, 41.446532], [140.899349, 41.445583], [140.900007, 41.444801], [140.900807, 41.444267], [140.901972, 41.443928], [140.901688, 41.443228], [140.901933, 41.442566], [140.901065, 41.441645], [140.901511, 41.440554], [140.902162, 41.439778], [140.903893, 41.438814], [140.904817, 41.4378], [140.90511, 41.437093], [140.906295, 41.435926], [140.906327, 41.434982], [140.907057, 41.434649], [140.908104, 41.433408], [140.908675, 41.43348], [140.909864, 41.434387], [140.910642, 41.434201], [140.911706, 41.434247], [140.912556, 41.434677], [140.913834, 41.43381], [140.914991, 41.432689], [140.916431, 41.432274], [140.916665, 41.432012], [140.917051, 41.430679], [140.916621, 41.429972], [140.916754, 41.428028], [140.918522, 41.425535], [140.919759, 41.425154], [140.921027, 41.424329], [140.922795, 41.423639], [140.923232, 41.422999], [140.92665, 41.425463], [140.928392, 41.427356], [140.929603, 41.427095], [140.930933, 41.426427], [140.932938, 41.425602], [140.933792, 41.425426], [140.934985, 41.42442], [140.936519, 41.422213], [140.937623, 41.421927], [140.938676, 41.421207], [140.940368, 41.421059]]]]}}, {"type": "Feature", "properties": {"OBJECTID": 2243, "N03_001": "青森県", "N03_002": null, "N03_003": "三戸郡", "N03_004": "三戸町", "N03_007": "02441", "Shape_Leng": 0.980023421486948, "Shape_Area": 0.016097084094642, "id": "gci:02441A1968", "code": "02441", "name": "三戸町"}, "geometry": {"type": "MultiPolygon", "coordinates": [[[[141.211016, 40.414058], [141.212137, 40.413773], [141.213486, 40.411819], [141.215538, 40.411049], [141.216231, 40.410214], [141.216897, 40.409052], [141.216917, 40.407798], [141.217372, 40.406872], [141.218257, 40.405756], [141.219885, 40.404969], [141.220258, 40.404951], [141.220641, 40.404215], [141.221321, 40.403856], [141.222385, 40.402778], [141.223128, 40.401827], [141.223097, 40.40096], [141.223469, 40.400459], [141.224634, 40.399858], [141.227652, 40.400489], [141.228609, 40.400877], [141.230001, 40.400252], [141.231538, 40.400568], [141.232405, 40.401173], [141.233725, 40.401169], [141.234383, 40.400849], [141.234921, 40.401159], [141.235657, 40.400888], [141.236223, 40.401056], [141.238376, 40.402333], [141.239058, 40.40243], [141.239565, 40.401945], [141.241326, 40.401949], [141.243151, 40.402387], [141.244226, 40.402823], [141.246458, 40.403027], [141.248036, 40.403784], [141.248639, 40.403449], [141.249436, 40.403443], [141.250907, 40.403045], [141.252138, 40.403172], [141.252693, 40.403415], [141.2525, 40.404204], [141.252188, 40.404274], [141.252223, 40.405105], [141.252721, 40.405698], [141.254185, 40.406252], [141.254483, 40.406022], [141.253987, 40.404816], [141.253447, 40.404077], [141.253442, 40.403239], [141.25473, 40.402669], [141.255558, 40.401747], [141.255999, 40.401522], [141.257606, 40.401632], [141.258934, 40.401078], [141.259347, 40.401442], [141.261196, 40.40229], [141.263784, 40.403259], [141.264169, 40.401874], [141.265163, 40.400438], [141.265845, 40.399146], [141.267324, 40.396978], [141.26921, 40.394546], [141.269894, 40.393186], [141.271214, 40.392505], [141.272364, 40.392295], [141.273015, 40.392552], [141.275775, 40.39327], [141.276873, 40.393308], [141.278612, 40.393626], [141.280024, 40.39478], [141.280723, 40.394638], [141.281604, 40.395], [141.28219, 40.395648], [141.283084, 40.396151], [141.284871, 40.39674], [141.286755, 40.396756], [141.287505, 40.396202], [141.28834, 40.395043], [141.288842, 40.394629], [141.288941, 40.393715], [141.28922, 40.393451], [141.290057, 40.393435], [141.292999, 40.391208], [141.295246, 40.389952], [141.295731, 40.389473], [141.29615, 40.388587], [141.297571, 40.38797], [141.298082, 40.387222], [141.298906, 40.386823], [141.300552, 40.38632], [141.301245, 40.385857], [141.302296, 40.385584], [141.303264, 40.385631], [141.304838, 40.386159], [141.305703, 40.38718], [141.307021, 40.387322], [141.307939, 40.38768], [141.30845, 40.388148], [141.308885, 40.387681], [141.309833, 40.387324], [141.310745, 40.387387], [141.312491, 40.384473], [141.313332, 40.384097], [141.313645, 40.383114], [141.314624, 40.382509], [141.314139, 40.38189], [141.314104, 40.380967], [141.313158, 40.379249], [141.313424, 40.378605], [141.313389, 40.377366], [141.314215, 40.376739], [141.314084, 40.376517], [141.315079, 40.37522], [141.315332, 40.374399], [141.316383, 40.372989], [141.317098, 40.372657], [141.315854, 40.372556], [141.314843, 40.371176], [141.314336, 40.370854], [141.314364, 40.369837], [141.313968, 40.36939], [141.312766, 40.36902], [141.312277, 40.368078], [141.310926, 40.36735], [141.310373, 40.366833], [141.308846, 40.366428], [141.307548, 40.36645], [141.306586, 40.36618], [141.305873, 40.365606], [141.30343, 40.36612], [141.301413, 40.365919], [141.300532, 40.365531], [141.298935, 40.365839], [141.297341, 40.365396], [141.295952, 40.364468], [141.295462, 40.3638], [141.294732, 40.363702], [141.293491, 40.363231], [141.293539, 40.362814], [141.294951, 40.362383], [141.295829, 40.361347], [141.295744, 40.360087], [141.295145, 40.359477], [141.293198, 40.358903], [141.29195, 40.357882], [141.291957, 40.357461], [141.292542, 40.356034], [141.292888, 40.353805], [141.292824, 40.352877], [141.292319, 40.351668], [141.290765, 40.350306], [141.288834, 40.3492], [141.283189, 40.347255], [141.281125, 40.346347], [141.280194, 40.345115], [141.279532, 40.344751], [141.277176, 40.344181], [141.276274, 40.344224], [141.275089, 40.344671], [141.273911, 40.345483], [141.271617, 40.346458], [141.269409, 40.347777], [141.267449, 40.349093], [141.266839, 40.349364], [141.264603, 40.349975], [141.263603, 40.349956], [141.262429, 40.349476], [141.261367, 40.348613], [141.260637, 40.347595], [141.259809, 40.345617], [141.259935, 40.344457], [141.260943, 40.343549], [141.26093, 40.342964], [141.26013, 40.341872], [141.259481, 40.341695], [141.258124, 40.341714], [141.256858, 40.341547], [141.255252, 40.341681], [141.254166, 40.34205], [141.253056, 40.3417], [141.251849, 40.341582], [141.250107, 40.341105], [141.248379, 40.341004], [141.24717, 40.340312], [141.246788, 40.33934], [141.245566, 40.338262], [141.245177, 40.33749], [141.242974, 40.336067], [141.240977, 40.33543], [141.240249, 40.335334], [141.23915, 40.334599], [141.238398, 40.334394], [141.237805, 40.333872], [141.237143, 40.332531], [141.235642, 40.331065], [141.234735, 40.330589], [141.232989, 40.330119], [141.232735, 40.329667], [141.232685, 40.328774], [141.232431, 40.328347], [141.2318, 40.328117], [141.230069, 40.328148], [141.228812, 40.327792], [141.227536, 40.328057], [141.226317, 40.327955], [141.22558, 40.327212], [141.225091, 40.326393], [141.225447, 40.325712], [141.225307, 40.325356], [141.223917, 40.324862], [141.223954, 40.323885], [141.223382, 40.322661], [141.221985, 40.321691], [141.221583, 40.321063], [141.221533, 40.320478], [141.22006, 40.319532], [141.218604, 40.318049], [141.218545, 40.31685], [141.218746, 40.316397], [141.218657, 40.315324], [141.216397, 40.314684], [141.213501, 40.314323], [141.212043, 40.314323], [141.210959, 40.314009], [141.209244, 40.31402], [141.206866, 40.312411], [141.205282, 40.312466], [141.204145, 40.312146], [141.202222, 40.310964], [141.20182, 40.310302], [141.199888, 40.309397], [141.199702, 40.308795], [141.198476, 40.308354], [141.197672, 40.307699], [141.196017, 40.307799], [141.194182, 40.307649], [141.193364, 40.30731], [141.191566, 40.307678], [141.19077, 40.307673], [141.189411, 40.30719], [141.188899, 40.307178], [141.187934, 40.307636], [141.187048, 40.307739], [141.185615, 40.30766], [141.183884, 40.308203], [141.182605, 40.308896], [141.18051, 40.308872], [141.179506, 40.309149], [141.178958, 40.309614], [141.177367, 40.309908], [141.176401, 40.309728], [141.173614, 40.309848], [141.172782, 40.310102], [141.171951, 40.309764], [141.171691, 40.308938], [141.170887, 40.308668], [141.16996, 40.307943], [141.169351, 40.307756], [141.168933, 40.306846], [141.168509, 40.306647], [141.166081, 40.306653], [141.164506, 40.306244], [141.1618, 40.306062], [141.160961, 40.305821], [141.159193, 40.304787], [141.159182, 40.307199], [141.158845, 40.309936], [141.159588, 40.310752], [141.161271, 40.311788], [141.162305, 40.312771], [141.162097, 40.313611], [141.163118, 40.315075], [141.166446, 40.31581], [141.167513, 40.315903], [141.168413, 40.316506], [141.170067, 40.317002], [141.170972, 40.31759], [141.171449, 40.318418], [141.172491, 40.319366], [141.172249, 40.320741], [141.171584, 40.321313], [141.170854, 40.322634], [141.170675, 40.323533], [141.169853, 40.324128], [141.17045, 40.325378], [141.171875, 40.326587], [141.172609, 40.328458], [141.17483, 40.328995], [141.17564, 40.329582], [141.178202, 40.331053], [141.178595, 40.331566], [141.1811, 40.332271], [141.181366, 40.332555], [141.182533, 40.333025], [141.182363, 40.334029], [141.181224, 40.335539], [141.181239, 40.33643], [141.179856, 40.337641], [141.180059, 40.338638], [141.179377, 40.339223], [141.178916, 40.340815], [141.179104, 40.342899], [141.178798, 40.343596], [141.178892, 40.344078], [141.178457, 40.344305], [141.177747, 40.345305], [141.17721, 40.345171], [141.177002, 40.345862], [141.177607, 40.346522], [141.178357, 40.346705], [141.180896, 40.348697], [141.181244, 40.349202], [141.182918, 40.350923], [141.183357, 40.351588], [141.183466, 40.352259], [141.182577, 40.352957], [141.181353, 40.352035], [141.180153, 40.352967], [141.180055, 40.354119], [141.178962, 40.354996], [141.177968, 40.355261], [141.178012, 40.355636], [141.178982, 40.355807], [141.180885, 40.356753], [141.181707, 40.357021], [141.180068, 40.357815], [141.177765, 40.357935], [141.176952, 40.357724], [141.175999, 40.357729], [141.175046, 40.357413], [141.174008, 40.357709], [141.172478, 40.357714], [141.170701, 40.358084], [141.168074, 40.359129], [141.167517, 40.359591], [141.165301, 40.359874], [141.164637, 40.360556], [141.164903, 40.360813], [141.165006, 40.361746], [141.165607, 40.362566], [141.165734, 40.363798], [141.166149, 40.364733], [141.165721, 40.365772], [141.165657, 40.366567], [141.164704, 40.367247], [141.163988, 40.367381], [141.162427, 40.366596], [141.160412, 40.366761], [141.158465, 40.366508], [141.156601, 40.365665], [141.1561, 40.365651], [141.155198, 40.366504], [141.155012, 40.367067], [141.154201, 40.367188], [141.153349, 40.366892], [141.15291, 40.366477], [141.150849, 40.365746], [141.1499, 40.365943], [141.148493, 40.365693], [141.147031, 40.366029], [141.146637, 40.365737], [141.145551, 40.365603], [141.144432, 40.365226], [141.143844, 40.364771], [141.14295, 40.364775], [141.140605, 40.367361], [141.139657, 40.368277], [141.139148, 40.368529], [141.13908, 40.368996], [141.138494, 40.368932], [141.137498, 40.369333], [141.13729, 40.369643], [141.136388, 40.369669], [141.135, 40.370128], [141.134453, 40.370035], [141.132076, 40.370272], [141.130343, 40.369894], [141.127108, 40.370306], [141.126811, 40.371008], [141.124986, 40.370545], [141.124667, 40.370942], [141.124879, 40.371345], [141.124359, 40.371654], [141.12362, 40.3717], [141.123364, 40.372061], [141.122639, 40.37091], [141.121911, 40.370729], [141.122158, 40.37113], [141.121039, 40.371772], [141.12032, 40.37185], [141.120493, 40.372376], [141.120132, 40.372547], [141.119295, 40.372358], [141.118578, 40.371768], [141.117623, 40.371816], [141.117877, 40.372253], [141.117066, 40.37299], [141.116817, 40.373669], [141.115693, 40.373151], [141.115239, 40.373369], [141.115121, 40.374027], [141.114262, 40.374683], [141.113303, 40.374798], [141.112474, 40.374294], [141.112055, 40.374314], [141.110938, 40.374919], [141.110219, 40.376434], [141.107081, 40.375041], [141.106161, 40.374912], [141.105079, 40.37516], [141.10453, 40.376196], [141.102432, 40.376471], [141.102301, 40.377062], [141.101254, 40.37698], [141.100666, 40.37671], [141.10003, 40.376051], [141.09849, 40.375232], [141.09783, 40.375025], [141.096842, 40.375025], [141.096333, 40.374751], [141.094696, 40.374556], [141.093931, 40.374164], [141.092807, 40.373983], [141.091866, 40.373641], [141.092193, 40.373109], [141.09022, 40.372081], [141.089424, 40.372753], [141.087733, 40.372566], [141.086603, 40.372887], [141.08449, 40.373194], [141.083589, 40.373542], [141.08273, 40.374276], [141.081725, 40.374746], [141.080433, 40.375596], [141.079955, 40.375596], [141.078121, 40.375054], [141.077072, 40.375303], [141.075507, 40.375419], [141.073746, 40.375133], [141.072741, 40.375541], [141.071226, 40.375715], [141.070072, 40.375699], [141.069257, 40.375351], [141.068276, 40.3752], [141.067507, 40.37531], [141.066685, 40.375816], [141.065837, 40.375832], [141.064506, 40.37623], [141.063324, 40.37621], [141.061881, 40.375825], [141.061031, 40.376221], [141.06038, 40.376774], [141.059239, 40.376682], [141.058347, 40.375968], [141.057095, 40.375858], [141.055364, 40.376008], [141.054035, 40.376316], [141.052584, 40.37592], [141.050464, 40.376439], [141.04996, 40.377258], [141.0494, 40.377353], [141.047682, 40.378193], [141.046026, 40.378633], [141.045202, 40.379223], [141.043497, 40.380892], [141.042732, 40.38104], [141.041696, 40.382511], [141.041436, 40.383312], [141.042015, 40.384204], [141.041897, 40.384852], [141.040435, 40.385648], [141.039113, 40.385578], [141.038125, 40.386278], [141.036631, 40.386699], [141.034532, 40.38708], [141.033859, 40.387051], [141.031517, 40.385851], [141.029661, 40.385142], [141.028488, 40.384889], [141.02731, 40.384845], [141.02567, 40.38515], [141.023972, 40.385063], [141.021549, 40.385202], [141.016553, 40.383753], [141.013935, 40.383165], [141.012846, 40.383128], [141.011924, 40.383356], [141.011129, 40.384339], [141.010755, 40.385922], [141.010497, 40.386384], [141.009273, 40.387056], [141.006948, 40.387162], [141.006375, 40.386882], [141.004961, 40.38682], [141.00271, 40.387124], [141.00186, 40.387585], [141.001078, 40.388336], [140.99948, 40.389568], [140.999421, 40.39007], [141.00059, 40.392182], [141.000046, 40.393142], [140.999967, 40.39451], [140.999425, 40.395366], [140.998309, 40.396057], [140.997343, 40.39637], [140.996204, 40.396381], [140.994012, 40.39589], [140.990749, 40.394739], [140.987283, 40.395035], [140.987648, 40.395737], [140.98725, 40.396635], [140.987681, 40.397093], [140.987342, 40.39729], [140.987292, 40.398373], [140.986951, 40.39843], [140.986046, 40.399181], [140.986656, 40.400043], [140.985356, 40.400961], [140.985439, 40.401831], [140.985089, 40.402372], [140.985758, 40.403192], [140.985113, 40.403901], [140.984184, 40.404436], [140.982412, 40.40467], [140.981557, 40.405238], [140.981404, 40.405646], [140.982322, 40.408826], [140.982023, 40.40973], [140.982154, 40.410282], [140.981933, 40.411178], [140.982543, 40.412036], [140.982543, 40.411559], [140.983732, 40.408404], [140.984741, 40.407575], [140.986968, 40.406354], [140.989552, 40.403585], [140.990802, 40.402514], [140.99187, 40.403021], [140.993179, 40.404115], [140.993826, 40.404298], [140.994738, 40.405456], [140.995295, 40.405848], [140.996034, 40.406804], [140.996635, 40.407178], [140.997504, 40.407294], [140.999458, 40.40802], [141.002476, 40.408774], [141.004275, 40.410067], [141.006366, 40.40998], [141.011037, 40.408212], [141.01207, 40.407755], [141.01364, 40.406778], [141.015287, 40.406466], [141.016686, 40.40709], [141.018996, 40.407672], [141.020323, 40.407564], [141.021081, 40.407672], [141.022423, 40.408172], [141.023535, 40.40828], [141.025094, 40.407801], [141.026473, 40.406557], [141.02762, 40.407144], [141.030358, 40.406948], [141.031025, 40.406399], [141.03167, 40.4066], [141.031866, 40.405445], [141.032198, 40.405371], [141.03248, 40.406013], [141.033505, 40.406138], [141.033376, 40.405165], [141.033883, 40.404433], [141.036349, 40.402941], [141.037277, 40.4026], [141.038348, 40.401643], [141.04028, 40.401028], [141.041854, 40.400932], [141.043069, 40.401394], [141.046026, 40.402923], [141.046703, 40.404034], [141.048133, 40.405157], [141.048143, 40.405418], [141.049184, 40.406318], [141.05008, 40.407482], [141.051916, 40.408047], [141.053246, 40.408621], [141.057764, 40.408584], [141.059814, 40.408874], [141.061206, 40.408813], [141.064322, 40.409486], [141.065926, 40.410082], [141.067767, 40.410443], [141.069843, 40.411607], [141.070761, 40.411828], [141.073713, 40.411969], [141.076751, 40.411886], [141.077398, 40.411965], [141.078746, 40.411603], [141.080458, 40.41189], [141.081764, 40.411623], [141.08357, 40.412227], [141.084584, 40.41241], [141.086299, 40.411163], [141.08713, 40.410427], [141.088329, 40.410061], [141.089964, 40.408619], [141.091035, 40.408032], [141.093481, 40.405836], [141.094044, 40.405832], [141.095896, 40.405317], [141.096562, 40.405816], [141.101436, 40.407117], [141.102585, 40.40719], [141.103142, 40.408368], [141.104434, 40.409513], [141.105068, 40.409882], [141.106314, 40.410078], [141.106969, 40.410747], [141.107483, 40.411753], [141.108702, 40.412065], [141.109496, 40.412477], [141.112295, 40.413147], [141.112664, 40.413525], [141.11228, 40.413983], [141.112505, 40.414394], [141.115739, 40.415156], [141.11638, 40.415426], [141.117809, 40.415497], [141.118001, 40.41579], [141.119916, 40.416669], [141.120971, 40.41676], [141.121992, 40.415915], [141.12289, 40.416074], [141.123362, 40.416384], [141.125465, 40.416131], [141.126369, 40.415608], [141.127956, 40.415632], [141.129014, 40.415438], [141.129372, 40.415662], [141.130587, 40.415426], [141.130718, 40.415091], [141.131595, 40.414856], [141.133015, 40.414962], [141.133791, 40.415367], [141.133879, 40.415961], [141.134401, 40.415897], [141.134777, 40.416257], [141.136363, 40.417197], [141.137096, 40.41729], [141.138075, 40.417914], [141.138999, 40.417929], [141.140647, 40.418587], [141.142078, 40.419735], [141.142861, 40.419906], [141.143497, 40.420303], [141.144579, 40.420278], [141.145062, 40.4205], [141.145995, 40.42037], [141.146738, 40.42067], [141.14775, 40.420634], [141.148899, 40.420832], [141.149703, 40.421188], [141.150156, 40.42181], [141.151773, 40.421578], [141.152778, 40.421599], [141.154195, 40.421829], [141.155064, 40.421699], [141.155949, 40.421029], [141.156767, 40.42114], [141.157403, 40.420247], [141.158288, 40.419937], [141.159365, 40.420291], [141.16055, 40.420243], [141.161249, 40.420736], [141.162499, 40.420922], [141.162783, 40.420394], [141.163334, 40.420108], [141.164071, 40.420682], [141.165056, 40.420174], [141.165323, 40.419668], [141.166129, 40.419449], [141.16701, 40.420096], [141.168693, 40.420888], [141.169545, 40.420779], [141.171252, 40.420045], [141.171794, 40.420255], [141.172061, 40.420863], [141.172714, 40.421279], [141.173866, 40.420985], [141.173245, 40.420038], [141.17432, 40.419389], [141.174458, 40.418806], [141.174996, 40.418388], [141.174991, 40.417889], [141.174543, 40.417273], [141.175369, 40.416307], [141.17597, 40.416036], [141.177644, 40.416236], [141.178374, 40.416623], [141.179498, 40.416123], [141.181229, 40.416238], [141.18172, 40.416099], [141.183294, 40.416212], [141.185127, 40.416609], [141.186718, 40.416779], [141.188327, 40.417317], [141.189527, 40.417361], [141.190711, 40.416716], [141.19202, 40.417027], [141.19468, 40.416217], [141.195869, 40.416489], [141.198037, 40.416386], [141.198223, 40.416004], [141.199645, 40.41634], [141.201829, 40.41723], [141.202438, 40.418007], [141.204322, 40.418744], [141.204799, 40.418206], [141.204608, 40.417803], [141.205883, 40.416382], [141.206648, 40.416139], [141.206634, 40.414956], [141.207509, 40.414573], [141.208177, 40.414535], [141.208859, 40.414941], [141.210391, 40.414729], [141.211016, 40.414058]]]]}}, {"type": "Feature", "properties": {"OBJECTID": 2244, "N03_001": "青森県", "N03_002": null, "N03_003": "三戸郡", "N03_004": "五戸町", "N03_007": "02442", "Shape_Leng": 1.039777972802306, "Shape_Area": 0.018876807370442, "id": "gci:02442A1968", "code": "02442", "name": "五戸町"}, "geometry": {"type": "MultiPolygon", "coordinates": [[[[141.411295, 40.581047], [141.409969, 40.57944], [141.409678, 40.579255], [141.40666, 40.57814], [141.406533, 40.577119], [141.407324, 40.575918], [141.407709, 40.574525], [141.407027, 40.573825], [141.406905, 40.573216], [141.408244, 40.572408], [141.408517, 40.572058], [141.409066, 40.572833], [141.408681, 40.57349], [141.409311, 40.573991], [141.409713, 40.573494], [141.410434, 40.573684], [141.409601, 40.57443], [141.410738, 40.574388], [141.411354, 40.574562], [141.411483, 40.574123], [141.411, 40.573845], [141.411477, 40.572706], [141.41196, 40.572758], [141.413225, 40.573571], [141.413841, 40.57375], [141.414285, 40.574312], [141.414825, 40.574439], [141.416077, 40.574237], [141.416794, 40.574407], [141.417843, 40.575059], [141.417465, 40.574512], [141.415996, 40.574081], [141.416503, 40.573268], [141.418315, 40.573759], [141.418896, 40.572956], [141.420295, 40.57299], [141.420492, 40.572465], [141.423114, 40.563511], [141.422821, 40.562759], [141.423422, 40.562674], [141.42351, 40.56231], [141.423114, 40.561526], [141.422926, 40.56034], [141.422432, 40.559272], [141.421606, 40.558658], [141.421466, 40.558004], [141.422386, 40.557078], [141.423636, 40.556682], [141.422356, 40.556729], [141.422037, 40.556256], [141.423538, 40.554919], [141.424657, 40.554546], [141.425758, 40.55449], [141.426661, 40.554215], [141.426351, 40.554059], [141.42528, 40.554324], [141.425221, 40.55362], [141.424768, 40.554234], [141.423317, 40.554536], [141.421838, 40.555618], [141.42097, 40.556469], [141.420022, 40.557812], [141.419696, 40.557239], [141.419904, 40.55587], [141.419707, 40.555089], [141.419847, 40.554092], [141.421337, 40.552566], [141.422107, 40.551952], [141.423608, 40.551975], [141.424285, 40.551724], [141.424412, 40.55137], [141.422992, 40.549603], [141.424366, 40.547939], [141.423842, 40.547382], [141.42401, 40.546867], [141.423055, 40.545468], [141.421984, 40.544481], [141.421407, 40.544604], [141.422834, 40.545642], [141.423365, 40.547032], [141.423208, 40.547859], [141.422653, 40.548398], [141.421763, 40.5488], [141.420859, 40.548591], [141.421383, 40.54913], [141.420948, 40.549952], [141.420522, 40.551502], [141.418809, 40.552788], [141.41849, 40.553284], [141.417703, 40.551999], [141.418413, 40.551379], [141.418525, 40.550591], [141.417191, 40.551167], [141.415478, 40.550297], [141.415786, 40.549324], [141.417423, 40.548143], [141.418053, 40.547203], [141.417615, 40.546654], [141.417493, 40.547416], [141.416964, 40.547967], [141.415996, 40.548497], [141.415786, 40.547948], [141.416335, 40.54707], [141.415782, 40.547013], [141.415793, 40.547618], [141.414442, 40.548355], [141.414254, 40.549437], [141.413666, 40.549556], [141.413131, 40.549323], [141.412606, 40.548591], [141.410679, 40.547179], [141.410441, 40.546692], [141.411385, 40.545312], [141.41234, 40.544688], [141.41319, 40.543786], [141.413841, 40.543375], [141.41545, 40.543653], [141.41659, 40.543999], [141.416433, 40.543696], [141.414366, 40.543143], [141.413911, 40.542397], [141.415828, 40.541697], [141.417563, 40.540671], [141.418018, 40.540246], [141.419805, 40.540931], [141.42019, 40.540819], [141.421278, 40.541328], [141.421256, 40.540922], [141.422391, 40.540809], [141.423324, 40.540284], [141.422194, 40.540624], [141.420795, 40.540738], [141.419777, 40.540483], [141.418343, 40.539835], [141.418518, 40.539448], [141.416499, 40.539273], [141.414645, 40.538828], [141.411636, 40.5375], [141.409265, 40.537269], [141.406942, 40.537846], [141.405054, 40.537765], [141.40266, 40.537189], [141.401559, 40.536768], [141.398637, 40.535426], [141.397413, 40.534726], [141.395962, 40.534083], [141.392765, 40.532515], [141.39106, 40.531282], [141.38922, 40.529661], [141.386978, 40.527495], [141.38559, 40.526565], [141.38484, 40.52545], [141.384515, 40.524599], [141.384635, 40.523882], [141.381671, 40.524268], [141.380594, 40.524325], [141.379145, 40.524061], [141.37704, 40.524193], [141.376337, 40.523352], [141.374304, 40.522496], [141.371817, 40.522138], [141.370993, 40.521816], [141.368876, 40.52043], [141.366347, 40.520158], [141.364669, 40.519819], [141.362999, 40.519615], [141.361526, 40.518678], [141.360588, 40.518235], [141.359306, 40.517885], [141.354762, 40.517066], [141.354897, 40.516355], [141.355828, 40.51502], [141.356281, 40.513272], [141.356611, 40.512679], [141.358368, 40.510864], [141.358407, 40.510383], [141.357452, 40.50865], [141.354725, 40.506201], [141.354484, 40.505806], [141.354869, 40.505408], [141.356744, 40.505893], [141.358001, 40.504521], [141.358307, 40.504], [141.359708, 40.502991], [141.360953, 40.502718], [141.362208, 40.501125], [141.362752, 40.500709], [141.363259, 40.499915], [141.364942, 40.499567], [141.365766, 40.499626], [141.366537, 40.499405], [141.367132, 40.498251], [141.366413, 40.4967], [141.365136, 40.495842], [141.364336, 40.495105], [141.363622, 40.494763], [141.362251, 40.49383], [141.360451, 40.493033], [141.358908, 40.492635], [141.358473, 40.492173], [141.357192, 40.491979], [141.354991, 40.491093], [141.353573, 40.49002], [141.351412, 40.488858], [141.350055, 40.488256], [141.34854, 40.488179], [141.347635, 40.487605], [141.346785, 40.486446], [141.345996, 40.486211], [141.344431, 40.485272], [141.343044, 40.484195], [141.341975, 40.48407], [141.340841, 40.483452], [141.33998, 40.483179], [141.338384, 40.482111], [141.337217, 40.481128], [141.336295, 40.48132], [141.335532, 40.481201], [141.334553, 40.48076], [141.33176, 40.480181], [141.330479, 40.480142], [141.329588, 40.479457], [141.328377, 40.478911], [141.327759, 40.477986], [141.327103, 40.47777], [141.32594, 40.476971], [141.324872, 40.476951], [141.324163, 40.476626], [141.322894, 40.476372], [141.321086, 40.476368], [141.319882, 40.47605], [141.320643, 40.474633], [141.321145, 40.474029], [141.321434, 40.47324], [141.322267, 40.472185], [141.322245, 40.470816], [141.322929, 40.469944], [141.32313, 40.469106], [141.324345, 40.468042], [141.324677, 40.467036], [141.323858, 40.46509], [141.322854, 40.466175], [141.321906, 40.466648], [141.321445, 40.467146], [141.321102, 40.467075], [141.319054, 40.468121], [141.31884, 40.467036], [141.318481, 40.466246], [141.316626, 40.464398], [141.315374, 40.464087], [141.31453, 40.463687], [141.312769, 40.462543], [141.311702, 40.461005], [141.311199, 40.460591], [141.309329, 40.459769], [141.307067, 40.459447], [141.306149, 40.458561], [141.303426, 40.458677], [141.302781, 40.458464], [141.301267, 40.457023], [141.300827, 40.456886], [141.299953, 40.456008], [141.29977, 40.455257], [141.298749, 40.453584], [141.297857, 40.452989], [141.29765, 40.452556], [141.29761, 40.451366], [141.296655, 40.450875], [141.295571, 40.44992], [141.296017, 40.448969], [141.295945, 40.44849], [141.294918, 40.447611], [141.293587, 40.447314], [141.29134, 40.447094], [141.290918, 40.446829], [141.290575, 40.446059], [141.289596, 40.44509], [141.288801, 40.444839], [141.288569, 40.444464], [141.287286, 40.444121], [141.285702, 40.443139], [141.285247, 40.442589], [141.285398, 40.442079], [141.287524, 40.440533], [141.287605, 40.439854], [141.288178, 40.439227], [141.289893, 40.438104], [141.290982, 40.437109], [141.291884, 40.435918], [141.292883, 40.435625], [141.293707, 40.434931], [141.293054, 40.434458], [141.29263, 40.433827], [141.294546, 40.431886], [141.295348, 40.430785], [141.296006, 40.429544], [141.295908, 40.428859], [141.294846, 40.428329], [141.294937, 40.427249], [141.294361, 40.427093], [141.293423, 40.425887], [141.292453, 40.425995], [141.291515, 40.426513], [141.288969, 40.426269], [141.288584, 40.426731], [141.286969, 40.427056], [141.286353, 40.426918], [141.285739, 40.426332], [141.283575, 40.426775], [141.283477, 40.427242], [141.283899, 40.42763], [141.282946, 40.427842], [141.281853, 40.428784], [141.282091, 40.429733], [141.281799, 40.429958], [141.279967, 40.43065], [141.279683, 40.431467], [141.277406, 40.43256], [141.277089, 40.433928], [141.27646, 40.433942], [141.274938, 40.434725], [141.273559, 40.434926], [141.272532, 40.436005], [141.271453, 40.435939], [141.269084, 40.434376], [141.268183, 40.433265], [141.268144, 40.432255], [141.265921, 40.430937], [141.26569, 40.429545], [141.264149, 40.428116], [141.263061, 40.428453], [141.262245, 40.428372], [141.261244, 40.428847], [141.259767, 40.429114], [141.25881, 40.428928], [141.255945, 40.427692], [141.255044, 40.427797], [141.25393, 40.427685], [141.253125, 40.427357], [141.251786, 40.4272], [141.251283, 40.426717], [141.250431, 40.424751], [141.249815, 40.424577], [141.248213, 40.424838], [141.246997, 40.424734], [141.245129, 40.424043], [141.244753, 40.423354], [141.243756, 40.422809], [141.243059, 40.421693], [141.243136, 40.420916], [141.242419, 40.42037], [141.241894, 40.42048], [141.241252, 40.421034], [141.239973, 40.421264], [141.238865, 40.42092], [141.23774, 40.421027], [141.236894, 40.421385], [141.236413, 40.421307], [141.2355, 40.420342], [141.234071, 40.419126], [141.233282, 40.419089], [141.232834, 40.418731], [141.231848, 40.418424], [141.229995, 40.419875], [141.22968, 40.420567], [141.22996, 40.421765], [141.229888, 40.422576], [141.231356, 40.422674], [141.230239, 40.423446], [141.228725, 40.423307], [141.227752, 40.423695], [141.22669, 40.423441], [141.226804, 40.423972], [141.226227, 40.423999], [141.225777, 40.425455], [141.225785, 40.426037], [141.225366, 40.426281], [141.225394, 40.426796], [141.224957, 40.427159], [141.224527, 40.42823], [141.224033, 40.428556], [141.222269, 40.430437], [141.224977, 40.431795], [141.226282, 40.43228], [141.229182, 40.434], [141.229658, 40.434135], [141.230209, 40.434933], [141.230753, 40.43535], [141.232453, 40.437242], [141.233633, 40.43812], [141.234647, 40.439623], [141.23503, 40.440483], [141.236461, 40.442053], [141.236614, 40.442834], [141.237521, 40.443119], [141.238387, 40.444025], [141.23783, 40.444678], [141.236846, 40.444341], [141.235294, 40.444212], [141.233325, 40.44439], [141.233937, 40.446472], [141.233417, 40.448809], [141.232901, 40.448764], [141.232995, 40.449689], [141.232018, 40.451053], [141.231649, 40.452596], [141.231688, 40.453349], [141.231063, 40.453966], [141.229367, 40.454595], [141.228074, 40.455303], [141.226494, 40.455694], [141.224114, 40.457349], [141.222667, 40.458512], [141.222813, 40.458994], [141.222503, 40.459785], [141.221841, 40.459487], [141.219524, 40.45991], [141.218141, 40.459957], [141.216296, 40.460293], [141.214906, 40.459966], [141.213713, 40.459514], [141.213064, 40.458958], [141.212181, 40.458708], [141.211884, 40.459068], [141.209908, 40.458288], [141.209213, 40.457883], [141.206772, 40.457319], [141.206259, 40.456837], [141.206278, 40.456378], [141.204606, 40.456821], [141.204711, 40.457124], [141.202952, 40.456818], [141.201802, 40.456277], [141.199523, 40.456435], [141.196369, 40.455449], [141.195895, 40.455419], [141.195017, 40.455935], [141.193244, 40.456171], [141.192272, 40.456606], [141.192014, 40.457241], [141.192392, 40.458286], [141.193391, 40.459042], [141.194064, 40.460089], [141.19534, 40.46126], [141.195032, 40.462872], [141.195729, 40.464784], [141.195148, 40.466051], [141.19503, 40.467111], [141.19466, 40.467825], [141.194802, 40.468782], [141.194453, 40.470311], [141.193397, 40.47087], [141.193203, 40.472005], [141.192049, 40.471988], [141.191238, 40.474089], [141.190692, 40.474716], [141.189894, 40.476612], [141.188403, 40.476592], [141.186058, 40.4768], [141.185243, 40.477061], [141.184131, 40.478144], [141.183689, 40.479603], [141.183622, 40.480995], [141.183884, 40.482839], [141.183233, 40.483979], [141.181974, 40.484967], [141.180291, 40.486892], [141.178431, 40.487162], [141.175857, 40.488356], [141.175446, 40.488821], [141.17693, 40.490017], [141.177491, 40.490144], [141.178556, 40.491152], [141.18009, 40.491686], [141.183493, 40.49314], [141.184059, 40.493547], [141.184225, 40.494101], [141.185366, 40.494912], [141.185573, 40.49556], [141.184966, 40.495846], [141.184957, 40.496257], [141.18596, 40.496885], [141.187735, 40.496669], [141.188264, 40.496826], [141.188799, 40.497484], [141.189695, 40.497462], [141.190117, 40.497063], [141.191577, 40.498063], [141.191974, 40.499034], [141.193082, 40.499405], [141.194228, 40.499556], [141.194809, 40.499836], [141.195655, 40.50062], [141.195303, 40.50122], [141.195827, 40.502425], [141.196938, 40.50262], [141.197346, 40.503991], [141.198129, 40.50526], [141.199326, 40.505799], [141.199953, 40.506439], [141.200642, 40.508028], [141.201702, 40.508737], [141.203334, 40.508562], [141.204069, 40.50922], [141.204519, 40.509168], [141.20571, 40.509936], [141.207233, 40.510676], [141.207961, 40.510896], [141.210227, 40.512716], [141.210321, 40.51357], [141.211899, 40.514468], [141.212843, 40.515654], [141.214019, 40.516251], [141.214863, 40.516483], [141.216008, 40.517425], [141.217732, 40.517493], [141.218235, 40.518209], [141.219148, 40.518767], [141.219334, 40.519176], [141.219002, 40.519596], [141.219319, 40.520104], [141.219194, 40.521096], [141.219876, 40.521887], [141.219559, 40.522459], [141.2187, 40.522923], [141.218182, 40.522935], [141.219002, 40.524165], [141.218792, 40.524599], [141.219258, 40.524932], [141.219203, 40.526219], [141.219327, 40.527085], [141.219644, 40.527612], [141.221058, 40.527906], [141.222243, 40.528956], [141.223683, 40.528886], [141.224026, 40.529514], [141.224879, 40.529605], [141.224669, 40.530186], [141.225268, 40.530555], [141.225589, 40.53114], [141.226343, 40.531542], [141.227593, 40.531388], [141.229304, 40.532119], [141.230115, 40.53189], [141.230104, 40.531243], [141.231913, 40.531497], [141.232451, 40.531894], [141.233629, 40.531843], [141.234488, 40.532151], [141.235976, 40.533268], [141.236861, 40.533369], [141.237482, 40.533719], [141.238422, 40.533619], [141.239423, 40.534109], [141.240931, 40.534228], [141.241283, 40.534438], [141.24201, 40.535462], [141.242766, 40.535901], [141.244545, 40.536471], [141.247819, 40.537203], [141.249843, 40.537223], [141.251722, 40.537764], [141.257085, 40.538938], [141.258502, 40.539052], [141.259632, 40.538985], [141.261802, 40.53931], [141.263238, 40.540061], [141.264531, 40.539721], [141.265298, 40.53969], [141.267222, 40.5402], [141.268428, 40.539949], [141.270738, 40.541077], [141.271798, 40.539453], [141.272681, 40.538486], [141.27383, 40.537786], [141.27437, 40.535912], [141.274755, 40.53623], [141.275395, 40.537593], [141.27571, 40.538986], [141.276398, 40.540445], [141.277585, 40.541876], [141.278957, 40.542298], [141.279486, 40.543064], [141.281239, 40.543862], [141.281359, 40.544171], [141.281101, 40.545684], [141.282511, 40.547505], [141.283752, 40.548318], [141.284087, 40.548943], [141.284541, 40.552645], [141.284736, 40.552766], [141.286777, 40.552803], [141.287371, 40.552489], [141.287806, 40.553353], [141.287964, 40.554475], [141.288418, 40.556116], [141.289559, 40.557177], [141.291146, 40.558042], [141.291989, 40.557884], [141.295163, 40.558223], [141.29596, 40.558457], [141.297278, 40.558389], [141.297787, 40.55817], [141.298679, 40.558366], [141.299225, 40.559321], [141.298836, 40.561278], [141.298808, 40.562332], [141.301164, 40.562851], [141.301378, 40.563077], [141.303177, 40.5673], [141.303671, 40.568063], [141.315791, 40.565344], [141.316458, 40.565149], [141.318768, 40.563362], [141.32021, 40.562797], [141.321303, 40.56285], [141.322583, 40.562722], [141.325617, 40.564106], [141.327584, 40.564527], [141.331642, 40.566198], [141.333253, 40.567323], [141.334584, 40.567668], [141.336942, 40.567997], [141.337154, 40.568464], [141.336913, 40.569467], [141.335939, 40.571416], [141.334979, 40.572701], [141.334973, 40.574245], [141.333773, 40.578903], [141.334085, 40.579238], [141.336428, 40.580217], [141.337409, 40.581002], [141.338325, 40.581485], [141.339761, 40.581957], [141.340515, 40.582015], [141.343874, 40.581457], [141.345998, 40.581243], [141.346894, 40.581474], [141.349403, 40.583861], [141.351235, 40.584903], [141.352002, 40.585648], [141.352472, 40.585815], [141.354261, 40.585925], [141.354817, 40.583976], [141.35559, 40.581896], [141.35608, 40.58114], [141.357607, 40.579567], [141.358731, 40.578172], [141.359843, 40.575877], [141.361758, 40.572655], [141.365267, 40.56621], [141.365495, 40.566125], [141.36742, 40.566343], [141.368692, 40.566718], [141.369702, 40.567197], [141.371437, 40.56843], [141.373266, 40.569294], [141.374709, 40.571112], [141.374862, 40.571552], [141.376444, 40.572172], [141.376726, 40.573458], [141.37762, 40.575724], [141.378874, 40.577741], [141.379464, 40.578502], [141.380168, 40.579045], [141.380526, 40.579728], [141.380677, 40.581628], [141.380504, 40.583858], [141.380207, 40.585272], [141.380373, 40.585547], [141.381444, 40.584308], [141.382139, 40.582944], [141.382069, 40.582383], [141.383064, 40.580895], [141.383321, 40.581071], [141.382747, 40.582035], [141.382476, 40.583532], [141.382714, 40.583762], [141.384571, 40.583482], [141.384578, 40.583801], [141.383667, 40.583838], [141.382089, 40.584438], [141.382316, 40.584972], [141.381975, 40.585551], [141.381925, 40.586668], [141.382198, 40.587254], [141.383968, 40.587333], [141.384681, 40.585511], [141.38559, 40.585752], [141.384794, 40.587278], [141.385966, 40.587105], [141.388363, 40.587096], [141.389788, 40.587353], [141.389998, 40.587655], [141.390874, 40.587006], [141.390627, 40.585927], [141.390123, 40.585656], [141.390319, 40.583857], [141.389572, 40.582004], [141.389508, 40.580917], [141.390081, 40.581287], [141.390536, 40.582972], [141.39115, 40.583398], [141.39181, 40.583082], [141.391163, 40.583798], [141.391246, 40.584468], [141.390988, 40.585474], [141.391462, 40.586468], [141.392201, 40.58614], [141.393066, 40.586137], [141.393171, 40.585108], [141.393868, 40.585087], [141.393803, 40.585727], [141.3949, 40.58544], [141.395317, 40.584972], [141.39622, 40.584515], [141.396296, 40.583534], [141.395842, 40.583166], [141.397112, 40.583232], [141.397155, 40.584672], [141.398309, 40.584553], [141.398314, 40.583993], [141.398694, 40.583984], [141.399216, 40.584506], [141.399771, 40.584447], [141.399457, 40.583213], [141.400171, 40.583582], [141.400733, 40.583576], [141.400792, 40.584244], [141.401384, 40.584293], [141.401445, 40.58396], [141.402405, 40.583875], [141.402634, 40.584456], [141.403423, 40.584475], [141.403397, 40.583704], [141.404144, 40.584388], [141.40454, 40.583578], [141.404833, 40.583676], [141.404929, 40.584531], [141.406391, 40.584782], [141.406872, 40.5846], [141.406988, 40.58407], [141.407477, 40.584313], [141.408211, 40.584051], [141.408211, 40.583194], [141.408701, 40.58377], [141.409035, 40.583691], [141.408946, 40.582651], [141.409566, 40.58284], [141.409612, 40.583367], [141.410699, 40.583348], [141.411262, 40.582367], [141.411245, 40.581514], [141.410344, 40.580984], [141.411295, 40.581047]]]]}}, {"type": "Feature", "properties": {"OBJECTID": 2245, "N03_001": "青森県", "N03_002": null, "N03_003": "三戸郡", "N03_004": "田子町", "N03_007": "02443", "Shape_Leng": 0.879334319479093, "Shape_Area": 0.025635238610931, "id": "gci:02443A1968", "code": "02443", "name": "田子町"}, "geometry": {"type": "MultiPolygon", "coordinates": [[[[141.159193, 40.304787], [141.157698, 40.304172], [141.156387, 40.3031], [141.154846, 40.302082], [141.154186, 40.301425], [141.153242, 40.301269], [141.152239, 40.300871], [141.151006, 40.300702], [141.148812, 40.300702], [141.147981, 40.30031], [141.14613, 40.300388], [141.14521, 40.299677], [141.143337, 40.299899], [141.14174, 40.299913], [141.140409, 40.300099], [141.138938, 40.300575], [141.138374, 40.300496], [141.136628, 40.299237], [141.136346, 40.298031], [141.135216, 40.296006], [141.134934, 40.295227], [141.134392, 40.294745], [141.132941, 40.294203], [141.131197, 40.294256], [141.129204, 40.293738], [141.127408, 40.293057], [141.12633, 40.292328], [141.124813, 40.29196], [141.124398, 40.291495], [141.122881, 40.291037], [141.122287, 40.290687], [141.119708, 40.289888], [141.11898, 40.289382], [141.118714, 40.28836], [141.118058, 40.287785], [141.115589, 40.286357], [141.113764, 40.286133], [141.113182, 40.285876], [141.112691, 40.285152], [141.111115, 40.283782], [141.108768, 40.282649], [141.107041, 40.281687], [141.105326, 40.281226], [141.103566, 40.28053], [141.10172, 40.280542], [141.100712, 40.281015], [141.099974, 40.281011], [141.099805, 40.280178], [141.10335, 40.273589], [141.106283, 40.268056], [141.110055, 40.261052], [141.109808, 40.260733], [141.108049, 40.260437], [141.107972, 40.259849], [141.10641, 40.25915], [141.106043, 40.258027], [141.105079, 40.256889], [141.104373, 40.256525], [141.10406, 40.255734], [141.101403, 40.255319], [141.100048, 40.255031], [141.097198, 40.254737], [141.094508, 40.254877], [141.093599, 40.254398], [141.092891, 40.254251], [141.092467, 40.253773], [141.091007, 40.253049], [141.090191, 40.252166], [141.088295, 40.251748], [141.08636, 40.251754], [141.08527, 40.252065], [141.084184, 40.252927], [141.083146, 40.25332], [141.081701, 40.253067], [141.078998, 40.252251], [141.077901, 40.252297], [141.076406, 40.252638], [141.074343, 40.251316], [141.072044, 40.249565], [141.069178, 40.248801], [141.068236, 40.247402], [141.065975, 40.245717], [141.06536, 40.245059], [141.06453, 40.243539], [141.064108, 40.242337], [141.06375, 40.241834], [141.06264, 40.241342], [141.061326, 40.240265], [141.061258, 40.239843], [141.060513, 40.239536], [141.059949, 40.238309], [141.05876, 40.237831], [141.057272, 40.237504], [141.055642, 40.236946], [141.054031, 40.236855], [141.05204, 40.236966], [141.050943, 40.236614], [141.04963, 40.236488], [141.047982, 40.236755], [141.04655, 40.237147], [141.045315, 40.236895], [141.043648, 40.236769], [141.041882, 40.23686], [141.041578, 40.236412], [141.041646, 40.234315], [141.040296, 40.233888], [141.038689, 40.232978], [141.037041, 40.232525], [141.034699, 40.23091], [141.033254, 40.229507], [141.032399, 40.229241], [141.031128, 40.22912], [141.029976, 40.227656], [141.02896, 40.227149], [141.02684, 40.226569], [141.025773, 40.223944], [141.026046, 40.222657], [141.025979, 40.221681], [141.023815, 40.221263], [141.02237, 40.220268], [141.020065, 40.220007], [141.01779, 40.220051], [141.016179, 40.219673], [141.015805, 40.218924], [141.015843, 40.218044], [141.014411, 40.218145], [141.012931, 40.217753], [141.012125, 40.217732], [141.01143, 40.218054], [141.010458, 40.218914], [141.00928, 40.218904], [141.007446, 40.218502], [141.006032, 40.217919], [141.005293, 40.218331], [141.002983, 40.220131], [141.001768, 40.220598], [141.00002, 40.220126], [140.998204, 40.219356], [140.996488, 40.219153], [140.992996, 40.221055], [140.991405, 40.222748], [140.990657, 40.2228], [140.989814, 40.222479], [140.988347, 40.222161], [140.987281, 40.221712], [140.98619, 40.220996], [140.983974, 40.220943], [140.982801, 40.220325], [140.980058, 40.219633], [140.979144, 40.21992], [140.978587, 40.220521], [140.978272, 40.221282], [140.978181, 40.222275], [140.97754, 40.222864], [140.976826, 40.222899], [140.975919, 40.223566], [140.976282, 40.224204], [140.976419, 40.224998], [140.97596, 40.225763], [140.974682, 40.226206], [140.973377, 40.226303], [140.972129, 40.226811], [140.970689, 40.226437], [140.968726, 40.226367], [140.968528, 40.226537], [140.969426, 40.228247], [140.96952, 40.228997], [140.969327, 40.229776], [140.968606, 40.230829], [140.968646, 40.23292], [140.968261, 40.233442], [140.967385, 40.233944], [140.966281, 40.234821], [140.96613, 40.235182], [140.967173, 40.235783], [140.967398, 40.236569], [140.967205, 40.237684], [140.96669, 40.238489], [140.965367, 40.239718], [140.96311, 40.240783], [140.959193, 40.241486], [140.958455, 40.241819], [140.957454, 40.243066], [140.956385, 40.243606], [140.955365, 40.244475], [140.954932, 40.245112], [140.955229, 40.246156], [140.955, 40.248118], [140.954497, 40.249426], [140.954241, 40.250549], [140.952589, 40.251332], [140.95144, 40.252237], [140.950406, 40.252329], [140.949331, 40.253036], [140.948946, 40.25378], [140.948946, 40.254978], [140.948035, 40.255424], [140.947034, 40.256411], [140.946396, 40.257592], [140.945711, 40.258075], [140.946334, 40.258932], [140.9468, 40.260748], [140.947274, 40.26175], [140.947191, 40.262853], [140.947265, 40.264454], [140.947788, 40.265063], [140.948253, 40.26606], [140.949296, 40.267005], [140.949741, 40.267736], [140.949838, 40.26908], [140.951077, 40.270219], [140.951997, 40.270629], [140.952777, 40.271248], [140.95295, 40.273091], [140.952703, 40.273449], [140.952709, 40.275626], [140.953201, 40.276047], [140.95364, 40.277275], [140.953695, 40.277979], [140.954285, 40.279743], [140.955998, 40.280615], [140.956877, 40.28157], [140.957583, 40.282038], [140.957266, 40.283203], [140.956717, 40.284033], [140.956787, 40.284725], [140.956114, 40.28482], [140.954265, 40.284757], [140.953771, 40.285261], [140.95279, 40.286967], [140.952392, 40.287418], [140.949582, 40.287082], [140.948321, 40.287134], [140.947038, 40.287413], [140.946312, 40.287402], [140.944599, 40.288138], [140.944638, 40.288904], [140.944337, 40.289975], [140.944516, 40.29114], [140.944138, 40.292134], [140.944214, 40.292484], [140.945106, 40.293892], [140.945174, 40.294753], [140.944199, 40.29575], [140.943974, 40.29626], [140.944947, 40.298044], [140.946297, 40.299131], [140.948273, 40.299384], [140.949807, 40.300139], [140.951219, 40.300349], [140.95342, 40.301048], [140.953913, 40.301353], [140.954901, 40.302602], [140.955902, 40.303379], [140.956897, 40.304718], [140.957581, 40.306513], [140.956971, 40.309092], [140.956903, 40.3101], [140.957334, 40.31167], [140.9571, 40.313224], [140.957292, 40.31506], [140.957889, 40.317156], [140.958492, 40.318384], [140.958903, 40.318847], [140.958909, 40.321624], [140.958774, 40.321938], [140.957677, 40.322432], [140.957327, 40.324012], [140.957436, 40.324674], [140.957985, 40.324694], [140.958328, 40.324254], [140.958794, 40.324369], [140.959355, 40.32544], [140.959875, 40.325283], [140.960179, 40.324076], [140.960905, 40.32355], [140.961425, 40.323456], [140.961289, 40.322763], [140.962577, 40.323162], [140.962577, 40.323855], [140.963003, 40.324401], [140.962961, 40.325483], [140.962743, 40.325839], [140.9629, 40.327231], [140.962502, 40.327651], [140.96255, 40.32817], [140.964305, 40.329399], [140.964832, 40.330319], [140.965518, 40.331032], [140.965601, 40.332029], [140.967417, 40.333662], [140.967129, 40.334208], [140.967116, 40.335227], [140.968558, 40.337493], [140.968121, 40.338261], [140.968171, 40.338721], [140.966578, 40.340566], [140.966261, 40.341922], [140.965169, 40.342729], [140.96457, 40.344285], [140.964154, 40.344647], [140.963372, 40.346174], [140.962946, 40.346691], [140.96208, 40.347134], [140.9634, 40.348077], [140.964581, 40.349211], [140.965387, 40.350294], [140.966639, 40.3505], [140.967411, 40.3508], [140.968355, 40.350867], [140.967994, 40.350113], [140.96884, 40.350029], [140.968978, 40.349293], [140.969727, 40.349329], [140.969845, 40.349064], [140.969214, 40.348439], [140.970003, 40.346969], [140.969994, 40.346642], [140.970929, 40.345938], [140.97216, 40.345553], [140.97226, 40.344953], [140.971718, 40.344174], [140.972064, 40.343597], [140.973928, 40.344142], [140.974221, 40.344101], [140.974693, 40.343296], [140.975608, 40.343274], [140.975893, 40.343643], [140.976563, 40.343666], [140.977346, 40.343132], [140.977759, 40.343868], [140.978738, 40.343438], [140.980899, 40.343268], [140.981979, 40.343798], [140.981227, 40.344328], [140.982414, 40.34525], [140.983104, 40.345333], [140.983834, 40.346264], [140.984776, 40.346426], [140.985211, 40.346898], [140.987379, 40.347807], [140.988111, 40.348963], [140.990769, 40.35033], [140.991835, 40.349955], [140.992578, 40.350394], [140.993512, 40.350528], [140.993809, 40.350788], [140.993363, 40.351715], [140.992812, 40.351802], [140.993158, 40.352292], [140.994631, 40.352651], [140.99441, 40.353093], [140.995433, 40.353366], [140.994513, 40.354246], [140.994434, 40.354915], [140.995245, 40.355243], [140.994965, 40.355951], [140.994025, 40.356239], [140.993874, 40.356864], [140.99297, 40.357693], [140.993221, 40.358093], [140.993223, 40.360454], [140.993068, 40.360827], [140.992141, 40.361099], [140.991182, 40.361063], [140.992421, 40.36287], [140.991735, 40.363803], [140.991824, 40.364219], [140.991433, 40.365049], [140.991698, 40.365521], [140.991481, 40.366702], [140.990961, 40.36699], [140.991173, 40.367339], [140.991969, 40.367401], [140.992334, 40.367116], [140.992978, 40.367204], [140.994213, 40.368293], [140.993822, 40.368671], [140.994027, 40.369386], [140.995013, 40.37017], [140.994915, 40.370879], [140.99521, 40.372018], [140.994974, 40.372914], [140.993925, 40.374094], [140.993813, 40.374986], [140.993435, 40.375116], [140.993464, 40.375818], [140.994102, 40.376404], [140.993601, 40.376967], [140.991888, 40.37756], [140.990448, 40.378211], [140.989628, 40.379234], [140.98913, 40.380261], [140.988446, 40.380738], [140.988269, 40.381325], [140.987786, 40.381685], [140.987646, 40.382453], [140.986656, 40.384157], [140.986171, 40.384534], [140.986188, 40.385012], [140.985312, 40.387219], [140.985528, 40.387393], [140.984409, 40.388427], [140.984735, 40.389528], [140.984779, 40.390353], [140.98572, 40.391506], [140.985552, 40.392392], [140.98562, 40.39323], [140.986127, 40.394226], [140.986944, 40.394507], [140.987283, 40.395035], [140.990749, 40.394739], [140.994012, 40.39589], [140.996204, 40.396381], [140.997343, 40.39637], [140.998309, 40.396057], [140.999425, 40.395366], [140.999967, 40.39451], [141.000046, 40.393142], [141.00059, 40.392182], [140.999421, 40.39007], [140.99948, 40.389568], [141.001078, 40.388336], [141.00186, 40.387585], [141.00271, 40.387124], [141.004961, 40.38682], [141.006375, 40.386882], [141.006948, 40.387162], [141.009273, 40.387056], [141.010497, 40.386384], [141.010755, 40.385922], [141.011129, 40.384339], [141.011924, 40.383356], [141.012846, 40.383128], [141.013935, 40.383165], [141.016553, 40.383753], [141.021549, 40.385202], [141.023972, 40.385063], [141.02567, 40.38515], [141.02731, 40.384845], [141.028488, 40.384889], [141.029661, 40.385142], [141.031517, 40.385851], [141.033859, 40.387051], [141.034532, 40.38708], [141.036631, 40.386699], [141.038125, 40.386278], [141.039113, 40.385578], [141.040435, 40.385648], [141.041897, 40.384852], [141.042015, 40.384204], [141.041436, 40.383312], [141.041696, 40.382511], [141.042732, 40.38104], [141.043497, 40.380892], [141.045202, 40.379223], [141.046026, 40.378633], [141.047682, 40.378193], [141.0494, 40.377353], [141.04996, 40.377258], [141.050464, 40.376439], [141.052584, 40.37592], [141.054035, 40.376316], [141.055364, 40.376008], [141.057095, 40.375858], [141.058347, 40.375968], [141.059239, 40.376682], [141.06038, 40.376774], [141.061031, 40.376221], [141.061881, 40.375825], [141.063324, 40.37621], [141.064506, 40.37623], [141.065837, 40.375832], [141.066685, 40.375816], [141.067507, 40.37531], [141.068276, 40.3752], [141.069257, 40.375351], [141.070072, 40.375699], [141.071226, 40.375715], [141.072741, 40.375541], [141.073746, 40.375133], [141.075507, 40.375419], [141.077072, 40.375303], [141.078121, 40.375054], [141.079955, 40.375596], [141.080433, 40.375596], [141.081725, 40.374746], [141.08273, 40.374276], [141.083589, 40.373542], [141.08449, 40.373194], [141.086603, 40.372887], [141.087733, 40.372566], [141.089424, 40.372753], [141.09022, 40.372081], [141.092193, 40.373109], [141.091866, 40.373641], [141.092807, 40.373983], [141.093931, 40.374164], [141.094696, 40.374556], [141.096333, 40.374751], [141.096842, 40.375025], [141.09783, 40.375025], [141.09849, 40.375232], [141.10003, 40.376051], [141.100666, 40.37671], [141.101254, 40.37698], [141.102301, 40.377062], [141.102432, 40.376471], [141.10453, 40.376196], [141.105079, 40.37516], [141.106161, 40.374912], [141.107081, 40.375041], [141.110219, 40.376434], [141.110938, 40.374919], [141.112055, 40.374314], [141.112474, 40.374294], [141.113303, 40.374798], [141.114262, 40.374683], [141.115121, 40.374027], [141.115239, 40.373369], [141.115693, 40.373151], [141.116817, 40.373669], [141.117066, 40.37299], [141.117877, 40.372253], [141.117623, 40.371816], [141.118578, 40.371768], [141.119295, 40.372358], [141.120132, 40.372547], [141.120493, 40.372376], [141.12032, 40.37185], [141.121039, 40.371772], [141.122158, 40.37113], [141.121911, 40.370729], [141.122639, 40.37091], [141.123364, 40.372061], [141.12362, 40.3717], [141.124359, 40.371654], [141.124879, 40.371345], [141.124667, 40.370942], [141.124986, 40.370545], [141.126811, 40.371008], [141.127108, 40.370306], [141.130343, 40.369894], [141.132076, 40.370272], [141.134453, 40.370035], [141.135, 40.370128], [141.136388, 40.369669], [141.13729, 40.369643], [141.137498, 40.369333], [141.138494, 40.368932], [141.13908, 40.368996], [141.139148, 40.368529], [141.139657, 40.368277], [141.140605, 40.367361], [141.14295, 40.364775], [141.143844, 40.364771], [141.144432, 40.365226], [141.145551, 40.365603], [141.146637, 40.365737], [141.147031, 40.366029], [141.148493, 40.365693], [141.1499, 40.365943], [141.150849, 40.365746], [141.15291, 40.366477], [141.153349, 40.366892], [141.154201, 40.367188], [141.155012, 40.367067], [141.155198, 40.366504], [141.1561, 40.365651], [141.156601, 40.365665], [141.158465, 40.366508], [141.160412, 40.366761], [141.162427, 40.366596], [141.163988, 40.367381], [141.164704, 40.367247], [141.165657, 40.366567], [141.165721, 40.365772], [141.166149, 40.364733], [141.165734, 40.363798], [141.165607, 40.362566], [141.165006, 40.361746], [141.164903, 40.360813], [141.164637, 40.360556], [141.165301, 40.359874], [141.167517, 40.359591], [141.168074, 40.359129], [141.170701, 40.358084], [141.172478, 40.357714], [141.174008, 40.357709], [141.175046, 40.357413], [141.175999, 40.357729], [141.176952, 40.357724], [141.177765, 40.357935], [141.180068, 40.357815], [141.181707, 40.357021], [141.180885, 40.356753], [141.178982, 40.355807], [141.178012, 40.355636], [141.177968, 40.355261], [141.178962, 40.354996], [141.180055, 40.354119], [141.180153, 40.352967], [141.181353, 40.352035], [141.182577, 40.352957], [141.183466, 40.352259], [141.183357, 40.351588], [141.182918, 40.350923], [141.181244, 40.349202], [141.180896, 40.348697], [141.178357, 40.346705], [141.177607, 40.346522], [141.177002, 40.345862], [141.17721, 40.345171], [141.177747, 40.345305], [141.178457, 40.344305], [141.178892, 40.344078], [141.178798, 40.343596], [141.179104, 40.342899], [141.178916, 40.340815], [141.179377, 40.339223], [141.180059, 40.338638], [141.179856, 40.337641], [141.181239, 40.33643], [141.181224, 40.335539], [141.182363, 40.334029], [141.182533, 40.333025], [141.181366, 40.332555], [141.1811, 40.332271], [141.178595, 40.331566], [141.178202, 40.331053], [141.17564, 40.329582], [141.17483, 40.328995], [141.172609, 40.328458], [141.171875, 40.326587], [141.17045, 40.325378], [141.169853, 40.324128], [141.170675, 40.323533], [141.170854, 40.322634], [141.171584, 40.321313], [141.172249, 40.320741], [141.172491, 40.319366], [141.171449, 40.318418], [141.170972, 40.31759], [141.170067, 40.317002], [141.168413, 40.316506], [141.167513, 40.315903], [141.166446, 40.31581], [141.163118, 40.315075], [141.162097, 40.313611], [141.162305, 40.312771], [141.161271, 40.311788], [141.159588, 40.310752], [141.158845, 40.309936], [141.159182, 40.307199], [141.159193, 40.304787]]]]}}, {"type": "Feature", "properties": {"OBJECTID": 2246, "N03_001": "青森県", "N03_002": null, "N03_003": "三戸郡", "N03_004": "南部町", "N03_007": "02445", "Shape_Leng": 0.922735388361115, "Shape_Area": 0.016247916651652, "id": "gci:02445A1968", "code": "02445", "name": "南部町"}, "geometry": {"type": "MultiPolygon", "coordinates": [[[[141.393099, 40.360686], [141.392568, 40.36019], [141.391217, 40.360335], [141.390581, 40.360172], [141.389119, 40.359224], [141.38865, 40.358034], [141.388674, 40.357159], [141.389401, 40.356475], [141.38946, 40.355646], [141.389841, 40.354588], [141.389793, 40.35304], [141.388877, 40.351731], [141.385931, 40.349076], [141.384329, 40.348133], [141.383363, 40.346996], [141.382598, 40.345586], [141.382172, 40.345202], [141.381551, 40.343609], [141.381818, 40.342489], [141.381575, 40.34214], [141.380533, 40.341511], [141.379178, 40.340935], [141.376645, 40.338926], [141.376435, 40.33951], [141.376724, 40.340666], [141.376243, 40.341543], [141.374809, 40.342666], [141.374112, 40.343067], [141.373109, 40.343093], [141.370842, 40.33976], [141.370644, 40.33916], [141.369791, 40.338388], [141.367912, 40.337916], [141.367005, 40.33741], [141.363497, 40.33607], [141.362503, 40.335488], [141.361168, 40.335121], [141.360431, 40.33465], [141.35844, 40.334013], [141.357116, 40.333928], [141.356246, 40.33318], [141.354644, 40.332346], [141.353127, 40.331011], [141.350996, 40.331073], [141.351064, 40.332432], [141.350798, 40.332974], [141.35102, 40.334193], [141.350861, 40.334738], [141.349751, 40.335097], [141.348833, 40.335156], [141.347423, 40.334865], [141.346945, 40.335469], [141.346271, 40.335618], [141.346193, 40.33607], [141.347419, 40.337047], [141.348413, 40.338241], [141.348367, 40.338712], [141.346883, 40.340148], [141.345843, 40.340512], [141.343542, 40.341567], [141.342058, 40.341659], [141.34053, 40.342122], [141.339508, 40.341954], [141.338203, 40.342457], [141.337858, 40.343148], [141.336828, 40.344445], [141.335217, 40.344878], [141.334005, 40.345601], [141.334343, 40.346333], [141.334586, 40.347476], [141.334464, 40.348372], [141.335401, 40.349417], [141.3365, 40.350373], [141.336907, 40.351698], [141.336977, 40.352757], [141.336625, 40.353601], [141.336819, 40.354455], [141.33727, 40.354926], [141.337069, 40.356908], [141.336441, 40.357314], [141.336142, 40.3593], [141.336339, 40.360197], [141.334533, 40.361087], [141.333924, 40.3619], [141.332964, 40.361489], [141.331767, 40.361763], [141.330444, 40.361693], [141.330003, 40.361885], [141.329616, 40.362566], [141.328318, 40.363009], [141.328336, 40.364273], [141.327616, 40.36523], [141.326541, 40.365724], [141.325127, 40.365523], [141.324327, 40.366768], [141.324292, 40.367366], [141.324799, 40.367963], [141.324775, 40.368914], [141.324386, 40.369857], [141.323816, 40.370075], [141.321274, 40.370229], [141.320372, 40.369949], [141.319976, 40.371008], [141.318016, 40.371605], [141.31724, 40.372258], [141.317098, 40.372657], [141.316383, 40.372989], [141.315332, 40.374399], [141.315079, 40.37522], [141.314084, 40.376517], [141.314215, 40.376739], [141.313389, 40.377366], [141.313424, 40.378605], [141.313158, 40.379249], [141.314104, 40.380967], [141.314139, 40.38189], [141.314624, 40.382509], [141.313645, 40.383114], [141.313332, 40.384097], [141.312491, 40.384473], [141.310745, 40.387387], [141.309833, 40.387324], [141.308885, 40.387681], [141.30845, 40.388148], [141.307939, 40.38768], [141.307021, 40.387322], [141.305703, 40.38718], [141.304838, 40.386159], [141.303264, 40.385631], [141.302296, 40.385584], [141.301245, 40.385857], [141.300552, 40.38632], [141.298906, 40.386823], [141.298082, 40.387222], [141.297571, 40.38797], [141.29615, 40.388587], [141.295731, 40.389473], [141.295246, 40.389952], [141.292999, 40.391208], [141.290057, 40.393435], [141.28922, 40.393451], [141.288941, 40.393715], [141.288842, 40.394629], [141.28834, 40.395043], [141.287505, 40.396202], [141.286755, 40.396756], [141.284871, 40.39674], [141.283084, 40.396151], [141.28219, 40.395648], [141.281604, 40.395], [141.280723, 40.394638], [141.280024, 40.39478], [141.278612, 40.393626], [141.276873, 40.393308], [141.275775, 40.39327], [141.273015, 40.392552], [141.272364, 40.392295], [141.271214, 40.392505], [141.269894, 40.393186], [141.26921, 40.394546], [141.267324, 40.396978], [141.265845, 40.399146], [141.265163, 40.400438], [141.264169, 40.401874], [141.263784, 40.403259], [141.261196, 40.40229], [141.259347, 40.401442], [141.258934, 40.401078], [141.257606, 40.401632], [141.255999, 40.401522], [141.255558, 40.401747], [141.25473, 40.402669], [141.253442, 40.403239], [141.253447, 40.404077], [141.253987, 40.404816], [141.254483, 40.406022], [141.254185, 40.406252], [141.252721, 40.405698], [141.252223, 40.405105], [141.252188, 40.404274], [141.2525, 40.404204], [141.252693, 40.403415], [141.252138, 40.403172], [141.250907, 40.403045], [141.249436, 40.403443], [141.248639, 40.403449], [141.248036, 40.403784], [141.246458, 40.403027], [141.244226, 40.402823], [141.243151, 40.402387], [141.241326, 40.401949], [141.239565, 40.401945], [141.239058, 40.40243], [141.238376, 40.402333], [141.236223, 40.401056], [141.235657, 40.400888], [141.234921, 40.401159], [141.234383, 40.400849], [141.233725, 40.401169], [141.232405, 40.401173], [141.231538, 40.400568], [141.230001, 40.400252], [141.228609, 40.400877], [141.227652, 40.400489], [141.224634, 40.399858], [141.223469, 40.400459], [141.223097, 40.40096], [141.223128, 40.401827], [141.222385, 40.402778], [141.221321, 40.403856], [141.220641, 40.404215], [141.220258, 40.404951], [141.219885, 40.404969], [141.218257, 40.405756], [141.217372, 40.406872], [141.216917, 40.407798], [141.216897, 40.409052], [141.216231, 40.410214], [141.215538, 40.411049], [141.213486, 40.411819], [141.212137, 40.413773], [141.211016, 40.414058], [141.212767, 40.414394], [141.214054, 40.414932], [141.216534, 40.414905], [141.217562, 40.415102], [141.218733, 40.415921], [141.219491, 40.416184], [141.220838, 40.416174], [141.22244, 40.417377], [141.222857, 40.418128], [141.224789, 40.418454], [141.226529, 40.417339], [141.229488, 40.417396], [141.230257, 40.417485], [141.231017, 40.418012], [141.232888, 40.418415], [141.234071, 40.419126], [141.2355, 40.420342], [141.236413, 40.421307], [141.236894, 40.421385], [141.23774, 40.421027], [141.238865, 40.42092], [141.239973, 40.421264], [141.241252, 40.421034], [141.241894, 40.42048], [141.242419, 40.42037], [141.243136, 40.420916], [141.243059, 40.421693], [141.243756, 40.422809], [141.244753, 40.423354], [141.245129, 40.424043], [141.246997, 40.424734], [141.248213, 40.424838], [141.249815, 40.424577], [141.250431, 40.424751], [141.251283, 40.426717], [141.251786, 40.4272], [141.253125, 40.427357], [141.25393, 40.427685], [141.255044, 40.427797], [141.255945, 40.427692], [141.25881, 40.428928], [141.259767, 40.429114], [141.261244, 40.428847], [141.262245, 40.428372], [141.263061, 40.428453], [141.264149, 40.428116], [141.26569, 40.429545], [141.265921, 40.430937], [141.268144, 40.432255], [141.268183, 40.433265], [141.269084, 40.434376], [141.271453, 40.435939], [141.272532, 40.436005], [141.273559, 40.434926], [141.274938, 40.434725], [141.27646, 40.433942], [141.277089, 40.433928], [141.277406, 40.43256], [141.279683, 40.431467], [141.279967, 40.43065], [141.281799, 40.429958], [141.282091, 40.429733], [141.281853, 40.428784], [141.282946, 40.427842], [141.283899, 40.42763], [141.283477, 40.427242], [141.283575, 40.426775], [141.285739, 40.426332], [141.286353, 40.426918], [141.286969, 40.427056], [141.288584, 40.426731], [141.288969, 40.426269], [141.291515, 40.426513], [141.292453, 40.425995], [141.293423, 40.425887], [141.294361, 40.427093], [141.294937, 40.427249], [141.294846, 40.428329], [141.295908, 40.428859], [141.296006, 40.429544], [141.295348, 40.430785], [141.294546, 40.431886], [141.29263, 40.433827], [141.293054, 40.434458], [141.293707, 40.434931], [141.292883, 40.435625], [141.291884, 40.435918], [141.290982, 40.437109], [141.289893, 40.438104], [141.288178, 40.439227], [141.287605, 40.439854], [141.287524, 40.440533], [141.285398, 40.442079], [141.285247, 40.442589], [141.285702, 40.443139], [141.287286, 40.444121], [141.288569, 40.444464], [141.288801, 40.444839], [141.289596, 40.44509], [141.290575, 40.446059], [141.290918, 40.446829], [141.29134, 40.447094], [141.293587, 40.447314], [141.294918, 40.447611], [141.295945, 40.44849], [141.296017, 40.448969], [141.295571, 40.44992], [141.296655, 40.450875], [141.29761, 40.451366], [141.29765, 40.452556], [141.297857, 40.452989], [141.298749, 40.453584], [141.29977, 40.455257], [141.299953, 40.456008], [141.300827, 40.456886], [141.301267, 40.457023], [141.302781, 40.458464], [141.303426, 40.458677], [141.306149, 40.458561], [141.307067, 40.459447], [141.309329, 40.459769], [141.311199, 40.460591], [141.311702, 40.461005], [141.312769, 40.462543], [141.31453, 40.463687], [141.315374, 40.464087], [141.316626, 40.464398], [141.318481, 40.466246], [141.31884, 40.467036], [141.319054, 40.468121], [141.321102, 40.467075], [141.321445, 40.467146], [141.321906, 40.466648], [141.322854, 40.466175], [141.323858, 40.46509], [141.324677, 40.467036], [141.324345, 40.468042], [141.32313, 40.469106], [141.322929, 40.469944], [141.322245, 40.470816], [141.322267, 40.472185], [141.321434, 40.47324], [141.321145, 40.474029], [141.320643, 40.474633], [141.319882, 40.47605], [141.321086, 40.476368], [141.322894, 40.476372], [141.324163, 40.476626], [141.324872, 40.476951], [141.32594, 40.476971], [141.327103, 40.47777], [141.327759, 40.477986], [141.328377, 40.478911], [141.329588, 40.479457], [141.330479, 40.480142], [141.33176, 40.480181], [141.334553, 40.48076], [141.335532, 40.481201], [141.336295, 40.48132], [141.337217, 40.481128], [141.338384, 40.482111], [141.33998, 40.483179], [141.340841, 40.483452], [141.341975, 40.48407], [141.343044, 40.484195], [141.344431, 40.485272], [141.345996, 40.486211], [141.346785, 40.486446], [141.347635, 40.487605], [141.34854, 40.488179], [141.350055, 40.488256], [141.351412, 40.488858], [141.353573, 40.49002], [141.354991, 40.491093], [141.357192, 40.491979], [141.358473, 40.492173], [141.358908, 40.492635], [141.360451, 40.493033], [141.362251, 40.49383], [141.363622, 40.494763], [141.365217, 40.4947], [141.366434, 40.495483], [141.368447, 40.495831], [141.369109, 40.497282], [141.370753, 40.498385], [141.371232, 40.498361], [141.373646, 40.499816], [141.374254, 40.500396], [141.374918, 40.500101], [141.375419, 40.500384], [141.376623, 40.501721], [141.377318, 40.502252], [141.378013, 40.502481], [141.380622, 40.504062], [141.381239, 40.504246], [141.381068, 40.502952], [141.381733, 40.501663], [141.382163, 40.500313], [141.382054, 40.498913], [141.382336, 40.497435], [141.38203, 40.495628], [141.381195, 40.49431], [141.381291, 40.493469], [141.383741, 40.491807], [141.384641, 40.490962], [141.385028, 40.489375], [141.38741, 40.48909], [141.388372, 40.488821], [141.390474, 40.487956], [141.391596, 40.487637], [141.393906, 40.483633], [141.393608, 40.481513], [141.393239, 40.481099], [141.393136, 40.480162], [141.393779, 40.479787], [141.394299, 40.479169], [141.397029, 40.47812], [141.398161, 40.477413], [141.398803, 40.476603], [141.399054, 40.475725], [141.400276, 40.475305], [141.400707, 40.473915], [141.401244, 40.473325], [141.404048, 40.474645], [141.404898, 40.473972], [141.407241, 40.475076], [141.408238, 40.475242], [141.408771, 40.475037], [141.40883, 40.474059], [141.408205, 40.47309], [141.408043, 40.472343], [141.409564, 40.470817], [141.41097, 40.470161], [141.411986, 40.470109], [141.413048, 40.4703], [141.414438, 40.470833], [141.414971, 40.47128], [141.415692, 40.47275], [141.416606, 40.474148], [141.417465, 40.475753], [141.418149, 40.476535], [141.418601, 40.476566], [141.41958, 40.475891], [141.422631, 40.472498], [141.422083, 40.472161], [141.422262, 40.470804], [141.423678, 40.47], [141.423566, 40.468811], [141.425444, 40.467436], [141.425063, 40.467111], [141.424978, 40.46638], [141.424334, 40.465823], [141.424554, 40.465335], [141.425317, 40.464616], [141.424369, 40.464438], [141.423833, 40.464023], [141.42314, 40.464324], [141.423173, 40.463565], [141.423582, 40.463285], [141.424108, 40.46345], [141.424347, 40.463008], [141.425387, 40.462597], [141.425935, 40.461487], [141.426834, 40.46021], [141.42762, 40.460073], [141.427354, 40.459564], [141.427937, 40.459013], [141.429664, 40.458242], [141.430394, 40.458484], [141.431563, 40.458516], [141.432175, 40.458154], [141.43355, 40.458164], [141.435239, 40.457499], [141.435921, 40.456823], [141.437387, 40.45499], [141.438377, 40.454697], [141.439798, 40.453996], [141.441391, 40.452754], [141.442975, 40.452334], [141.444317, 40.452156], [141.445589, 40.451577], [141.446116, 40.450826], [141.446776, 40.45047], [141.447215, 40.450603], [141.448179, 40.449973], [141.448817, 40.44993], [141.450616, 40.449367], [141.451059, 40.449008], [141.453208, 40.448865], [141.453496, 40.448347], [141.453256, 40.447959], [141.452126, 40.445292], [141.450915, 40.444188], [141.448172, 40.442391], [141.446313, 40.441384], [141.445692, 40.440609], [141.443963, 40.438841], [141.443738, 40.437239], [141.443989, 40.436291], [141.44409, 40.434806], [141.443063, 40.432526], [141.440532, 40.429649], [141.440123, 40.429405], [141.437842, 40.42942], [141.434671, 40.429239], [141.432522, 40.428372], [141.430304, 40.428087], [141.427406, 40.428117], [141.424294, 40.427341], [141.422712, 40.427391], [141.42113, 40.427105], [141.419781, 40.4273], [141.417736, 40.42614], [141.416232, 40.425632], [141.416038, 40.425324], [141.413905, 40.42557], [141.41274, 40.425324], [141.411761, 40.425693], [141.410465, 40.425459], [141.408144, 40.425296], [141.405917, 40.42453], [141.40386, 40.423628], [141.40148, 40.422743], [141.399028, 40.422624], [141.397885, 40.422841], [141.396924, 40.423245], [141.395947, 40.423397], [141.397369, 40.421512], [141.398211, 40.42014], [141.398491, 40.418974], [141.399131, 40.417573], [141.401229, 40.414939], [141.400519, 40.413802], [141.398558, 40.412835], [141.398069, 40.412029], [141.396205, 40.410369], [141.394751, 40.409204], [141.393971, 40.408437], [141.391241, 40.407822], [141.389386, 40.407927], [141.387581, 40.406353], [141.387295, 40.405681], [141.387603, 40.404931], [141.388328, 40.40399], [141.390118, 40.40242], [141.388534, 40.400344], [141.387087, 40.399884], [141.38637, 40.399963], [141.384676, 40.399534], [141.383339, 40.399743], [141.382865, 40.39935], [141.38349, 40.399082], [141.384867, 40.398921], [141.385065, 40.398023], [141.384143, 40.397741], [141.383708, 40.397179], [141.383603, 40.396469], [141.384742, 40.395714], [141.385747, 40.394464], [141.387664, 40.39364], [141.388265, 40.39358], [141.389172, 40.393091], [141.388726, 40.392716], [141.387472, 40.393162], [141.385415, 40.393059], [141.384318, 40.39315], [141.38401, 40.392727], [141.383826, 40.391686], [141.383944, 40.390687], [141.386211, 40.389527], [141.386261, 40.389325], [141.38529, 40.388155], [141.38538, 40.387831], [141.386941, 40.387484], [141.386746, 40.385975], [141.386189, 40.385525], [141.38668, 40.384814], [141.386276, 40.384153], [141.385258, 40.383856], [141.385214, 40.382535], [141.384458, 40.38034], [141.384526, 40.379575], [141.385096, 40.378733], [141.384768, 40.377617], [141.383929, 40.377894], [141.381971, 40.378048], [141.380321, 40.378507], [141.378297, 40.379982], [141.376632, 40.380662], [141.375019, 40.380804], [141.373509, 40.381072], [141.372591, 40.381077], [141.371443, 40.38143], [141.368801, 40.381622], [141.367669, 40.381058], [141.366872, 40.381046], [141.365807, 40.380504], [141.364269, 40.38069], [141.363679, 40.380567], [141.36358, 40.379649], [141.364054, 40.379028], [141.365318, 40.378554], [141.366338, 40.378727], [141.367252, 40.378452], [141.368065, 40.378685], [141.368692, 40.379494], [141.370537, 40.380166], [141.37095, 40.380064], [141.371111, 40.379468], [141.371553, 40.379206], [141.372724, 40.379159], [141.374011, 40.378412], [141.374656, 40.377754], [141.375803, 40.377553], [141.376531, 40.377628], [141.376835, 40.377315], [141.377939, 40.376861], [141.379187, 40.376783], [141.382196, 40.375929], [141.383765, 40.375225], [141.384279, 40.373985], [141.384211, 40.372991], [141.383494, 40.371253], [141.383765, 40.370891], [141.383064, 40.37012], [141.383223, 40.369287], [141.382126, 40.368271], [141.382021, 40.367726], [141.38154, 40.367383], [141.379569, 40.366839], [141.378913, 40.366035], [141.378037, 40.365571], [141.376925, 40.365807], [141.375668, 40.365412], [141.374931, 40.365342], [141.372788, 40.365532], [141.37289, 40.364132], [141.373133, 40.363814], [141.374687, 40.363428], [141.37517, 40.363464], [141.376061, 40.363115], [141.376717, 40.363373], [141.378378, 40.363502], [141.37923, 40.363373], [141.380424, 40.36344], [141.381208, 40.363923], [141.38194, 40.363937], [141.38314, 40.364444], [141.384331, 40.365424], [141.385328, 40.365588], [141.386617, 40.365307], [141.387721, 40.364646], [141.388641, 40.363593], [141.389447, 40.363385], [141.389939, 40.362663], [141.390776, 40.362051], [141.391622, 40.361892], [141.391644, 40.361285], [141.393099, 40.360686]]]]}}, {"type": "Feature", "properties": {"N03_001": "青森県", "N03_002": null, "N03_003": "三戸郡", "N03_004": "階上町", "N03_007": "02446", "id": "gci:02446A1980", "code": "02446", "name": "階上町"}, "geometry": {"type": "MultiPolygon", "coordinates": [[[[141.675, 40.45589], [141.675057, 40.455633], [141.673951, 40.456525], [141.674119, 40.456639], [141.675, 40.45589]]], [[[141.646524, 40.474702], [141.647186, 40.474202], [141.647439, 40.472119], [141.64841, 40.471267], [141.648423, 40.470718], [141.649177, 40.470209], [141.650307, 40.470181], [141.650532, 40.46982], [141.652387, 40.468998], [141.653714, 40.468679], [141.653605, 40.468354], [141.655285, 40.467615], [141.656411, 40.468212], [141.656605, 40.467805], [141.655735, 40.467328], [141.656238, 40.466798], [141.657147, 40.467065], [141.656247, 40.46657], [141.657005, 40.465818], [141.657731, 40.465759], [141.658841, 40.46599], [141.65935, 40.46576], [141.660257, 40.466128], [141.661284, 40.465522], [141.661057, 40.465177], [141.661367, 40.464534], [141.66123, 40.463749], [141.660777, 40.463275], [141.661916, 40.46275], [141.662506, 40.463512], [141.663201, 40.463566], [141.663229, 40.463018], [141.662447, 40.462935], [141.662191, 40.462525], [141.662716, 40.462027], [141.663264, 40.461915], [141.663162, 40.461483], [141.663892, 40.461156], [141.664705, 40.46125], [141.666086, 40.460006], [141.666171, 40.459547], [141.665786, 40.459151], [141.666031, 40.458676], [141.666811, 40.458203], [141.666947, 40.458454], [141.668523, 40.457833], [141.668175, 40.457201], [141.668549, 40.456538], [141.669043, 40.456407], [141.669862, 40.456798], [141.669513, 40.457638], [141.67045, 40.45605], [141.671038, 40.45653], [141.671711, 40.455557], [141.672107, 40.455553], [141.672268, 40.45471], [141.673147, 40.454631], [141.673003, 40.453832], [141.673813, 40.453619], [141.673829, 40.453877], [141.675592, 40.453814], [141.67563, 40.454446], [141.674237, 40.454699], [141.676172, 40.454603], [141.676115, 40.453657], [141.677784, 40.453159], [141.678326, 40.452758], [141.679032, 40.452629], [141.679343, 40.45299], [141.680671, 40.452696], [141.680934, 40.452137], [141.682525, 40.451884], [141.682866, 40.451278], [141.68259, 40.450255], [141.68011, 40.449335], [141.679616, 40.44955], [141.678833, 40.449202], [141.677811, 40.449418], [141.677277, 40.449286], [141.676032, 40.448536], [141.676252, 40.44772], [141.675763, 40.447043], [141.674725, 40.446841], [141.674209, 40.446415], [141.673971, 40.445453], [141.674012, 40.444769], [141.674747, 40.44388], [141.674808, 40.443503], [141.673868, 40.443127], [141.673575, 40.442598], [141.672598, 40.442199], [141.672531, 40.44157], [141.67191, 40.440246], [141.670935, 40.439719], [141.669947, 40.437244], [141.669008, 40.436789], [141.66757, 40.435813], [141.66705, 40.435843], [141.666066, 40.435405], [141.663712, 40.434822], [141.662121, 40.434077], [141.66107, 40.433858], [141.661112, 40.432637], [141.660567, 40.431742], [141.659971, 40.431176], [141.658109, 40.430547], [141.657449, 40.430002], [141.655751, 40.429709], [141.655274, 40.429355], [141.654955, 40.428588], [141.654343, 40.428463], [141.653305, 40.427915], [141.652357, 40.427654], [141.651098, 40.427963], [141.650388, 40.427822], [141.649892, 40.428111], [141.64837, 40.428066], [141.646895, 40.42824], [141.645381, 40.427261], [141.644539, 40.426443], [141.643801, 40.425972], [141.642275, 40.425353], [141.641934, 40.424516], [141.640922, 40.424007], [141.639893, 40.423137], [141.639351, 40.422873], [141.637535, 40.422679], [141.63592, 40.422175], [141.634725, 40.421488], [141.632624, 40.421169], [141.631335, 40.420254], [141.630743, 40.420244], [141.629316, 40.420827], [141.628435, 40.420437], [141.62739, 40.420627], [141.623054, 40.420689], [141.621763, 40.420572], [141.620633, 40.420819], [141.619352, 40.420795], [141.615991, 40.420144], [141.615563, 40.419705], [141.614559, 40.419283], [141.614354, 40.418403], [141.613349, 40.417562], [141.613698, 40.416597], [141.613268, 40.415896], [141.612551, 40.415441], [141.611067, 40.414975], [141.609454, 40.415188], [141.607138, 40.414428], [141.605785, 40.41386], [141.604314, 40.414371], [141.60252, 40.414288], [141.601361, 40.414067], [141.59908, 40.413183], [141.597911, 40.413152], [141.596077, 40.412251], [141.595124, 40.412133], [141.593634, 40.410424], [141.593468, 40.409171], [141.592089, 40.409104], [141.591064, 40.408454], [141.590648, 40.407758], [141.589704, 40.406915], [141.588179, 40.406829], [141.586922, 40.40696], [141.585692, 40.404779], [141.585552, 40.404206], [141.58584, 40.402804], [141.585517, 40.40185], [141.585058, 40.401135], [141.583279, 40.399603], [141.581854, 40.39926], [141.58124, 40.398426], [141.581529, 40.396622], [141.581102, 40.394901], [141.581502, 40.393913], [141.581091, 40.392003], [141.581223, 40.391761], [141.582656, 40.391498], [141.583039, 40.391261], [141.584568, 40.389547], [141.584005, 40.387591], [141.583312, 40.386083], [141.582735, 40.385141], [141.583246, 40.383692], [141.583806, 40.382666], [141.584527, 40.381995], [141.586361, 40.381061], [141.58676, 40.380708], [141.585609, 40.37834], [141.584026, 40.377774], [141.581699, 40.376754], [141.580921, 40.37609], [141.580879, 40.375636], [141.581389, 40.373872], [141.578613, 40.372222], [141.576773, 40.370701], [141.574775, 40.370104], [141.57271, 40.369605], [141.572291, 40.369349], [141.572002, 40.368506], [141.572312, 40.367093], [141.571884, 40.365855], [141.569659, 40.365421], [141.567959, 40.363804], [141.564421, 40.362059], [141.563947, 40.361569], [141.56064, 40.360657], [141.558055, 40.360762], [141.556652, 40.361299], [141.55602, 40.36123], [141.554794, 40.360374], [141.553699, 40.358658], [141.551566, 40.361292], [141.550707, 40.363081], [141.549903, 40.364372], [141.549925, 40.365824], [141.548909, 40.366318], [141.54824, 40.366903], [141.547921, 40.368338], [141.547545, 40.36885], [141.546511, 40.369533], [141.545165, 40.370913], [141.545475, 40.371115], [141.545235, 40.371739], [141.545193, 40.372746], [141.545709, 40.373686], [141.545176, 40.374401], [141.544452, 40.374706], [141.543788, 40.375294], [141.54362, 40.376046], [141.543047, 40.376297], [141.542997, 40.376761], [141.542101, 40.378598], [141.542798, 40.379297], [141.542529, 40.379526], [141.540446, 40.379466], [141.539533, 40.379763], [141.538486, 40.380583], [141.537839, 40.382644], [141.538071, 40.383541], [141.537675, 40.384289], [141.536655, 40.385209], [141.535697, 40.385762], [141.5345, 40.386816], [141.533755, 40.389036], [141.531731, 40.390329], [141.531313, 40.390948], [141.52934, 40.393036], [141.5292, 40.393396], [141.526702, 40.395396], [141.523634, 40.397108], [141.523131, 40.398077], [141.521759, 40.400304], [141.521046, 40.402447], [141.520338, 40.403453], [141.520045, 40.404436], [141.520205, 40.406424], [141.519796, 40.407423], [141.52008, 40.40873], [141.520004, 40.409307], [141.519027, 40.409721], [141.519757, 40.411452], [141.520004, 40.411661], [141.519123, 40.412815], [141.518933, 40.4153], [141.519221, 40.416469], [141.519761, 40.417293], [141.520878, 40.418577], [141.52133, 40.420851], [141.521625, 40.423115], [141.521984, 40.423807], [141.522146, 40.425606], [141.521783, 40.426832], [141.521767, 40.427698], [141.521134, 40.429349], [141.521204, 40.431478], [141.521101, 40.433155], [141.52135, 40.433941], [141.521494, 40.435917], [141.52126, 40.437298], [141.52128, 40.43921], [141.520882, 40.441736], [141.520699, 40.443685], [141.520432, 40.445132], [141.519774, 40.447061], [141.519615, 40.449198], [141.519798, 40.453161], [141.519162, 40.455007], [141.518771, 40.456841], [141.521027, 40.457489], [141.521774, 40.458219], [141.522928, 40.458769], [141.525172, 40.459352], [141.525979, 40.459747], [141.52738, 40.459249], [141.530605, 40.459606], [141.532568, 40.459712], [141.533471, 40.459917], [141.534246, 40.458662], [141.535234, 40.457649], [141.536412, 40.457316], [141.536795, 40.456668], [141.536257, 40.455716], [141.536305, 40.454986], [141.537677, 40.454009], [141.537675, 40.452926], [141.538241, 40.452572], [141.539599, 40.45291], [141.54063, 40.45291], [141.544948, 40.454411], [141.545313, 40.454427], [141.547739, 40.451317], [141.548004, 40.451539], [141.547943, 40.452244], [141.548266, 40.452753], [141.549236, 40.453434], [141.549451, 40.454592], [141.549805, 40.45497], [141.549606, 40.455866], [141.551795, 40.45639], [141.552473, 40.45712], [141.552696, 40.458096], [141.551734, 40.45886], [141.552007, 40.459763], [141.551977, 40.460772], [141.552311, 40.461594], [141.552322, 40.462881], [141.552908, 40.464485], [141.553247, 40.464594], [141.554728, 40.464213], [141.556857, 40.463955], [141.557465, 40.464885], [141.558514, 40.465869], [141.558387, 40.467508], [141.557111, 40.468575], [141.557425, 40.469709], [141.5572, 40.471649], [141.556553, 40.473687], [141.556879, 40.474245], [141.562946, 40.476314], [141.565312, 40.476962], [141.568014, 40.4783], [141.570387, 40.479574], [141.571991, 40.479071], [141.574716, 40.479217], [141.576248, 40.479063], [141.57681, 40.478696], [141.579605, 40.477897], [141.580971, 40.477627], [141.582298, 40.477192], [141.584855, 40.476026], [141.58687, 40.47578], [141.588041, 40.476298], [141.591107, 40.476716], [141.594724, 40.477322], [141.594936, 40.476741], [141.594805, 40.476125], [141.594844, 40.473909], [141.595262, 40.471813], [141.594602, 40.470347], [141.593693, 40.469374], [141.593328, 40.467868], [141.59611, 40.466522], [141.597375, 40.466194], [141.598435, 40.465688], [141.600682, 40.463862], [141.602583, 40.463322], [141.604161, 40.463107], [141.605638, 40.463107], [141.608602, 40.463781], [141.610807, 40.464446], [141.612022, 40.464716], [141.61801, 40.466237], [141.61942, 40.466282], [141.621417, 40.467071], [141.62341, 40.467417], [141.623957, 40.468105], [141.625006, 40.468519], [141.62567, 40.469357], [141.626118, 40.47024], [141.627561, 40.471057], [141.627646, 40.471738], [141.628398, 40.471801], [141.628671, 40.472126], [141.629464, 40.472177], [141.630749, 40.473658], [141.630675, 40.474168], [141.63139, 40.474514], [141.632286, 40.474617], [141.633195, 40.474437], [141.633925, 40.47397], [141.63573, 40.473875], [141.637043, 40.47395], [141.637961, 40.474213], [141.639345, 40.473487], [141.640549, 40.473725], [141.641735, 40.473713], [141.643541, 40.473491], [141.643842, 40.474057], [141.644249, 40.474073], [141.646524, 40.474702]]]]}}, {"type": "Feature", "properties": {"OBJECTID": 2307, "N03_001": "青森県", "N03_002": null, "N03_003": "三戸郡", "N03_004": "新郷村", "N03_007": "02450", "Shape_Leng": 0.741816335910362, "Shape_Area": 0.016004823253836, "id": "gci:02450A1968", "code": "02450", "name": "新郷村"}, "geometry": {"type": "MultiPolygon", "coordinates": [[[[141.184966, 40.495846], [141.185573, 40.49556], [141.185366, 40.494912], [141.184225, 40.494101], [141.184059, 40.493547], [141.183493, 40.49314], [141.18009, 40.491686], [141.178556, 40.491152], [141.177491, 40.490144], [141.17693, 40.490017], [141.175446, 40.488821], [141.175857, 40.488356], [141.178431, 40.487162], [141.180291, 40.486892], [141.181974, 40.484967], [141.183233, 40.483979], [141.183884, 40.482839], [141.183622, 40.480995], [141.183689, 40.479603], [141.184131, 40.478144], [141.185243, 40.477061], [141.186058, 40.4768], [141.188403, 40.476592], [141.189894, 40.476612], [141.190692, 40.474716], [141.191238, 40.474089], [141.192049, 40.471988], [141.193203, 40.472005], [141.193397, 40.47087], [141.194453, 40.470311], [141.194802, 40.468782], [141.19466, 40.467825], [141.19503, 40.467111], [141.195148, 40.466051], [141.195729, 40.464784], [141.195032, 40.462872], [141.19534, 40.46126], [141.194064, 40.460089], [141.193391, 40.459042], [141.192392, 40.458286], [141.192014, 40.457241], [141.192272, 40.456606], [141.193244, 40.456171], [141.195017, 40.455935], [141.195895, 40.455419], [141.196369, 40.455449], [141.199523, 40.456435], [141.201802, 40.456277], [141.202952, 40.456818], [141.204711, 40.457124], [141.204606, 40.456821], [141.206278, 40.456378], [141.206259, 40.456837], [141.206772, 40.457319], [141.209213, 40.457883], [141.209908, 40.458288], [141.211884, 40.459068], [141.212181, 40.458708], [141.213064, 40.458958], [141.213713, 40.459514], [141.214906, 40.459966], [141.216296, 40.460293], [141.218141, 40.459957], [141.219524, 40.45991], [141.221841, 40.459487], [141.222503, 40.459785], [141.222813, 40.458994], [141.222667, 40.458512], [141.224114, 40.457349], [141.226494, 40.455694], [141.228074, 40.455303], [141.229367, 40.454595], [141.231063, 40.453966], [141.231688, 40.453349], [141.231649, 40.452596], [141.232018, 40.451053], [141.232995, 40.449689], [141.232901, 40.448764], [141.233417, 40.448809], [141.233937, 40.446472], [141.233325, 40.44439], [141.235294, 40.444212], [141.236846, 40.444341], [141.23783, 40.444678], [141.238387, 40.444025], [141.237521, 40.443119], [141.236614, 40.442834], [141.236461, 40.442053], [141.23503, 40.440483], [141.234647, 40.439623], [141.233633, 40.43812], [141.232453, 40.437242], [141.230753, 40.43535], [141.230209, 40.434933], [141.229658, 40.434135], [141.229182, 40.434], [141.226282, 40.43228], [141.224977, 40.431795], [141.222269, 40.430437], [141.224033, 40.428556], [141.224527, 40.42823], [141.224957, 40.427159], [141.225394, 40.426796], [141.225366, 40.426281], [141.225785, 40.426037], [141.225777, 40.425455], [141.226227, 40.423999], [141.226804, 40.423972], [141.22669, 40.423441], [141.227752, 40.423695], [141.228725, 40.423307], [141.230239, 40.423446], [141.231356, 40.422674], [141.229888, 40.422576], [141.22996, 40.421765], [141.22968, 40.420567], [141.229995, 40.419875], [141.231848, 40.418424], [141.232834, 40.418731], [141.233282, 40.419089], [141.234071, 40.419126], [141.232888, 40.418415], [141.231017, 40.418012], [141.230257, 40.417485], [141.229488, 40.417396], [141.226529, 40.417339], [141.224789, 40.418454], [141.222857, 40.418128], [141.22244, 40.417377], [141.220838, 40.416174], [141.219491, 40.416184], [141.218733, 40.415921], [141.217562, 40.415102], [141.216534, 40.414905], [141.214054, 40.414932], [141.212767, 40.414394], [141.211016, 40.414058], [141.210391, 40.414729], [141.208859, 40.414941], [141.208177, 40.414535], [141.207509, 40.414573], [141.206634, 40.414956], [141.206648, 40.416139], [141.205883, 40.416382], [141.204608, 40.417803], [141.204799, 40.418206], [141.204322, 40.418744], [141.202438, 40.418007], [141.201829, 40.41723], [141.199645, 40.41634], [141.198223, 40.416004], [141.198037, 40.416386], [141.195869, 40.416489], [141.19468, 40.416217], [141.19202, 40.417027], [141.190711, 40.416716], [141.189527, 40.417361], [141.188327, 40.417317], [141.186718, 40.416779], [141.185127, 40.416609], [141.183294, 40.416212], [141.18172, 40.416099], [141.181229, 40.416238], [141.179498, 40.416123], [141.178374, 40.416623], [141.177644, 40.416236], [141.17597, 40.416036], [141.175369, 40.416307], [141.174543, 40.417273], [141.174991, 40.417889], [141.174996, 40.418388], [141.174458, 40.418806], [141.17432, 40.419389], [141.173245, 40.420038], [141.173866, 40.420985], [141.172714, 40.421279], [141.172061, 40.420863], [141.171794, 40.420255], [141.171252, 40.420045], [141.169545, 40.420779], [141.168693, 40.420888], [141.16701, 40.420096], [141.166129, 40.419449], [141.165323, 40.419668], [141.165056, 40.420174], [141.164071, 40.420682], [141.163334, 40.420108], [141.162783, 40.420394], [141.162499, 40.420922], [141.161249, 40.420736], [141.16055, 40.420243], [141.159365, 40.420291], [141.158288, 40.419937], [141.157403, 40.420247], [141.156767, 40.42114], [141.155949, 40.421029], [141.155064, 40.421699], [141.154195, 40.421829], [141.152778, 40.421599], [141.151773, 40.421578], [141.150156, 40.42181], [141.149703, 40.421188], [141.148899, 40.420832], [141.14775, 40.420634], [141.146738, 40.42067], [141.145995, 40.42037], [141.145062, 40.4205], [141.144579, 40.420278], [141.143497, 40.420303], [141.142861, 40.419906], [141.142078, 40.419735], [141.140647, 40.418587], [141.138999, 40.417929], [141.138075, 40.417914], [141.137096, 40.41729], [141.136363, 40.417197], [141.134777, 40.416257], [141.134401, 40.415897], [141.133879, 40.415961], [141.133791, 40.415367], [141.133015, 40.414962], [141.131595, 40.414856], [141.130718, 40.415091], [141.130587, 40.415426], [141.129372, 40.415662], [141.129014, 40.415438], [141.127956, 40.415632], [141.126369, 40.415608], [141.125465, 40.416131], [141.123362, 40.416384], [141.12289, 40.416074], [141.121992, 40.415915], [141.120971, 40.41676], [141.119916, 40.416669], [141.118001, 40.41579], [141.117809, 40.415497], [141.11638, 40.415426], [141.115739, 40.415156], [141.112505, 40.414394], [141.11228, 40.413983], [141.112664, 40.413525], [141.112295, 40.413147], [141.109496, 40.412477], [141.108702, 40.412065], [141.107483, 40.411753], [141.106969, 40.410747], [141.106314, 40.410078], [141.105068, 40.409882], [141.104434, 40.409513], [141.103142, 40.408368], [141.102585, 40.40719], [141.101436, 40.407117], [141.096562, 40.405816], [141.095896, 40.405317], [141.094044, 40.405832], [141.093481, 40.405836], [141.091035, 40.408032], [141.089964, 40.408619], [141.088329, 40.410061], [141.08713, 40.410427], [141.086299, 40.411163], [141.084584, 40.41241], [141.08357, 40.412227], [141.081764, 40.411623], [141.080458, 40.41189], [141.078746, 40.411603], [141.077398, 40.411965], [141.076751, 40.411886], [141.073713, 40.411969], [141.070761, 40.411828], [141.069843, 40.411607], [141.067767, 40.410443], [141.065926, 40.410082], [141.064322, 40.409486], [141.061206, 40.408813], [141.059814, 40.408874], [141.057764, 40.408584], [141.053246, 40.408621], [141.051916, 40.408047], [141.05008, 40.407482], [141.049184, 40.406318], [141.048143, 40.405418], [141.048133, 40.405157], [141.046703, 40.404034], [141.046026, 40.402923], [141.043069, 40.401394], [141.041854, 40.400932], [141.04028, 40.401028], [141.038348, 40.401643], [141.037277, 40.4026], [141.036349, 40.402941], [141.033883, 40.404433], [141.033376, 40.405165], [141.033505, 40.406138], [141.03248, 40.406013], [141.032198, 40.405371], [141.031866, 40.405445], [141.03167, 40.4066], [141.031025, 40.406399], [141.030358, 40.406948], [141.02762, 40.407144], [141.026473, 40.406557], [141.025094, 40.407801], [141.023535, 40.40828], [141.022423, 40.408172], [141.021081, 40.407672], [141.020323, 40.407564], [141.018996, 40.407672], [141.016686, 40.40709], [141.015287, 40.406466], [141.01364, 40.406778], [141.01207, 40.407755], [141.011037, 40.408212], [141.006366, 40.40998], [141.004275, 40.410067], [141.002476, 40.408774], [140.999458, 40.40802], [140.997504, 40.407294], [140.996635, 40.407178], [140.996034, 40.406804], [140.995295, 40.405848], [140.994738, 40.405456], [140.993826, 40.404298], [140.993179, 40.404115], [140.99187, 40.403021], [140.990802, 40.402514], [140.989552, 40.403585], [140.986968, 40.406354], [140.984741, 40.407575], [140.983732, 40.408404], [140.982543, 40.411559], [140.982543, 40.412036], [140.982737, 40.413511], [140.981546, 40.415433], [140.980148, 40.415542], [140.979228, 40.41517], [140.97876, 40.41598], [140.979105, 40.417153], [140.979702, 40.417709], [140.982184, 40.418723], [140.983402, 40.419963], [140.98484, 40.420904], [140.98555, 40.421714], [140.985283, 40.423667], [140.985139, 40.426155], [140.985174, 40.42708], [140.985364, 40.427767], [140.986033, 40.428685], [140.987705, 40.429699], [140.988404, 40.430299], [140.989239, 40.430672], [140.990786, 40.431119], [140.991446, 40.43152], [140.99168, 40.432545], [140.992508, 40.433289], [140.994261, 40.433542], [140.994969, 40.433945], [140.99495, 40.434744], [140.995544, 40.435328], [140.995953, 40.436302], [140.995819, 40.437175], [140.996099, 40.437789], [140.99618, 40.438682], [140.996864, 40.438986], [140.997585, 40.439738], [140.998606, 40.441588], [140.998418, 40.442459], [140.998658, 40.443151], [140.999491, 40.443977], [141.001154, 40.445159], [141.000877, 40.446824], [141.001443, 40.447987], [141.001209, 40.449226], [141.001429, 40.452748], [141.00101, 40.454079], [141.001165, 40.454707], [141.002181, 40.455461], [141.005737, 40.458417], [141.007761, 40.459158], [141.009537, 40.460195], [141.010757, 40.460527], [141.012103, 40.461378], [141.013642, 40.463397], [141.015974, 40.464818], [141.017311, 40.466075], [141.018144, 40.466668], [141.018666, 40.467491], [141.018662, 40.468682], [141.019901, 40.468445], [141.021877, 40.469069], [141.023666, 40.469984], [141.025131, 40.470948], [141.026993, 40.471819], [141.029674, 40.473768], [141.031086, 40.47451], [141.03266, 40.474723], [141.033748, 40.475136], [141.035951, 40.474868], [141.038663, 40.474787], [141.040567, 40.475512], [141.043073, 40.476139], [141.044354, 40.475784], [141.045508, 40.475673], [141.047151, 40.476009], [141.048605, 40.477231], [141.049732, 40.477734], [141.050423, 40.477836], [141.051443, 40.477323], [141.052464, 40.477034], [141.054138, 40.476973], [141.055362, 40.477124], [141.056037, 40.477537], [141.057016, 40.478809], [141.05758, 40.479249], [141.058371, 40.479501], [141.059779, 40.479359], [141.061143, 40.479971], [141.062139, 40.479981], [141.063732, 40.479624], [141.065085, 40.479637], [141.06594, 40.47986], [141.066958, 40.479822], [141.06825, 40.480027], [141.069506, 40.480552], [141.06962, 40.481194], [141.069004, 40.481614], [141.067915, 40.481928], [141.067596, 40.482235], [141.067994, 40.483084], [141.069648, 40.483516], [141.071687, 40.484678], [141.07245, 40.484793], [141.074172, 40.485354], [141.075936, 40.486725], [141.076952, 40.486845], [141.079192, 40.488135], [141.081465, 40.488335], [141.082385, 40.489043], [141.08303, 40.489292], [141.084422, 40.489518], [141.085029, 40.49008], [141.086255, 40.490737], [141.087182, 40.492559], [141.087294, 40.493144], [141.087862, 40.493579], [141.088476, 40.493227], [141.089289, 40.493207], [141.090699, 40.492467], [141.091446, 40.492568], [141.093343, 40.493564], [141.094305, 40.493638], [141.095443, 40.49347], [141.096258, 40.493796], [141.097161, 40.493738], [141.097786, 40.493057], [141.098332, 40.492871], [141.099185, 40.493046], [141.100168, 40.492823], [141.101176, 40.492902], [141.102404, 40.49267], [141.104126, 40.492619], [141.105459, 40.493838], [141.107183, 40.494375], [141.107518, 40.494717], [141.108127, 40.496088], [141.108503, 40.496361], [141.108857, 40.497161], [141.11059, 40.497274], [141.111882, 40.498666], [141.114026, 40.498527], [141.114747, 40.497881], [141.11681, 40.497181], [141.118384, 40.49651], [141.119203, 40.495793], [141.12001, 40.495643], [141.121096, 40.49575], [141.121985, 40.495407], [141.122722, 40.495502], [141.124136, 40.495328], [141.125406, 40.495625], [141.126077, 40.496107], [141.127923, 40.496436], [141.129298, 40.495985], [141.130089, 40.496212], [141.130887, 40.496092], [141.13158, 40.495441], [141.13276, 40.494647], [141.134619, 40.495332], [141.135107, 40.495336], [141.135815, 40.494858], [141.136836, 40.494852], [141.137255, 40.494532], [141.138529, 40.494727], [141.139423, 40.495056], [141.140112, 40.49587], [141.141071, 40.496206], [141.142026, 40.496194], [141.143182, 40.495214], [141.14401, 40.495303], [141.143836, 40.495904], [141.144587, 40.496096], [141.145542, 40.495691], [141.146528, 40.497092], [141.1478, 40.497737], [141.149181, 40.497344], [141.148982, 40.496439], [141.149994, 40.496916], [141.150506, 40.496859], [141.151196, 40.496378], [141.152031, 40.495483], [141.15395, 40.49534], [141.154435, 40.495481], [141.155233, 40.495094], [141.156472, 40.495061], [141.157162, 40.495475], [141.158498, 40.495268], [141.15926, 40.49485], [141.160683, 40.494654], [141.161232, 40.494283], [141.163109, 40.494105], [141.16425, 40.493499], [141.165122, 40.493698], [141.165926, 40.494327], [141.166298, 40.49377], [141.167465, 40.493917], [141.169029, 40.493383], [141.16979, 40.49356], [141.17095, 40.493472], [141.171938, 40.49373], [141.172828, 40.493041], [141.174969, 40.493405], [141.175623, 40.493975], [141.176287, 40.493964], [141.177443, 40.494445], [141.178564, 40.494348], [141.179316, 40.4947], [141.180514, 40.494421], [141.182085, 40.494838], [141.183036, 40.494908], [141.184824, 40.495427], [141.184966, 40.495846]]]]}}]}